lat,lon,alt
47.3843571,8.5451784,464.91
47.3843571,8.5451784,464.91
47.3843551,8.5451786,465.164
47.3843551,8.5451786,465.164
47.3843531,8.5451792,465.478
47.3843531,8.5451792,465.478
47.384351,8.54518,465.851
47.384351,8.54518,465.851
47.3843499,8.5451802,466.247
47.3843499,8.5451802,466.247
47.3843499,8.5451832,466.324
47.3843499,8.5451832,466.324
47.3843502,8.5451842,466.501
47.3843502,8.5451842,466.501
47.3843498,8.545184,466.894
47.3843498,8.545184,466.894
47.3843499,8.5451857,467.132
47.3843499,8.5451857,467.132
47.3843497,8.5451876,467.235
47.3843497,8.5451876,467.235
47.3843498,8.5451899,467.265
47.3843498,8.5451899,467.265
47.3843494,8.5451919,467.39
47.3843494,8.5451919,467.39
47.3843489,8.5451931,467.487
47.3843489,8.5451931,467.487
47.3843488,8.5451926,467.611
47.3843488,8.5451926,467.611
47.3843491,8.5451931,467.714
47.3843491,8.5451931,467.714
47.3843495,8.545194,467.741
47.3843495,8.545194,467.741
47.3843507,8.5451956,467.662
47.3843507,8.5451956,467.662
47.3843516,8.5451967,467.643
47.3843516,8.5451967,467.643
47.3843514,8.5451973,467.634
47.3843514,8.5451973,467.634
47.3843532,8.5452011,467.466
47.3843532,8.5452011,467.466
47.3843539,8.545201,467.508
47.3843539,8.545201,467.508
47.3843546,8.5452006,467.46
47.3843546,8.5452006,467.46
47.3843554,8.5452011,467.408
47.3843554,8.5452011,467.408
47.3843553,8.5452003,467.371
47.3843553,8.5452003,467.371
47.3843559,8.5452015,467.376
47.3843559,8.5452015,467.376
47.384356,8.5452011,467.237
47.384356,8.5452011,467.237
47.3843566,8.5452008,467.105
47.3843566,8.5452008,467.105
47.3843577,8.5452006,466.823
47.3843577,8.5452006,466.823
47.3843574,8.5451985,466.841
47.3843574,8.5451985,466.841
47.384357,8.5451976,466.887
47.384357,8.5451976,466.887
47.3843575,8.5451976,466.83
47.3843575,8.5451976,466.83
47.3843587,8.5451976,466.727
47.3843587,8.5451976,466.727
47.384359,8.5451967,466.714
47.384359,8.5451967,466.714
47.384359,8.5451952,466.661
47.384359,8.5451952,466.661
47.3843596,8.5451948,466.6
47.3843596,8.5451948,466.6
47.3843593,8.5451929,466.663
47.3843593,8.5451929,466.663
47.3843602,8.5451932,466.626
47.3843602,8.5451932,466.626
47.384361,8.5451938,466.629
47.384361,8.5451938,466.629
47.384362,8.5451939,466.53
47.384362,8.5451939,466.53
47.3843622,8.5451944,466.64
47.3843622,8.5451944,466.64
47.3843618,8.5451942,466.742
47.3843618,8.5451942,466.742
47.3843632,8.5451955,466.524
47.3843632,8.5451955,466.524
47.384363,8.5451954,466.561
47.384363,8.5451954,466.561
47.3843626,8.5451957,466.728
47.3843626,8.5451957,466.728
47.3843626,8.5451955,466.691
47.3843626,8.5451955,466.691
47.3843626,8.5451949,466.695
47.3843626,8.5451949,466.695
47.3843628,8.5451942,466.748
47.3843628,8.5451942,466.748
47.3843628,8.5451934,466.734
47.3843628,8.5451934,466.734
47.384362,8.5451927,466.891
47.384362,8.5451927,466.891
47.3843624,8.5451925,466.766
47.3843624,8.5451925,466.766
47.3843622,8.5451917,466.789
47.3843622,8.5451917,466.789
47.3843616,8.5451908,466.795
47.3843616,8.5451908,466.795
47.3843612,8.5451906,466.75
47.3843612,8.5451906,466.75
47.384361,8.5451905,466.749
47.384361,8.5451905,466.749
47.3843603,8.5451897,466.809
47.3843603,8.5451897,466.809
47.3843595,8.5451878,466.886
47.3843595,8.5451878,466.886
47.3843588,8.5451868,466.871
47.3843588,8.5451868,466.871
47.3843582,8.5451855,466.856
47.3843582,8.5451855,466.856
47.3843587,8.5451869,466.716
47.3843587,8.5451869,466.716
47.3843596,8.5451892,466.643
47.3843596,8.5451892,466.643
47.3843598,8.5451903,466.547
47.3843598,8.5451903,466.547
47.3843605,8.5451915,466.709
47.3843605,8.5451915,466.709
47.3843604,8.5451904,466.784
47.3843604,8.5451904,466.784
47.3843611,8.5451905,466.686
47.3843611,8.5451905,466.686
47.3843605,8.5451884,466.673
47.3843605,8.5451884,466.673
47.3843597,8.5451866,466.688
47.3843597,8.5451866,466.688
47.3843589,8.545185,466.656
47.3843589,8.545185,466.656
47.3843579,8.5451825,466.648
47.3843579,8.5451825,466.648
47.3843577,8.5451816,466.561
47.3843577,8.5451816,466.561
47.3843572,8.5451802,466.425
47.3843572,8.5451802,466.425
47.3843568,8.5451792,466.451
47.3843568,8.5451792,466.451
47.3843569,8.5451792,466.379
47.3843569,8.5451792,466.379
47.3843568,8.5451788,466.331
47.3843568,8.5451788,466.331
47.3843565,8.5451782,466.253
47.3843565,8.5451782,466.253
47.3843559,8.5451768,466.343
47.3843559,8.5451768,466.343
47.3843559,8.5451772,466.353
47.3843559,8.5451772,466.353
47.3843554,8.545176,466.377
47.3843554,8.545176,466.377
47.3843551,8.5451745,466.313
47.3843551,8.5451745,466.313
47.384354,8.5451714,466.343
47.384354,8.5451714,466.343
47.3843541,8.5451708,466.208
47.3843541,8.5451708,466.208
47.3843545,8.5451701,466.149
47.3843545,8.5451701,466.149
47.3843546,8.5451691,466.185
47.3843546,8.5451691,466.185
47.384355,8.5451688,466.219
47.384355,8.5451688,466.219
47.3843552,8.5451686,466.241
47.3843552,8.5451686,466.241
47.3843558,8.5451708,466.074
47.3843558,8.5451708,466.074
47.3843553,8.5451696,466.156
47.3843553,8.5451696,466.156
47.384354,8.5451653,466.284
47.384354,8.5451653,466.284
47.3843538,8.5451647,466.302
47.3843538,8.5451647,466.302
47.3843532,8.5451627,466.406
47.3843532,8.5451627,466.406
47.3843537,8.5451627,466.384
47.3843537,8.5451627,466.384
47.3843538,8.5451618,466.413
47.3843538,8.5451618,466.413
47.3843534,8.5451582,466.445
47.3843534,8.5451582,466.445
47.3843539,8.5451566,466.318
47.3843539,8.5451566,466.318
47.384354,8.5451548,466.293
47.384354,8.5451548,466.293
47.3843537,8.5451508,466.235
47.3843537,8.5451508,466.235
47.3843543,8.5451495,466.161
47.3843543,8.5451495,466.161
47.3843548,8.5451484,466.0
47.3843548,8.5451484,466.0
47.3843546,8.5451469,466.051
47.3843546,8.5451469,466.051
47.3843545,8.5451442,466.125
47.3843545,8.5451442,466.125
47.3843557,8.5451444,465.92
47.3843557,8.5451444,465.92
47.3843553,8.5451427,466.002
47.3843553,8.5451427,466.002
47.3843554,8.5451416,465.915
47.3843554,8.5451416,465.915
47.3843553,8.5451392,465.928
47.3843553,8.5451392,465.928
47.3843554,8.5451381,465.962
47.3843554,8.5451381,465.962
47.3843554,8.5451367,466.004
47.3843554,8.5451367,466.004
47.3843551,8.545135,466.129
47.3843551,8.545135,466.129
47.3843545,8.5451331,466.222
47.3843545,8.5451331,466.222
47.3843553,8.5451335,466.164
47.3843553,8.5451335,466.164
47.3843557,8.5451331,466.118
47.3843557,8.5451331,466.118
47.3843556,8.5451316,466.226
47.3843556,8.5451316,466.226
47.3843559,8.5451312,466.245
47.3843559,8.5451312,466.245
47.3843563,8.5451311,466.273
47.3843563,8.5451311,466.273
47.3843564,8.5451304,466.32
47.3843564,8.5451304,466.32
47.384356,8.5451296,466.41
47.384356,8.5451296,466.41
47.3843564,8.5451301,466.391
47.3843564,8.5451301,466.391
47.3843566,8.5451299,466.475
47.3843566,8.5451299,466.475
47.3843561,8.5451284,466.546
47.3843561,8.5451284,466.546
47.3843559,8.545127,466.613
47.3843559,8.545127,466.613
47.3843563,8.5451268,466.709
47.3843563,8.5451268,466.709
47.3843566,8.5451268,466.689
47.3843566,8.5451268,466.689
47.3843566,8.545127,466.787
47.3843566,8.545127,466.787
47.3843565,8.545127,466.835
47.3843565,8.545127,466.835
47.3843562,8.5451265,466.894
47.3843562,8.5451265,466.894
47.384356,8.5451272,466.953
47.384356,8.5451272,466.953
47.384355,8.5451264,467.088
47.384355,8.5451264,467.088
47.3843541,8.5451255,467.161
47.3843541,8.5451255,467.161
47.3843533,8.5451249,467.261
47.3843533,8.5451249,467.261
47.3843524,8.5451234,467.328
47.3843524,8.5451234,467.328
47.3843517,8.5451225,467.397
47.3843517,8.5451225,467.397
47.3843506,8.5451204,467.472
47.3843506,8.5451204,467.472
47.38435,8.5451189,467.6
47.38435,8.5451189,467.6
47.3843493,8.5451175,467.684
47.3843493,8.5451175,467.684
47.3843487,8.5451153,467.791
47.3843487,8.5451153,467.791
47.384348,8.5451124,467.916
47.384348,8.5451124,467.916
47.3843474,8.5451095,467.992
47.3843474,8.5451095,467.992
47.3843475,8.545108,468.01
47.3843475,8.545108,468.01
47.3843476,8.545106,468.118
47.3843476,8.545106,468.118
47.3843476,8.5451044,468.055
47.3843476,8.5451044,468.055
47.3843468,8.5451017,468.154
47.3843468,8.5451017,468.154
47.3843464,8.5450991,468.136
47.3843464,8.5450991,468.136
47.3843455,8.5450965,468.248
47.3843455,8.5450965,468.248
47.3843441,8.5450927,468.385
47.3843441,8.5450927,468.385
47.3843435,8.5450916,468.25
47.3843435,8.5450916,468.25
47.3843422,8.5450897,468.378
47.3843422,8.5450897,468.378
47.3843413,8.5450883,468.389
47.3843413,8.5450883,468.389
47.3843396,8.5450868,468.484
47.3843396,8.5450868,468.484
47.3843384,8.545086,468.545
47.3843384,8.545086,468.545
47.3843376,8.5450866,468.519
47.3843376,8.5450866,468.519
47.3843369,8.5450868,468.611
47.3843369,8.5450868,468.611
47.384337,8.5450875,468.569
47.384337,8.5450875,468.569
47.3843375,8.5450877,468.433
47.3843375,8.5450877,468.433
47.3843386,8.5450878,468.288
47.3843386,8.5450878,468.288
47.3843394,8.545089,468.197
47.3843394,8.545089,468.197
47.3843398,8.5450879,468.172
47.3843398,8.5450879,468.172
47.3843402,8.5450874,468.105
47.3843402,8.5450874,468.105
47.3843405,8.5450871,468.045
47.3843405,8.5450871,468.045
47.3843409,8.5450872,467.994
47.3843409,8.5450872,467.994
47.3843413,8.5450881,467.928
47.3843413,8.5450881,467.928
47.3843414,8.5450883,467.977
47.3843414,8.5450883,467.977
47.3843413,8.5450883,468.066
47.3843413,8.5450883,468.066
47.38434,8.5450873,468.316
47.38434,8.5450873,468.316
47.3843383,8.5450872,468.602
47.3843383,8.5450872,468.602
47.3843366,8.5450872,468.903
47.3843366,8.5450872,468.903
47.384335,8.5450878,469.23
47.384335,8.5450878,469.23
47.3843332,8.5450893,469.547
47.3843332,8.5450893,469.547
47.3843307,8.5450892,469.927
47.3843307,8.5450892,469.927
47.3843288,8.5450911,470.272
47.3843288,8.5450911,470.272
47.3843266,8.545092,470.697
47.3843266,8.545092,470.697
47.3843247,8.5450928,471.045
47.3843247,8.5450928,471.045
47.3843237,8.5450923,471.215
47.3843237,8.5450923,471.215
47.3843228,8.545092,471.277
47.3843228,8.545092,471.277
47.3843217,8.5450915,471.379
47.3843217,8.5450915,471.379
47.3843208,8.5450909,471.539
47.3843208,8.5450909,471.539
47.3843191,8.5450887,471.809
47.3843191,8.5450887,471.809
47.3843178,8.545088,472.022
47.3843178,8.545088,472.022
47.384317,8.5450871,472.237
47.384317,8.5450871,472.237
47.3843162,8.5450864,472.466
47.3843162,8.5450864,472.466
47.3843149,8.5450851,472.732
47.3843149,8.5450851,472.732
47.3843136,8.5450845,472.854
47.3843136,8.5450845,472.854
47.384312,8.5450835,472.994
47.384312,8.5450835,472.994
47.3843106,8.5450826,473.159
47.3843106,8.5450826,473.159
47.3843096,8.5450822,473.424
47.3843096,8.5450822,473.424
47.3843077,8.5450806,473.721
47.3843077,8.5450806,473.721
47.3843073,8.5450798,473.796
47.3843073,8.5450798,473.796
47.3843077,8.5450792,473.751
47.3843077,8.5450792,473.751
47.3843083,8.5450788,473.654
47.3843083,8.5450788,473.654
47.3843091,8.5450789,473.583
47.3843091,8.5450789,473.583
47.3843092,8.5450784,473.543
47.3843092,8.5450784,473.543
47.3843089,8.5450768,473.492
47.3843089,8.5450768,473.492
47.3843094,8.5450762,473.335
47.3843094,8.5450762,473.335
47.3843109,8.5450764,473.015
47.3843109,8.5450764,473.015
47.384312,8.545076,472.752
47.384312,8.545076,472.752
47.3843135,8.5450754,472.405
47.3843135,8.5450754,472.405
47.3843152,8.5450743,471.976
47.3843152,8.5450743,471.976
47.3843177,8.5450735,471.466
47.3843177,8.5450735,471.466
47.3843201,8.5450733,471.037
47.3843201,8.5450733,471.037
47.3843225,8.5450731,470.549
47.3843225,8.5450731,470.549
47.3843251,8.5450728,470.144
47.3843251,8.5450728,470.144
47.3843284,8.5450728,469.603
47.3843284,8.5450728,469.603
47.384329,8.5450688,469.408
47.384329,8.5450688,469.408
47.384331,8.5450695,469.136
47.384331,8.5450695,469.136
47.384333,8.5450715,468.892
47.384333,8.5450715,468.892
47.3843346,8.5450743,468.715
47.3843346,8.5450743,468.715
47.3843361,8.5450766,468.546
47.3843361,8.5450766,468.546
47.3843367,8.5450782,468.478
47.3843367,8.5450782,468.478
47.3843376,8.5450801,468.327
47.3843376,8.5450801,468.327
47.3843377,8.5450813,468.257
47.3843377,8.5450813,468.257
47.3843375,8.5450831,468.28
47.3843375,8.5450831,468.28
47.384338,8.5450861,468.214
47.384338,8.5450861,468.214
47.3843385,8.5450865,468.098
47.3843385,8.5450865,468.098
47.3843393,8.5450872,468.043
47.3843393,8.5450872,468.043
47.3843399,8.5450892,468.034
47.3843399,8.5450892,468.034
47.3843396,8.5450893,468.009
47.3843396,8.5450893,468.009
47.3843398,8.5450904,467.969
47.3843398,8.5450904,467.969
47.3843398,8.5450919,467.975
47.3843398,8.5450919,467.975
47.3843389,8.5450932,468.09
47.3843389,8.5450932,468.09
47.3843364,8.5450925,468.442
47.3843364,8.5450925,468.442
47.3843345,8.5450927,468.657
47.3843345,8.5450927,468.657
47.3843326,8.5450932,468.988
47.3843326,8.5450932,468.988
47.3843319,8.545093,469.083
47.3843319,8.545093,469.083
47.3843309,8.5450937,469.333
47.3843309,8.5450937,469.333
47.3843303,8.5450931,469.358
47.3843303,8.5450931,469.358
47.3843274,8.5450924,469.786
47.3843274,8.5450924,469.786
47.3843255,8.545092,470.14
47.3843255,8.545092,470.14
47.3843239,8.5450922,470.371
47.3843239,8.5450922,470.371
47.3843243,8.5450931,470.378
47.3843243,8.5450931,470.378
47.3843254,8.5450941,470.241
47.3843254,8.5450941,470.241
47.3843256,8.5450944,470.156
47.3843256,8.5450944,470.156
47.3843253,8.5450948,470.197
47.3843253,8.5450948,470.197
47.3843243,8.5450943,470.361
47.3843243,8.5450943,470.361
47.3843243,8.5450941,470.29
47.3843243,8.5450941,470.29
47.3843243,8.5450938,470.234
47.3843243,8.5450938,470.234
47.3843227,8.5450925,470.39
47.3843227,8.5450925,470.39
47.3843222,8.5450924,470.308
47.3843222,8.5450924,470.308
47.3843213,8.5450917,470.321
47.3843213,8.5450917,470.321
47.3843211,8.5450916,470.313
47.3843211,8.5450916,470.313
47.3843215,8.545091,470.114
47.3843215,8.545091,470.114
47.3843219,8.5450912,469.818
47.3843219,8.5450912,469.818
47.3843211,8.5450896,469.727
47.3843211,8.5450896,469.727
47.3843193,8.5450879,469.751
47.3843193,8.5450879,469.751
47.3843188,8.5450882,469.729
47.3843188,8.5450882,469.729
47.3843177,8.5450885,469.738
47.3843177,8.5450885,469.738
47.3843178,8.5450884,469.541
47.3843178,8.5450884,469.541
47.3843162,8.545087,469.515
47.3843162,8.545087,469.515
47.3843141,8.5450871,469.705
47.3843141,8.5450871,469.705
47.3843132,8.5450868,469.688
47.3843132,8.5450868,469.688
47.3843127,8.545087,469.552
47.3843127,8.545087,469.552
47.3843114,8.5450867,469.481
47.3843114,8.5450867,469.481
47.3843115,8.5450859,469.218
47.3843115,8.5450859,469.218
47.3843099,8.5450847,469.282
47.3843099,8.5450847,469.282
47.3843074,8.5450839,469.528
47.3843074,8.5450839,469.528
47.3843058,8.5450833,469.618
47.3843058,8.5450833,469.618
47.3843034,8.5450815,469.801
47.3843034,8.5450815,469.801
47.3843033,8.5450814,469.613
47.3843033,8.5450814,469.613
47.3843035,8.5450813,469.486
47.3843035,8.5450813,469.486
47.3843032,8.5450806,469.377
47.3843032,8.5450806,469.377
47.3843032,8.54508,469.267
47.3843032,8.54508,469.267
47.3843031,8.5450806,469.24
47.3843031,8.5450806,469.24
47.3843027,8.545081,469.254
47.3843027,8.545081,469.254
47.3843038,8.545083,469.024
47.3843038,8.545083,469.024
47.384306,8.5450857,468.816
47.384306,8.5450857,468.816
47.3843058,8.5450877,468.801
47.3843058,8.5450877,468.801
47.3843047,8.5450892,468.922
47.3843047,8.5450892,468.922
47.3843015,8.54509,469.157
47.3843015,8.54509,469.157
47.3842992,8.5450916,469.303
47.3842992,8.5450916,469.303
47.3842967,8.5450947,469.626
47.3842967,8.5450947,469.626
47.384294,8.5450971,469.929
47.384294,8.5450971,469.929
47.3842925,8.5450981,469.967
47.3842925,8.5450981,469.967
47.3842906,8.5450997,470.1
47.3842906,8.5450997,470.1
47.3842896,8.5451031,470.174
47.3842896,8.5451031,470.174
47.3842862,8.5451019,470.442
47.3842862,8.5451019,470.442
47.384285,8.5451026,470.443
47.384285,8.5451026,470.443
47.3842831,8.5451024,470.415
47.3842831,8.5451024,470.415
47.3842824,8.5451029,470.215
47.3842824,8.5451029,470.215
47.3842789,8.5451011,470.532
47.3842789,8.5451011,470.532
47.3842775,8.5451014,470.52
47.3842775,8.5451014,470.52
47.3842767,8.5451035,470.445
47.3842767,8.5451035,470.445
47.3842742,8.5451034,470.586
47.3842742,8.5451034,470.586
47.3842736,8.5451057,470.492
47.3842736,8.5451057,470.492
47.3842721,8.5451061,470.531
47.3842721,8.5451061,470.531
47.3842699,8.5451056,470.686
47.3842699,8.5451056,470.686
47.3842684,8.5451056,470.72
47.3842684,8.5451056,470.72
47.3842671,8.5451066,470.771
47.3842671,8.5451066,470.771
47.3842672,8.5451097,470.502
47.3842672,8.5451097,470.502
47.3842657,8.54511,470.486
47.3842657,8.54511,470.486
47.3842642,8.5451096,470.554
47.3842642,8.5451096,470.554
47.3842629,8.5451094,470.599
47.3842629,8.5451094,470.599
47.3842609,8.5451077,470.662
47.3842609,8.5451077,470.662
47.384259,8.545106,470.776
47.384259,8.545106,470.776
47.3842574,8.5451049,470.855
47.3842574,8.5451049,470.855
47.3842555,8.5451035,470.942
47.3842555,8.5451035,470.942
47.3842536,8.5451018,470.96
47.3842536,8.5451018,470.96
47.3842523,8.5451014,470.902
47.3842523,8.5451014,470.902
47.3842514,8.5451019,470.823
47.3842514,8.5451019,470.823
47.3842504,8.5451027,470.75
47.3842504,8.5451027,470.75
47.3842494,8.5451039,470.734
47.3842494,8.5451039,470.734
47.3842484,8.5451045,470.699
47.3842484,8.5451045,470.699
47.3842463,8.5451028,470.804
47.3842463,8.5451028,470.804
47.3842447,8.5451019,470.899
47.3842447,8.5451019,470.899
47.3842426,8.5451007,471.061
47.3842426,8.5451007,471.061
47.3842397,8.5450977,471.413
47.3842397,8.5450977,471.413
47.384238,8.5450972,471.511
47.384238,8.5450972,471.511
47.3842367,8.5450974,471.491
47.3842367,8.5450974,471.491
47.3842354,8.5450982,471.55
47.3842354,8.5450982,471.55
47.384234,8.5450988,471.612
47.384234,8.5450988,471.612
47.3842327,8.5450984,471.637
47.3842327,8.5450984,471.637
47.3842315,8.5450974,471.736
47.3842315,8.5450974,471.736
47.3842287,8.5450931,472.053
47.3842287,8.5450931,472.053
47.3842272,8.5450923,471.996
47.3842272,8.5450923,471.996
47.3842257,8.5450908,472.056
47.3842257,8.5450908,472.056
47.3842241,8.5450892,472.071
47.3842241,8.5450892,472.071
47.3842216,8.5450853,472.272
47.3842216,8.5450853,472.272
47.3842202,8.5450843,472.281
47.3842202,8.5450843,472.281
47.3842189,8.5450833,472.259
47.3842189,8.5450833,472.259
47.3842176,8.5450827,472.205
47.3842176,8.5450827,472.205
47.3842162,8.5450818,472.239
47.3842162,8.5450818,472.239
47.3842147,8.5450807,472.257
47.3842147,8.5450807,472.257
47.3842138,8.5450817,472.187
47.3842138,8.5450817,472.187
47.3842115,8.5450791,472.302
47.3842115,8.5450791,472.302
47.3842096,8.5450782,472.389
47.3842096,8.5450782,472.389
47.3842092,8.5450803,472.272
47.3842092,8.5450803,472.272
47.3842079,8.5450805,472.283
47.3842079,8.5450805,472.283
47.3842062,8.5450798,472.359
47.3842062,8.5450798,472.359
47.3842047,8.5450798,472.338
47.3842047,8.5450798,472.338
47.3842031,8.5450794,472.348
47.3842031,8.5450794,472.348
47.3842017,8.5450793,472.376
47.3842017,8.5450793,472.376
47.3841995,8.545079,472.416
47.3841995,8.545079,472.416
47.3841975,8.5450782,472.488
47.3841975,8.5450782,472.488
47.3841963,8.5450784,472.489
47.3841963,8.5450784,472.489
47.384195,8.5450787,472.517
47.384195,8.5450787,472.517
47.384194,8.5450801,472.421
47.384194,8.5450801,472.421
47.3841933,8.5450822,472.373
47.3841933,8.5450822,472.373
47.3841916,8.5450819,472.408
47.3841916,8.5450819,472.408
47.3841902,8.5450821,472.401
47.3841902,8.5450821,472.401
47.3841886,8.5450817,472.375
47.3841886,8.5450817,472.375
47.3841874,8.5450819,472.314
47.3841874,8.5450819,472.314
47.3841864,8.5450826,472.38
47.3841864,8.5450826,472.38
47.3841835,8.5450796,472.56
47.3841835,8.5450796,472.56
47.3841831,8.5450818,472.506
47.3841831,8.5450818,472.506
47.384181,8.5450802,472.561
47.384181,8.5450802,472.561
47.3841801,8.5450821,472.529
47.3841801,8.5450821,472.529
47.3841791,8.545084,472.468
47.3841791,8.545084,472.468
47.3841783,8.5450864,472.454
47.3841783,8.5450864,472.454
47.3841772,8.5450877,472.41
47.3841772,8.5450877,472.41
47.3841761,8.5450897,472.299
47.3841761,8.5450897,472.299
47.3841744,8.545091,472.295
47.3841744,8.545091,472.295
47.3841732,8.5450926,472.282
47.3841732,8.5450926,472.282
47.3841722,8.5450944,472.245
47.3841722,8.5450944,472.245
47.3841711,8.5450953,472.161
47.3841711,8.5450953,472.161
47.3841697,8.5450961,472.104
47.3841697,8.5450961,472.104
47.3841677,8.5450959,472.05
47.3841677,8.5450959,472.05
47.3841664,8.545097,472.051
47.3841664,8.545097,472.051
47.3841652,8.545098,471.958
47.3841652,8.545098,471.958
47.3841642,8.5450995,471.893
47.3841642,8.5450995,471.893
47.3841634,8.5451016,471.906
47.3841634,8.5451016,471.906
47.3841628,8.5451036,471.82
47.3841628,8.5451036,471.82
47.3841617,8.5451047,471.739
47.3841617,8.5451047,471.739
47.3841606,8.5451056,471.645
47.3841606,8.5451056,471.645
47.3841592,8.5451059,471.7
47.3841592,8.5451059,471.7
47.384158,8.545106,471.683
47.384158,8.545106,471.683
47.3841565,8.5451065,471.683
47.3841565,8.5451065,471.683
47.3841565,8.5451109,471.51
47.3841565,8.5451109,471.51
47.3841556,8.5451132,471.406
47.3841556,8.5451132,471.406
47.3841546,8.5451158,471.25
47.3841546,8.5451158,471.25
47.3841524,8.5451142,471.349
47.3841524,8.5451142,471.349
47.3841509,8.5451147,471.335
47.3841509,8.5451147,471.335
47.3841491,8.5451147,471.441
47.3841491,8.5451147,471.441
47.384148,8.545116,471.381
47.384148,8.545116,471.381
47.3841467,8.5451156,471.388
47.3841467,8.5451156,471.388
47.3841459,8.5451168,471.305
47.3841459,8.5451168,471.305
47.3841451,8.545119,471.33
47.3841451,8.545119,471.33
47.3841434,8.5451191,471.418
47.3841434,8.5451191,471.418
47.384142,8.5451186,471.415
47.384142,8.5451186,471.415
47.3841407,8.5451186,471.462
47.3841407,8.5451186,471.462
47.3841391,8.5451182,471.47
47.3841391,8.5451182,471.47
47.3841372,8.5451162,471.653
47.3841372,8.5451162,471.653
47.3841367,8.5451184,471.571
47.3841367,8.5451184,471.571
47.3841362,8.5451208,471.505
47.3841362,8.5451208,471.505
47.3841347,8.5451204,471.562
47.3841347,8.5451204,471.562
47.3841337,8.5451219,471.551
47.3841337,8.5451219,471.551
47.3841322,8.5451225,471.573
47.3841322,8.5451225,471.573
47.3841315,8.5451241,471.55
47.3841315,8.5451241,471.55
47.3841302,8.5451241,471.61
47.3841302,8.5451241,471.61
47.3841289,8.5451237,471.772
47.3841289,8.5451237,471.772
47.3841283,8.545125,471.774
47.3841283,8.545125,471.774
47.3841273,8.5451256,471.778
47.3841273,8.5451256,471.778
47.3841265,8.5451268,471.724
47.3841265,8.5451268,471.724
47.3841264,8.5451284,471.701
47.3841264,8.5451284,471.701
47.3841267,8.5451306,471.579
47.3841267,8.5451306,471.579
47.3841261,8.5451314,471.587
47.3841261,8.5451314,471.587
47.3841254,8.5451326,471.542
47.3841254,8.5451326,471.542
47.3841251,8.5451337,471.565
47.3841251,8.5451337,471.565
47.3841247,8.5451356,471.608
47.3841247,8.5451356,471.608
47.3841237,8.5451357,471.689
47.3841237,8.5451357,471.689
47.3841231,8.5451378,471.653
47.3841231,8.5451378,471.653
47.3841216,8.5451381,471.749
47.3841216,8.5451381,471.749
47.3841208,8.5451395,471.762
47.3841208,8.5451395,471.762
47.38412,8.545141,471.749
47.38412,8.545141,471.749
47.38412,8.5451444,471.669
47.38412,8.5451444,471.669
47.3841196,8.5451466,471.604
47.3841196,8.5451466,471.604
47.3841189,8.5451478,471.553
47.3841189,8.5451478,471.553
47.3841184,8.5451492,471.543
47.3841184,8.5451492,471.543
47.3841176,8.5451494,471.53
47.3841176,8.5451494,471.53
47.3841165,8.5451496,471.451
47.3841165,8.5451496,471.451
47.3841159,8.5451508,471.417
47.3841159,8.5451508,471.417
47.3841147,8.5451496,471.505
47.3841147,8.5451496,471.505
47.3841142,8.5451495,471.468
47.3841142,8.5451495,471.468
47.384113,8.5451478,471.448
47.384113,8.5451478,471.448
47.3841124,8.5451477,471.402
47.3841124,8.5451477,471.402
47.3841116,8.5451479,471.364
47.3841116,8.5451479,471.364
47.384111,8.5451479,471.345
47.384111,8.5451479,471.345
47.3841099,8.5451468,471.269
47.3841099,8.5451468,471.269
47.3841092,8.5451466,471.18
47.3841092,8.5451466,471.18
47.3841084,8.5451468,471.096
47.3841084,8.5451468,471.096
47.3841075,8.5451464,471.094
47.3841075,8.5451464,471.094
47.3841062,8.5451459,471.072
47.3841062,8.5451459,471.072
47.3841052,8.5451457,470.977
47.3841052,8.5451457,470.977
47.3841043,8.5451468,470.827
47.3841043,8.5451468,470.827
47.3841029,8.5451464,470.81
47.3841029,8.5451464,470.81
47.3841019,8.5451473,470.763
47.3841019,8.5451473,470.763
47.3841011,8.5451479,470.717
47.3841011,8.5451479,470.717
47.3840992,8.5451489,470.851
47.3840992,8.5451489,470.851
47.3840984,8.5451521,470.772
47.3840984,8.5451521,470.772
47.384097,8.5451528,470.918
47.384097,8.5451528,470.918
47.3840956,8.545154,470.93
47.3840956,8.545154,470.93
47.3840942,8.5451556,470.973
47.3840942,8.5451556,470.973
47.3840926,8.5451568,471.02
47.3840926,8.5451568,471.02
47.3840908,8.5451573,471.032
47.3840908,8.5451573,471.032
47.3840888,8.5451583,471.039
47.3840888,8.5451583,471.039
47.3840872,8.5451589,471.104
47.3840872,8.5451589,471.104
47.3840853,8.5451588,471.122
47.3840853,8.5451588,471.122
47.3840831,8.5451587,471.238
47.3840831,8.5451587,471.238
47.3840814,8.5451589,471.3
47.3840814,8.5451589,471.3
47.3840799,8.5451582,471.389
47.3840799,8.5451582,471.389
47.3840785,8.5451583,471.406
47.3840785,8.5451583,471.406
47.3840773,8.5451576,471.529
47.3840773,8.5451576,471.529
47.384077,8.5451593,471.443
47.384077,8.5451593,471.443
47.3840758,8.5451596,471.425
47.3840758,8.5451596,471.425
47.3840746,8.5451597,471.451
47.3840746,8.5451597,471.451
47.3840738,8.5451605,471.509
47.3840738,8.5451605,471.509
47.3840724,8.5451605,471.523
47.3840724,8.5451605,471.523
47.3840712,8.5451611,471.578
47.3840712,8.5451611,471.578
47.3840701,8.5451613,471.652
47.3840701,8.5451613,471.652
47.3840691,8.5451617,471.761
47.3840691,8.5451617,471.761
47.3840682,8.545162,471.829
47.3840682,8.545162,471.829
47.3840673,8.5451621,471.94
47.3840673,8.5451621,471.94
47.3840662,8.5451616,472.068
47.3840662,8.5451616,472.068
47.3840656,8.5451623,472.086
47.3840656,8.5451623,472.086
47.3840648,8.5451626,472.111
47.3840648,8.5451626,472.111
47.3840639,8.545162,472.108
47.3840639,8.545162,472.108
47.3840634,8.5451618,472.141
47.3840634,8.5451618,472.141
47.3840632,8.5451618,472.156
47.3840632,8.5451618,472.156
47.3840631,8.5451621,472.263
47.3840631,8.5451621,472.263
47.3840632,8.5451627,472.367
47.3840632,8.5451627,472.367
47.3840639,8.5451633,472.479
47.3840639,8.5451633,472.479
47.3840641,8.545164,472.537
47.3840641,8.545164,472.537
47.3840643,8.5451646,472.553
47.3840643,8.5451646,472.553
47.3840651,8.5451653,472.672
47.3840651,8.5451653,472.672
47.3840658,8.5451654,472.646
47.3840658,8.5451654,472.646
47.3840663,8.5451648,472.66
47.3840663,8.5451648,472.66
47.3840665,8.5451642,472.712
47.3840665,8.5451642,472.712
47.3840662,8.5451621,472.795
47.3840662,8.5451621,472.795
47.3840666,8.5451617,472.815
47.3840666,8.5451617,472.815
47.3840669,8.5451607,472.896
47.3840669,8.5451607,472.896
47.3840676,8.5451612,472.968
47.3840676,8.5451612,472.968
47.3840684,8.5451617,472.959
47.3840684,8.5451617,472.959
47.384069,8.5451621,472.948
47.384069,8.5451621,472.948
47.3840695,8.545163,472.898
47.3840695,8.545163,472.898
47.3840699,8.5451637,472.89
47.3840699,8.5451637,472.89
47.3840706,8.5451648,472.795
47.3840706,8.5451648,472.795
47.3840711,8.5451651,472.684
47.3840711,8.5451651,472.684
47.3840719,8.5451663,472.563
47.3840719,8.5451663,472.563
47.3840728,8.5451671,472.401
47.3840728,8.5451671,472.401
47.384074,8.5451692,472.215
47.384074,8.5451692,472.215
47.3840747,8.5451706,472.098
47.3840747,8.5451706,472.098
47.3840749,8.5451715,472.004
47.3840749,8.5451715,472.004
47.3840753,8.5451727,471.924
47.3840753,8.5451727,471.924
47.3840755,8.5451741,471.879
47.3840755,8.5451741,471.879
47.3840753,8.5451746,471.81
47.3840753,8.5451746,471.81
47.3840754,8.5451761,471.729
47.3840754,8.5451761,471.729
47.3840751,8.5451768,471.671
47.3840751,8.5451768,471.671
47.3840746,8.5451767,471.516
47.3840746,8.5451767,471.516
47.3840743,8.5451775,471.394
47.3840743,8.5451775,471.394
47.3840736,8.545178,471.224
47.3840736,8.545178,471.224
47.3840726,8.5451785,471.156
47.3840726,8.5451785,471.156
47.3840721,8.5451799,471.143
47.3840721,8.5451799,471.143
47.384071,8.5451805,471.118
47.384071,8.5451805,471.118
47.3840697,8.5451807,471.093
47.3840697,8.5451807,471.093
47.3840679,8.5451809,471.028
47.3840679,8.5451809,471.028
47.384066,8.5451805,470.994
47.384066,8.5451805,470.994
47.3840644,8.5451806,470.935
47.3840644,8.5451806,470.935
47.3840624,8.5451801,470.992
47.3840624,8.5451801,470.992
47.3840605,8.5451805,471.054
47.3840605,8.5451805,471.054
47.3840584,8.5451804,471.191
47.3840584,8.5451804,471.191
47.3840563,8.5451799,471.192
47.3840563,8.5451799,471.192
47.3840547,8.5451803,471.218
47.3840547,8.5451803,471.218
47.3840531,8.5451796,471.385
47.3840531,8.5451796,471.385
47.3840521,8.5451808,471.354
47.3840521,8.5451808,471.354
47.3840506,8.5451819,471.316
47.3840506,8.5451819,471.316
47.3840491,8.545183,471.25
47.3840491,8.545183,471.25
47.3840475,8.5451835,471.203
47.3840475,8.5451835,471.203
47.3840456,8.545183,471.177
47.3840456,8.545183,471.177
47.3840437,8.5451826,471.19
47.3840437,8.5451826,471.19
47.3840422,8.5451829,471.184
47.3840422,8.5451829,471.184
47.3840405,8.5451827,471.173
47.3840405,8.5451827,471.173
47.3840386,8.5451823,471.144
47.3840386,8.5451823,471.144
47.3840376,8.5451843,471.028
47.3840376,8.5451843,471.028
47.384036,8.5451843,471.084
47.384036,8.5451843,471.084
47.3840333,8.5451816,471.189
47.3840333,8.5451816,471.189
47.3840308,8.54518,471.229
47.3840308,8.54518,471.229
47.3840285,8.5451781,471.241
47.3840285,8.5451781,471.241
47.3840272,8.5451778,471.18
47.3840272,8.5451778,471.18
47.384026,8.5451771,471.163
47.384026,8.5451771,471.163
47.3840255,8.5451772,471.135
47.3840255,8.5451772,471.135
47.3840242,8.545176,471.097
47.3840242,8.545176,471.097
47.3840233,8.5451763,470.971
47.3840233,8.5451763,470.971
47.3840218,8.5451753,470.892
47.3840218,8.5451753,470.892
47.3840206,8.5451748,470.865
47.3840206,8.5451748,470.865
47.384019,8.5451732,470.817
47.384019,8.5451732,470.817
47.3840173,8.5451711,470.832
47.3840173,8.5451711,470.832
47.3840163,8.5451707,470.792
47.3840163,8.5451707,470.792
47.384015,8.5451699,470.777
47.384015,8.5451699,470.777
47.3840143,8.5451705,470.72
47.3840143,8.5451705,470.72
47.3840132,8.5451699,470.707
47.3840132,8.5451699,470.707
47.3840127,8.5451709,470.785
47.3840127,8.5451709,470.785
47.3840118,8.5451708,470.793
47.3840118,8.5451708,470.793
47.3840113,8.54517,471.036
47.3840113,8.54517,471.036
47.384011,8.5451706,470.974
47.384011,8.5451706,470.974
47.3840101,8.5451703,471.051
47.3840101,8.5451703,471.051
47.384009,8.5451705,471.018
47.384009,8.5451705,471.018
47.3840073,8.5451686,470.977
47.3840073,8.5451686,470.977
47.3840066,8.5451682,470.947
47.3840066,8.5451682,470.947
47.3840055,8.545167,470.901
47.3840055,8.545167,470.901
47.3840046,8.5451664,470.913
47.3840046,8.5451664,470.913
47.3840039,8.5451661,470.935
47.3840039,8.5451661,470.935
47.384003,8.5451659,470.919
47.384003,8.5451659,470.919
47.384002,8.5451658,470.929
47.384002,8.5451658,470.929
47.3840009,8.5451665,470.972
47.3840009,8.5451665,470.972
47.3839997,8.5451668,471.002
47.3839997,8.5451668,471.002
47.3839983,8.5451657,471.093
47.3839983,8.5451657,471.093
47.383997,8.545165,471.25
47.383997,8.545165,471.25
47.3839963,8.5451659,471.35
47.3839963,8.5451659,471.35
47.3839952,8.5451664,471.423
47.3839952,8.5451664,471.423
47.3839932,8.5451651,471.57
47.3839932,8.5451651,471.57
47.383992,8.5451653,471.551
47.383992,8.5451653,471.551
47.3839913,8.5451658,471.561
47.3839913,8.5451658,471.561
47.3839908,8.5451671,471.584
47.3839908,8.5451671,471.584
47.3839904,8.5451681,471.602
47.3839904,8.5451681,471.602
47.3839896,8.5451682,471.631
47.3839896,8.5451682,471.631
47.3839894,8.54517,471.602
47.3839894,8.54517,471.602
47.3839889,8.5451716,471.643
47.3839889,8.5451716,471.643
47.3839881,8.5451715,471.715
47.3839881,8.5451715,471.715
47.3839878,8.5451724,471.808
47.3839878,8.5451724,471.808
47.383987,8.5451729,471.836
47.383987,8.5451729,471.836
47.3839865,8.5451741,471.835
47.3839865,8.5451741,471.835
47.3839857,8.545175,471.845
47.3839857,8.545175,471.845
47.383984,8.5451745,471.926
47.383984,8.5451745,471.926
47.3839826,8.5451738,471.953
47.3839826,8.5451738,471.953
47.3839814,8.5451733,472.054
47.3839814,8.5451733,472.054
47.3839803,8.5451731,472.116
47.3839803,8.5451731,472.116
47.3839791,8.5451726,472.164
47.3839791,8.5451726,472.164
47.3839781,8.5451729,472.189
47.3839781,8.5451729,472.189
47.3839771,8.5451724,472.214
47.3839771,8.5451724,472.214
47.3839757,8.5451703,472.331
47.3839757,8.5451703,472.331
47.3839744,8.5451699,472.367
47.3839744,8.5451699,472.367
47.3839739,8.5451719,472.203
47.3839739,8.5451719,472.203
47.3839734,8.5451743,472.107
47.3839734,8.5451743,472.107
47.3839722,8.5451737,472.104
47.3839722,8.5451737,472.104
47.3839718,8.5451752,472.01
47.3839718,8.5451752,472.01
47.3839712,8.5451765,471.878
47.3839712,8.5451765,471.878
47.3839703,8.5451779,471.824
47.3839703,8.5451779,471.824
47.3839683,8.5451774,471.891
47.3839683,8.5451774,471.891
47.3839669,8.5451779,471.857
47.3839669,8.5451779,471.857
47.3839655,8.5451784,471.825
47.3839655,8.5451784,471.825
47.3839642,8.5451787,471.847
47.3839642,8.5451787,471.847
47.3839631,8.5451792,471.81
47.3839631,8.5451792,471.81
47.3839624,8.5451806,471.655
47.3839624,8.5451806,471.655
47.3839611,8.5451803,471.709
47.3839611,8.5451803,471.709
47.38396,8.5451814,471.667
47.38396,8.5451814,471.667
47.3839591,8.5451828,471.607
47.3839591,8.5451828,471.607
47.3839577,8.5451837,471.535
47.3839577,8.5451837,471.535
47.383956,8.5451839,471.563
47.383956,8.5451839,471.563
47.3839541,8.5451835,471.645
47.3839541,8.5451835,471.645
47.3839522,8.5451835,471.705
47.3839522,8.5451835,471.705
47.3839505,8.5451839,471.678
47.3839505,8.5451839,471.678
47.383949,8.5451847,471.648
47.383949,8.5451847,471.648
47.3839479,8.5451861,471.559
47.3839479,8.5451861,471.559
47.3839468,8.5451867,471.584
47.3839468,8.5451867,471.584
47.3839455,8.5451876,471.564
47.3839455,8.5451876,471.564
47.3839441,8.5451885,471.523
47.3839441,8.5451885,471.523
47.383943,8.5451901,471.482
47.383943,8.5451901,471.482
47.3839418,8.545191,471.465
47.3839418,8.545191,471.465
47.38394,8.5451912,471.562
47.38394,8.5451912,471.562
47.3839389,8.5451926,471.539
47.3839389,8.5451926,471.539
47.3839375,8.5451929,471.544
47.3839375,8.5451929,471.544
47.3839358,8.5451928,471.649
47.3839358,8.5451928,471.649
47.3839344,8.5451934,471.723
47.3839344,8.5451934,471.723
47.3839328,8.5451945,471.767
47.3839328,8.5451945,471.767
47.3839313,8.545196,471.8
47.3839313,8.545196,471.8
47.3839301,8.5451977,471.869
47.3839301,8.5451977,471.869
47.3839287,8.5451987,471.908
47.3839287,8.5451987,471.908
47.3839267,8.5451985,471.957
47.3839267,8.5451985,471.957
47.3839249,8.5451987,472.024
47.3839249,8.5451987,472.024
47.3839233,8.5451993,472.021
47.3839233,8.5451993,472.021
47.3839216,8.5451995,472.079
47.3839216,8.5451995,472.079
47.3839199,8.5451999,472.075
47.3839199,8.5451999,472.075
47.3839178,8.5451996,472.147
47.3839178,8.5451996,472.147
47.3839163,8.5452007,472.165
47.3839163,8.5452007,472.165
47.3839153,8.5452027,472.175
47.3839153,8.5452027,472.175
47.3839138,8.5452026,472.167
47.3839138,8.5452026,472.167
47.3839124,8.5452025,472.099
47.3839124,8.5452025,472.099
47.383911,8.5452026,472.121
47.383911,8.5452026,472.121
47.3839094,8.5452026,472.149
47.3839094,8.5452026,472.149
47.3839079,8.5452022,472.134
47.3839079,8.5452022,472.134
47.3839064,8.545202,472.1
47.3839064,8.545202,472.1
47.3839051,8.5452019,472.077
47.3839051,8.5452019,472.077
47.3839036,8.5452004,472.086
47.3839036,8.5452004,472.086
47.3839018,8.5451989,472.079
47.3839018,8.5451989,472.079
47.3839003,8.545198,472.077
47.3839003,8.545198,472.077
47.3839,8.5451988,471.969
47.3839,8.5451988,471.969
47.3838986,8.5451977,472.01
47.3838986,8.5451977,472.01
47.3838973,8.5451974,472.026
47.3838973,8.5451974,472.026
47.3838957,8.5451959,472.09
47.3838957,8.5451959,472.09
47.3838947,8.5451953,472.137
47.3838947,8.5451953,472.137
47.3838937,8.545195,472.103
47.3838937,8.545195,472.103
47.3838921,8.5451938,472.118
47.3838921,8.5451938,472.118
47.3838907,8.5451932,472.199
47.3838907,8.5451932,472.199
47.3838897,8.5451939,472.179
47.3838897,8.5451939,472.179
47.3838887,8.5451945,472.214
47.3838887,8.5451945,472.214
47.3838877,8.5451953,472.27
47.3838877,8.5451953,472.27
47.3838863,8.5451957,472.245
47.3838863,8.5451957,472.245
47.3838847,8.5451954,472.209
47.3838847,8.5451954,472.209
47.3838836,8.5451953,472.256
47.3838836,8.5451953,472.256
47.3838826,8.5451957,472.226
47.3838826,8.5451957,472.226
47.3838818,8.5451959,472.254
47.3838818,8.5451959,472.254
47.3838806,8.5451957,472.269
47.3838806,8.5451957,472.269
47.3838798,8.5451964,472.251
47.3838798,8.5451964,472.251
47.3838791,8.5451973,472.248
47.3838791,8.5451973,472.248
47.3838792,8.5452002,472.068
47.3838792,8.5452002,472.068
47.3838783,8.5452005,472.009
47.3838783,8.5452005,472.009
47.3838778,8.5452023,471.9
47.3838778,8.5452023,471.9
47.3838761,8.5452017,471.988
47.3838761,8.5452017,471.988
47.3838738,8.5452004,472.03
47.3838738,8.5452004,472.03
47.3838726,8.5452012,471.983
47.3838726,8.5452012,471.983
47.3838708,8.5452017,471.954
47.3838708,8.5452017,471.954
47.3838686,8.5452,471.989
47.3838686,8.5452,471.989
47.3838669,8.5451991,471.926
47.3838669,8.5451991,471.926
47.3838658,8.5452003,471.98
47.3838658,8.5452003,471.98
47.3838642,8.5452003,471.984
47.3838642,8.5452003,471.984
47.3838633,8.545202,472.009
47.3838633,8.545202,472.009
47.3838629,8.545205,471.889
47.3838629,8.545205,471.889
47.3838614,8.5452047,471.906
47.3838614,8.5452047,471.906
47.3838601,8.5452052,471.927
47.3838601,8.5452052,471.927
47.3838591,8.5452061,471.897
47.3838591,8.5452061,471.897
47.3838573,8.5452048,472.102
47.3838573,8.5452048,472.102
47.383856,8.5452046,472.074
47.383856,8.5452046,472.074
47.3838558,8.5452088,471.816
47.3838558,8.5452088,471.816
47.3838542,8.5452098,471.8
47.3838542,8.5452098,471.8
47.383853,8.5452107,471.834
47.383853,8.5452107,471.834
47.3838517,8.5452122,471.865
47.3838517,8.5452122,471.865
47.3838511,8.5452134,471.665
47.3838511,8.5452134,471.665
47.3838495,8.5452134,471.595
47.3838495,8.5452134,471.595
47.3838475,8.5452129,471.638
47.3838475,8.5452129,471.638
47.3838453,8.5452121,471.74
47.3838453,8.5452121,471.74
47.3838441,8.5452139,471.621
47.3838441,8.5452139,471.621
47.3838428,8.5452152,471.56
47.3838428,8.5452152,471.56
47.3838413,8.5452164,471.545
47.3838413,8.5452164,471.545
47.3838395,8.5452162,471.585
47.3838395,8.5452162,471.585
47.3838372,8.5452143,471.675
47.3838372,8.5452143,471.675
47.3838359,8.5452151,471.647
47.3838359,8.5452151,471.647
47.3838345,8.5452162,471.675
47.3838345,8.5452162,471.675
47.3838332,8.5452176,471.702
47.3838332,8.5452176,471.702
47.3838313,8.5452172,471.73
47.3838313,8.5452172,471.73
47.383829,8.5452154,471.84
47.383829,8.5452154,471.84
47.3838271,8.5452139,471.957
47.3838271,8.5452139,471.957
47.3838252,8.5452129,472.038
47.3838252,8.5452129,472.038
47.3838236,8.5452131,472.04
47.3838236,8.5452131,472.04
47.3838215,8.545212,472.092
47.3838215,8.545212,472.092
47.3838203,8.5452121,472.041
47.3838203,8.5452121,472.041
47.3838181,8.54521,472.091
47.3838181,8.54521,472.091
47.383817,8.54521,472.063
47.383817,8.54521,472.063
47.3838156,8.5452095,472.003
47.3838156,8.5452095,472.003
47.3838141,8.5452098,471.931
47.3838141,8.5452098,471.931
47.3838126,8.5452104,471.789
47.3838126,8.5452104,471.789
47.3838112,8.5452111,471.697
47.3838112,8.5452111,471.697
47.3838105,8.5452137,471.628
47.3838105,8.5452137,471.628
47.3838092,8.5452146,471.564
47.3838092,8.5452146,471.564
47.3838073,8.5452148,471.593
47.3838073,8.5452148,471.593
47.383805,8.5452139,471.604
47.383805,8.5452139,471.604
47.3838037,8.5452156,471.542
47.3838037,8.5452156,471.542
47.3838017,8.5452152,471.577
47.3838017,8.5452152,471.577
47.3837999,8.5452152,471.606
47.3837999,8.5452152,471.606
47.3837986,8.5452163,471.566
47.3837986,8.5452163,471.566
47.3837973,8.5452173,471.549
47.3837973,8.5452173,471.549
47.3837952,8.5452162,471.641
47.3837952,8.5452162,471.641
47.3837936,8.5452167,471.617
47.3837936,8.5452167,471.617
47.3837917,8.545217,471.611
47.3837917,8.545217,471.611
47.3837898,8.545217,471.61
47.3837898,8.545217,471.61
47.383789,8.545219,471.539
47.383789,8.545219,471.539
47.3837878,8.5452198,471.495
47.3837878,8.5452198,471.495
47.3837874,8.5452229,471.34
47.3837874,8.5452229,471.34
47.3837872,8.5452258,471.271
47.3837872,8.5452258,471.271
47.3837852,8.5452235,471.366
47.3837852,8.5452235,471.366
47.3837835,8.5452226,471.416
47.3837835,8.5452226,471.416
47.3837821,8.5452227,471.284
47.3837821,8.5452227,471.284
47.3837804,8.5452223,471.35
47.3837804,8.5452223,471.35
47.3837799,8.5452247,471.269
47.3837799,8.5452247,471.269
47.3837777,8.5452231,471.359
47.3837777,8.5452231,471.359
47.383777,8.5452245,471.327
47.383777,8.5452245,471.327
47.3837758,8.5452254,471.268
47.3837758,8.5452254,471.268
47.3837746,8.5452265,471.236
47.3837746,8.5452265,471.236
47.3837733,8.5452278,471.216
47.3837733,8.5452278,471.216
47.3837719,8.5452292,471.173
47.3837719,8.5452292,471.173
47.3837695,8.5452281,471.239
47.3837695,8.5452281,471.239
47.383768,8.5452289,471.196
47.383768,8.5452289,471.196
47.3837659,8.5452275,471.301
47.3837659,8.5452275,471.301
47.3837651,8.5452269,471.519
47.3837651,8.5452269,471.519
47.3837645,8.5452284,471.415
47.3837645,8.5452284,471.415
47.3837628,8.5452284,471.414
47.3837628,8.5452284,471.414
47.3837617,8.5452296,471.316
47.3837617,8.5452296,471.316
47.3837608,8.5452315,471.156
47.3837608,8.5452315,471.156
47.3837591,8.5452316,471.132
47.3837591,8.5452316,471.132
47.3837575,8.545232,471.079
47.3837575,8.545232,471.079
47.3837568,8.5452341,470.922
47.3837568,8.5452341,470.922
47.3837562,8.5452354,470.785
47.3837562,8.5452354,470.785
47.3837545,8.5452355,470.775
47.3837545,8.5452355,470.775
47.3837535,8.5452366,470.699
47.3837535,8.5452366,470.699
47.3837529,8.5452386,470.62
47.3837529,8.5452386,470.62
47.3837526,8.5452411,470.473
47.3837526,8.5452411,470.473
47.3837515,8.5452426,470.374
47.3837515,8.5452426,470.374
47.3837503,8.5452439,470.384
47.3837503,8.5452439,470.384
47.3837495,8.5452458,470.341
47.3837495,8.5452458,470.341
47.3837478,8.5452451,470.374
47.3837478,8.5452451,470.374
47.3837465,8.5452461,470.313
47.3837465,8.5452461,470.313
47.3837454,8.5452469,470.347
47.3837454,8.5452469,470.347
47.3837446,8.5452481,470.323
47.3837446,8.5452481,470.323
47.3837438,8.5452501,470.14
47.3837438,8.5452501,470.14
47.3837427,8.545251,470.076
47.3837427,8.545251,470.076
47.3837414,8.5452519,470.152
47.3837414,8.5452519,470.152
47.3837414,8.545255,470.119
47.3837414,8.545255,470.119
47.3837404,8.5452561,470.149
47.3837404,8.5452561,470.149
47.383739,8.5452568,470.217
47.383739,8.5452568,470.217
47.3837385,8.5452604,470.135
47.3837385,8.5452604,470.135
47.383738,8.5452648,470.045
47.383738,8.5452648,470.045
47.3837372,8.5452686,469.941
47.3837372,8.5452686,469.941
47.3837348,8.5452695,469.987
47.3837348,8.5452695,469.987
47.3837331,8.5452717,469.982
47.3837331,8.5452717,469.982
47.3837321,8.5452745,469.928
47.3837321,8.5452745,469.928
47.3837299,8.545274,470.028
47.3837299,8.545274,470.028
47.3837283,8.5452754,470.035
47.3837283,8.5452754,470.035
47.3837261,8.5452757,470.189
47.3837261,8.5452757,470.189
47.383724,8.5452758,470.217
47.383724,8.5452758,470.217
47.383722,8.5452761,470.326
47.383722,8.5452761,470.326
47.3837209,8.5452786,470.279
47.3837209,8.5452786,470.279
47.3837196,8.5452796,470.265
47.3837196,8.5452796,470.265
47.3837188,8.5452817,470.24
47.3837188,8.5452817,470.24
47.3837176,8.5452842,470.147
47.3837176,8.5452842,470.147
47.3837157,8.5452859,470.135
47.3837157,8.5452859,470.135
47.3837143,8.5452884,470.182
47.3837143,8.5452884,470.182
47.3837129,8.54529,470.214
47.3837129,8.54529,470.214
47.3837114,8.545291,470.259
47.3837114,8.545291,470.259
47.3837103,8.5452925,470.253
47.3837103,8.5452925,470.253
47.383709,8.545294,470.363
47.383709,8.545294,470.363
47.3837081,8.5452958,470.364
47.3837081,8.5452958,470.364
47.3837065,8.5452966,470.414
47.3837065,8.5452966,470.414
47.3837044,8.5452963,470.551
47.3837044,8.5452963,470.551
47.3837019,8.5452946,470.534
47.3837019,8.5452946,470.534
47.3837002,8.5452948,470.549
47.3837002,8.5452948,470.549
47.3836987,8.5452953,470.525
47.3836987,8.5452953,470.525
47.3836968,8.5452947,470.48
47.3836968,8.5452947,470.48
47.3836955,8.5452946,470.499
47.3836955,8.5452946,470.499
47.383694,8.5452938,470.471
47.383694,8.5452938,470.471
47.3836922,8.545292,470.483
47.3836922,8.545292,470.483
47.3836911,8.5452917,470.471
47.3836911,8.5452917,470.471
47.3836904,8.5452921,470.479
47.3836904,8.5452921,470.479
47.3836902,8.545294,470.423
47.3836902,8.545294,470.423
47.3836899,8.5452958,470.317
47.3836899,8.5452958,470.317
47.3836893,8.5452961,470.333
47.3836893,8.5452961,470.333
47.3836902,8.5452992,470.293
47.3836902,8.5452992,470.293
47.3836898,8.5453005,470.232
47.3836898,8.5453005,470.232
47.3836888,8.5453004,470.217
47.3836888,8.5453004,470.217
47.383688,8.5453004,470.246
47.383688,8.5453004,470.246
47.3836875,8.5453009,470.191
47.3836875,8.5453009,470.191
47.3836871,8.545301,470.181
47.3836871,8.545301,470.181
47.3836871,8.5453005,470.138
47.3836871,8.5453005,470.138
47.3836875,8.5453006,470.086
47.3836875,8.5453006,470.086
47.3836876,8.5453,470.128
47.3836876,8.5453,470.128
47.3836878,8.5452998,470.077
47.3836878,8.5452998,470.077
47.3836878,8.5452997,469.921
47.3836878,8.5452997,469.921
47.3836878,8.5452997,469.68
47.3836878,8.5452997,469.68
47.383688,8.5453004,469.512
47.383688,8.5453004,469.512
47.3836877,8.5453,469.429
47.3836877,8.5453,469.429
47.3836874,8.5453002,469.309
47.3836874,8.5453002,469.309
47.3836866,8.5453002,469.139
47.3836866,8.5453002,469.139
47.3836859,8.5453005,469.047
47.3836859,8.5453005,469.047
47.3836849,8.5453003,468.924
47.3836849,8.5453003,468.924
47.383684,8.5453008,468.766
47.383684,8.5453008,468.766
47.3836831,8.5453014,468.701
47.3836831,8.5453014,468.701
47.3836823,8.5453014,468.629
47.3836823,8.5453014,468.629
47.3836813,8.5453017,468.533
47.3836813,8.5453017,468.533
47.3836801,8.545302,468.482
47.3836801,8.545302,468.482
47.3836787,8.5453021,468.436
47.3836787,8.5453021,468.436
47.3836773,8.5453017,468.518
47.3836773,8.5453017,468.518
47.3836754,8.5453015,468.557
47.3836754,8.5453015,468.557
47.3836738,8.545302,468.454
47.3836738,8.545302,468.454
47.3836724,8.5453017,468.486
47.3836724,8.5453017,468.486
47.3836705,8.5453016,468.516
47.3836705,8.5453016,468.516
47.3836684,8.5453013,468.525
47.3836684,8.5453013,468.525
47.3836669,8.545302,468.547
47.3836669,8.545302,468.547
47.3836651,8.5453023,468.45
47.3836651,8.5453023,468.45
47.3836626,8.5453011,468.53
47.3836626,8.5453011,468.53
47.3836605,8.5453014,468.63
47.3836605,8.5453014,468.63
47.3836591,8.5453024,468.53
47.3836591,8.5453024,468.53
47.3836576,8.5453028,468.518
47.3836576,8.5453028,468.518
47.3836565,8.5453032,468.404
47.3836565,8.5453032,468.404
47.3836551,8.5453036,468.35
47.3836551,8.5453036,468.35
47.3836532,8.5453052,468.296
47.3836532,8.5453052,468.296
47.3836523,8.5453073,468.204
47.3836523,8.5453073,468.204
47.3836518,8.5453098,468.184
47.3836518,8.5453098,468.184
47.3836512,8.5453116,468.074
47.3836512,8.5453116,468.074
47.3836504,8.5453127,467.98
47.3836504,8.5453127,467.98
47.3836495,8.5453137,468.006
47.3836495,8.5453137,468.006
47.383649,8.5453145,467.865
47.383649,8.5453145,467.865
47.3836488,8.5453161,467.759
47.3836488,8.5453161,467.759
47.3836483,8.5453165,467.69
47.3836483,8.5453165,467.69
47.3836476,8.5453173,467.667
47.3836476,8.5453173,467.667
47.3836478,8.545318,467.521
47.3836478,8.545318,467.521
47.3836478,8.5453184,467.416
47.3836478,8.5453184,467.416
47.3836471,8.5453182,467.486
47.3836471,8.5453182,467.486
47.3836464,8.5453197,467.514
47.3836464,8.5453197,467.514
47.3836441,8.5453201,467.711
47.3836441,8.5453201,467.711
47.3836429,8.5453205,467.725
47.3836429,8.5453205,467.725
47.3836416,8.5453212,467.769
47.3836416,8.5453212,467.769
47.3836399,8.5453203,467.806
47.3836399,8.5453203,467.806
47.3836385,8.5453209,467.817
47.3836385,8.5453209,467.817
47.3836375,8.5453211,467.721
47.3836375,8.5453211,467.721
47.383637,8.5453211,467.574
47.383637,8.5453211,467.574
47.3836358,8.5453211,467.572
47.3836358,8.5453211,467.572
47.3836344,8.5453206,467.583
47.3836344,8.5453206,467.583
47.3836331,8.5453201,467.54
47.3836331,8.5453201,467.54
47.3836315,8.5453195,467.557
47.3836315,8.5453195,467.557
47.383631,8.5453211,467.507
47.383631,8.5453211,467.507
47.3836296,8.545321,467.535
47.3836296,8.545321,467.535
47.3836282,8.5453206,467.585
47.3836282,8.5453206,467.585
47.3836273,8.5453213,467.591
47.3836273,8.5453213,467.591
47.3836263,8.5453216,467.519
47.3836263,8.5453216,467.519
47.3836254,8.5453215,467.5
47.3836254,8.5453215,467.5
47.3836241,8.5453211,467.533
47.3836241,8.5453211,467.533
47.3836224,8.5453201,467.684
47.3836224,8.5453201,467.684
47.3836213,8.5453204,467.74
47.3836213,8.5453204,467.74
47.3836203,8.5453209,467.776
47.3836203,8.5453209,467.776
47.3836186,8.5453206,467.928
47.3836186,8.5453206,467.928
47.3836172,8.545321,467.947
47.3836172,8.545321,467.947
47.383615,8.5453203,468.106
47.383615,8.5453203,468.106
47.3836131,8.5453201,468.208
47.3836131,8.5453201,468.208
47.3836119,8.5453202,468.268
47.3836119,8.5453202,468.268
47.383611,8.5453206,468.277
47.383611,8.5453206,468.277
47.3836099,8.545321,468.258
47.3836099,8.545321,468.258
47.38361,8.5453225,468.063
47.38361,8.5453225,468.063
47.3836089,8.5453224,468.083
47.3836089,8.5453224,468.083
47.383607,8.5453202,468.119
47.383607,8.5453202,468.119
47.3836058,8.5453194,468.078
47.3836058,8.5453194,468.078
47.3836039,8.5453178,468.054
47.3836039,8.5453178,468.054
47.3836017,8.5453157,468.102
47.3836017,8.5453157,468.102
47.383601,8.5453161,468.09
47.383601,8.5453161,468.09
47.3835998,8.5453157,468.224
47.3835998,8.5453157,468.224
47.3835988,8.5453157,468.234
47.3835988,8.5453157,468.234
47.3835976,8.5453159,468.255
47.3835976,8.5453159,468.255
47.383597,8.5453167,468.225
47.383597,8.5453167,468.225
47.3835958,8.5453161,468.337
47.3835958,8.5453161,468.337
47.3835949,8.5453159,468.37
47.3835949,8.5453159,468.37
47.3835936,8.5453164,468.41
47.3835936,8.5453164,468.41
47.3835918,8.5453161,468.584
47.3835918,8.5453161,468.584
47.3835904,8.5453158,468.65
47.3835904,8.5453158,468.65
47.3835891,8.5453156,468.737
47.3835891,8.5453156,468.737
47.3835882,8.5453161,468.861
47.3835882,8.5453161,468.861
47.3835875,8.5453162,468.894
47.3835875,8.5453162,468.894
47.3835864,8.5453164,468.88
47.3835864,8.5453164,468.88
47.3835854,8.5453172,468.926
47.3835854,8.5453172,468.926
47.3835842,8.5453172,468.975
47.3835842,8.5453172,468.975
47.3835834,8.5453174,468.927
47.3835834,8.5453174,468.927
47.3835827,8.5453175,468.944
47.3835827,8.5453175,468.944
47.3835821,8.5453173,468.998
47.3835821,8.5453173,468.998
47.3835821,8.5453176,469.209
47.3835821,8.5453176,469.209
47.3835814,8.5453169,469.255
47.3835814,8.5453169,469.255
47.3835808,8.5453165,469.239
47.3835808,8.5453165,469.239
47.3835808,8.5453178,469.204
47.3835808,8.5453178,469.204
47.3835801,8.5453173,469.281
47.3835801,8.5453173,469.281
47.3835797,8.545317,469.249
47.3835797,8.545317,469.249
47.3835787,8.5453162,469.28
47.3835787,8.5453162,469.28
47.3835783,8.545316,469.279
47.3835783,8.545316,469.279
47.3835782,8.5453168,469.22
47.3835782,8.5453168,469.22
47.3835777,8.545317,469.236
47.3835777,8.545317,469.236
47.3835775,8.5453177,469.226
47.3835775,8.5453177,469.226
47.3835771,8.5453176,469.216
47.3835771,8.5453176,469.216
47.3835768,8.545317,469.279
47.3835768,8.545317,469.279
47.3835768,8.545317,469.295
47.3835768,8.545317,469.295
47.3835767,8.5453168,469.225
47.3835767,8.5453168,469.225
47.3835764,8.5453164,469.25
47.3835764,8.5453164,469.25
47.383576,8.545316,469.306
47.383576,8.545316,469.306
47.3835757,8.5453162,469.36
47.3835757,8.5453162,469.36
47.3835753,8.5453162,469.379
47.3835753,8.5453162,469.379
47.3835747,8.5453154,469.453
47.3835747,8.5453154,469.453
47.3835744,8.5453159,469.428
47.3835744,8.5453159,469.428
47.3835737,8.5453156,469.453
47.3835737,8.5453156,469.453
47.3835735,8.5453158,469.402
47.3835735,8.5453158,469.402
47.3835732,8.5453158,469.425
47.3835732,8.5453158,469.425
47.3835733,8.5453169,469.299
47.3835733,8.5453169,469.299
47.3835727,8.545317,469.383
47.3835727,8.545317,469.383
47.3835719,8.5453163,469.402
47.3835719,8.5453163,469.402
47.383572,8.545318,469.367
47.383572,8.545318,469.367
47.3835716,8.5453188,469.357
47.3835716,8.5453188,469.357
47.3835711,8.5453199,469.315
47.3835711,8.5453199,469.315
47.3835702,8.5453198,469.391
47.3835702,8.5453198,469.391
47.3835684,8.5453199,469.636
47.3835684,8.5453199,469.636
47.3835672,8.5453205,469.733
47.3835672,8.5453205,469.733
47.3835664,8.5453212,469.788
47.3835664,8.5453212,469.788
47.3835652,8.545322,469.858
47.3835652,8.545322,469.858
47.383564,8.5453228,470.026
47.383564,8.5453228,470.026
47.383563,8.5453237,470.138
47.383563,8.5453237,470.138
47.3835625,8.5453244,470.281
47.3835625,8.5453244,470.281
47.383562,8.5453255,470.312
47.383562,8.5453255,470.312
47.3835611,8.5453263,470.362
47.3835611,8.5453263,470.362
47.3835605,8.5453269,470.425
47.3835605,8.5453269,470.425
47.38356,8.5453277,470.452
47.38356,8.5453277,470.452
47.3835594,8.5453276,470.509
47.3835594,8.5453276,470.509
47.3835589,8.5453273,470.557
47.3835589,8.5453273,470.557
47.3835581,8.5453267,470.667
47.3835581,8.5453267,470.667
47.3835577,8.5453266,470.76
47.3835577,8.5453266,470.76
47.3835574,8.5453268,470.86
47.3835574,8.5453268,470.86
47.383557,8.5453272,470.939
47.383557,8.5453272,470.939
47.3835567,8.545327,470.981
47.3835567,8.545327,470.981
47.3835559,8.5453265,471.095
47.3835559,8.5453265,471.095
47.3835552,8.5453265,471.167
47.3835552,8.5453265,471.167
47.3835552,8.5453266,471.187
47.3835552,8.5453266,471.187
47.3835545,8.5453266,471.181
47.3835545,8.5453266,471.181
47.383554,8.5453263,471.142
47.383554,8.5453263,471.142
47.3835534,8.5453257,471.136
47.3835534,8.5453257,471.136
47.3835531,8.5453257,471.112
47.3835531,8.5453257,471.112
47.3835527,8.545325,471.125
47.3835527,8.545325,471.125
47.383552,8.5453242,471.189
47.383552,8.5453242,471.189
47.3835518,8.5453241,471.23
47.3835518,8.5453241,471.23
47.383552,8.5453247,471.271
47.383552,8.5453247,471.271
47.3835515,8.5453237,471.298
47.3835515,8.5453237,471.298
47.3835515,8.5453237,471.299
47.3835515,8.5453237,471.299
47.3835512,8.5453228,471.255
47.3835512,8.5453228,471.255
47.3835506,8.5453219,471.279
47.3835506,8.5453219,471.279
47.3835501,8.5453212,471.327
47.3835501,8.5453212,471.327
47.3835495,8.5453206,471.328
47.3835495,8.5453206,471.328
47.3835497,8.5453218,471.331
47.3835497,8.5453218,471.331
47.3835495,8.5453218,471.316
47.3835495,8.5453218,471.316
47.3835494,8.5453218,471.35
47.3835494,8.5453218,471.35
47.3835492,8.5453219,471.295
47.3835492,8.5453219,471.295
47.383549,8.5453222,471.278
47.383549,8.5453222,471.278
47.3835484,8.5453219,471.278
47.3835484,8.5453219,471.278
47.3835483,8.5453227,471.238
47.3835483,8.5453227,471.238
47.3835484,8.5453238,471.22
47.3835484,8.5453238,471.22
47.3835482,8.5453244,471.245
47.3835482,8.5453244,471.245
47.3835484,8.5453255,471.239
47.3835484,8.5453255,471.239
47.3835488,8.5453266,471.272
47.3835488,8.5453266,471.272
47.3835495,8.5453283,471.261
47.3835495,8.5453283,471.261
47.3835499,8.5453293,471.284
47.3835499,8.5453293,471.284
47.3835502,8.5453301,471.233
47.3835502,8.5453301,471.233
47.3835501,8.5453304,471.288
47.3835501,8.5453304,471.288
47.3835498,8.5453304,471.269
47.3835498,8.5453304,471.269
47.3835493,8.5453301,471.301
47.3835493,8.5453301,471.301
47.3835499,8.5453312,471.319
47.3835499,8.5453312,471.319
47.3835508,8.5453319,471.354
47.3835508,8.5453319,471.354
47.3835513,8.5453319,471.36
47.3835513,8.5453319,471.36
47.3835515,8.5453318,471.281
47.3835515,8.5453318,471.281
47.3835519,8.545332,471.318
47.3835519,8.545332,471.318
47.3835527,8.5453333,471.285
47.3835527,8.5453333,471.285
47.3835532,8.5453334,471.212
47.3835532,8.5453334,471.212
47.3835534,8.545333,471.202
47.3835534,8.545333,471.202
47.3835541,8.5453332,471.117
47.3835541,8.5453332,471.117
47.3835543,8.5453329,471.074
47.3835543,8.5453329,471.074
47.3835546,8.5453337,470.912
47.3835546,8.5453337,470.912
47.3835546,8.5453337,470.825
47.3835546,8.5453337,470.825
47.3835549,8.5453339,470.66
47.3835549,8.5453339,470.66
47.3835555,8.5453351,470.609
47.3835555,8.5453351,470.609
47.3835559,8.5453363,470.604
47.3835559,8.5453363,470.604
47.3835561,8.5453362,470.64
47.3835561,8.5453362,470.64
47.3835564,8.5453366,470.609
47.3835564,8.5453366,470.609
47.3835559,8.5453366,470.57
47.3835559,8.5453366,470.57
47.3835557,8.5453368,470.424
47.3835557,8.5453368,470.424
47.3835553,8.5453368,470.417
47.3835553,8.5453368,470.417
47.3835546,8.5453371,470.421
47.3835546,8.5453371,470.421
47.3835544,8.545338,470.377
47.3835544,8.545338,470.377
47.3835539,8.5453382,470.394
47.3835539,8.5453382,470.394
47.3835535,8.545338,470.417
47.3835535,8.545338,470.417
47.3835537,8.5453369,470.58
47.3835537,8.5453369,470.58
47.3835529,8.545335,470.62
47.3835529,8.545335,470.62
47.3835531,8.5453349,470.603
47.3835531,8.5453349,470.603
47.3835524,8.545334,470.673
47.3835524,8.545334,470.673
47.3835517,8.5453334,470.665
47.3835517,8.5453334,470.665
47.3835519,8.5453338,470.635
47.3835519,8.5453338,470.635
47.3835514,8.5453335,470.797
47.3835514,8.5453335,470.797
47.3835503,8.5453329,470.915
47.3835503,8.5453329,470.915
47.3835508,8.5453331,470.851
47.3835508,8.5453331,470.851
47.383551,8.5453326,470.912
47.383551,8.5453326,470.912
47.383551,8.5453319,470.956
47.383551,8.5453319,470.956
47.3835506,8.5453306,470.935
47.3835506,8.5453306,470.935
47.3835511,8.5453306,470.823
47.3835511,8.5453306,470.823
47.3835517,8.5453307,470.762
47.3835517,8.5453307,470.762
47.3835516,8.5453298,470.846
47.3835516,8.5453298,470.846
47.3835519,8.5453304,470.839
47.3835519,8.5453304,470.839
47.383552,8.5453307,470.815
47.383552,8.5453307,470.815
47.3835521,8.5453309,470.766
47.3835521,8.5453309,470.766
47.3835521,8.5453317,470.788
47.3835521,8.5453317,470.788
47.3835529,8.5453323,470.616
47.3835529,8.5453323,470.616
47.3835538,8.5453336,470.469
47.3835538,8.5453336,470.469
47.3835542,8.5453346,470.463
47.3835542,8.5453346,470.463
47.3835547,8.5453354,470.425
47.3835547,8.5453354,470.425
47.3835564,8.5453369,470.177
47.3835564,8.5453369,470.177
47.3835568,8.545337,470.162
47.3835568,8.545337,470.162
47.3835572,8.5453375,470.14
47.3835572,8.5453375,470.14
47.3835571,8.5453376,470.132
47.3835571,8.5453376,470.132
47.3835581,8.5453378,470.221
47.3835581,8.5453378,470.221
47.3835585,8.5453378,470.237
47.3835585,8.5453378,470.237
47.3835583,8.5453377,470.277
47.3835583,8.5453377,470.277
47.3835585,8.5453388,470.302
47.3835585,8.5453388,470.302
47.383558,8.545339,470.425
47.383558,8.545339,470.425
47.3835575,8.5453392,470.553
47.3835575,8.5453392,470.553
47.3835574,8.5453397,470.498
47.3835574,8.5453397,470.498
47.3835579,8.5453416,470.589
47.3835579,8.5453416,470.589
47.3835584,8.5453432,470.539
47.3835584,8.5453432,470.539
47.3835583,8.5453443,470.213
47.3835583,8.5453443,470.213
47.3835574,8.5453439,470.232
47.3835574,8.5453439,470.232
47.3835573,8.545344,470.256
47.3835573,8.545344,470.256
47.3835573,8.5453444,470.308
47.3835573,8.5453444,470.308
47.3835575,8.5453451,470.407
47.3835575,8.5453451,470.407
47.3835578,8.5453457,470.326
47.3835578,8.5453457,470.326
47.3835577,8.5453458,470.321
47.3835577,8.5453458,470.321
47.3835579,8.5453462,470.325
47.3835579,8.5453462,470.325
47.3835584,8.5453468,470.264
47.3835584,8.5453468,470.264
47.3835581,8.5453464,470.424
47.3835581,8.5453464,470.424
47.3835578,8.5453468,470.361
47.3835578,8.5453468,470.361
47.3835569,8.5453469,470.371
47.3835569,8.5453469,470.371
47.3835566,8.5453484,470.372
47.3835566,8.5453484,470.372
47.3835565,8.54535,470.34
47.3835565,8.54535,470.34
47.3835559,8.5453515,470.447
47.3835559,8.5453515,470.447
47.3835546,8.5453525,470.565
47.3835546,8.5453525,470.565
47.3835538,8.5453542,470.615
47.3835538,8.5453542,470.615
47.3835528,8.5453558,470.64
47.3835528,8.5453558,470.64
47.383551,8.5453567,470.721
47.383551,8.5453567,470.721
47.3835493,8.5453572,470.789
47.3835493,8.5453572,470.789
47.3835475,8.545358,470.751
47.3835475,8.545358,470.751
47.3835462,8.545359,470.707
47.3835462,8.545359,470.707
47.3835454,8.54536,470.731
47.3835454,8.54536,470.731
47.3835446,8.5453609,470.817
47.3835446,8.5453609,470.817
47.3835434,8.5453608,471.001
47.3835434,8.5453608,471.001
47.3835421,8.5453607,471.137
47.3835421,8.5453607,471.137
47.3835407,8.5453596,471.311
47.3835407,8.5453596,471.311
47.3835401,8.5453603,471.25
47.3835401,8.5453603,471.25
47.3835397,8.5453612,471.23
47.3835397,8.5453612,471.23
47.3835397,8.545362,471.238
47.3835397,8.545362,471.238
47.3835397,8.545362,471.255
47.3835397,8.545362,471.255
47.3835397,8.5453626,471.215
47.3835397,8.5453626,471.215
47.3835398,8.5453625,471.235
47.3835398,8.5453625,471.235
47.3835406,8.5453635,471.101
47.3835406,8.5453635,471.101
47.3835406,8.545363,471.07
47.3835406,8.545363,471.07
47.3835409,8.5453631,471.046
47.3835409,8.5453631,471.046
47.3835411,8.5453624,471.102
47.3835411,8.5453624,471.102
47.383542,8.5453627,471.147
47.383542,8.5453627,471.147
47.3835431,8.5453639,470.996
47.3835431,8.5453639,470.996
47.3835438,8.5453648,470.936
47.3835438,8.5453648,470.936
47.3835448,8.5453667,470.713
47.3835448,8.5453667,470.713
47.3835447,8.5453663,470.724
47.3835447,8.5453663,470.724
47.3835454,8.5453673,470.689
47.3835454,8.5453673,470.689
47.3835457,8.5453673,470.736
47.3835457,8.5453673,470.736
47.3835471,8.54537,470.548
47.3835471,8.54537,470.548
47.3835474,8.545371,470.489
47.3835474,8.545371,470.489
47.3835476,8.5453718,470.432
47.3835476,8.5453718,470.432
47.3835481,8.5453733,470.363
47.3835481,8.5453733,470.363
47.3835481,8.5453738,470.453
47.3835481,8.5453738,470.453
47.3835482,8.5453749,470.414
47.3835482,8.5453749,470.414
47.3835492,8.5453774,470.351
47.3835492,8.5453774,470.351
47.3835489,8.545379,470.448
47.3835489,8.545379,470.448
47.3835484,8.54538,470.667
47.3835484,8.54538,470.667
47.3835476,8.5453817,470.707
47.3835476,8.5453817,470.707
47.3835466,8.5453838,470.764
47.3835466,8.5453838,470.764
47.3835469,8.5453869,470.681
47.3835469,8.5453869,470.681
47.3835477,8.5453897,470.501
47.3835477,8.5453897,470.501
47.3835482,8.5453917,470.267
47.3835482,8.5453917,470.267
47.3835482,8.5453942,470.136
47.3835482,8.5453942,470.136
47.3835465,8.5453951,470.308
47.3835465,8.5453951,470.308
47.383546,8.545397,470.187
47.383546,8.545397,470.187
47.3835447,8.5453971,470.174
47.3835447,8.5453971,470.174
47.3835429,8.545399,469.839
47.3835429,8.545399,469.839
47.3835422,8.5454011,469.645
47.3835422,8.5454011,469.645
47.3835406,8.5454026,469.579
47.3835406,8.5454026,469.579
47.3835394,8.5454032,469.588
47.3835394,8.5454032,469.588
47.3835385,8.5454066,469.595
47.3835385,8.5454066,469.595
47.3835382,8.5454071,469.479
47.3835382,8.5454071,469.479
47.3835375,8.5454084,469.47
47.3835375,8.5454084,469.47
47.3835364,8.5454101,469.459
47.3835364,8.5454101,469.459
47.3835353,8.5454122,469.468
47.3835353,8.5454122,469.468
47.3835338,8.5454133,469.423
47.3835338,8.5454133,469.423
47.3835326,8.5454144,469.397
47.3835326,8.5454144,469.397
47.3835304,8.5454141,469.384
47.3835304,8.5454141,469.384
47.3835296,8.5454153,469.172
47.3835296,8.5454153,469.172
47.3835295,8.5454155,469.168
47.3835295,8.5454155,469.168
47.3835296,8.5454152,469.201
47.3835296,8.5454152,469.201
47.3835304,8.545415,469.453
47.3835304,8.545415,469.453
47.3835308,8.5454154,469.389
47.3835308,8.5454154,469.389
47.3835301,8.5454157,469.181
47.3835301,8.5454157,469.181
47.3835302,8.545416,469.185
47.3835302,8.545416,469.185
47.3835297,8.5454159,469.195
47.3835297,8.5454159,469.195
47.3835302,8.5454161,469.311
47.3835302,8.5454161,469.311
47.3835321,8.5454176,469.146
47.3835321,8.5454176,469.146
47.3835339,8.5454186,468.953
47.3835339,8.5454186,468.953
47.3835363,8.5454193,469.032
47.3835363,8.5454193,469.032
47.3835385,8.5454202,468.982
47.3835385,8.5454202,468.982
47.3835399,8.5454212,469.013
47.3835399,8.5454212,469.013
47.3835386,8.5454215,468.881
47.3835386,8.5454215,468.881
47.3835389,8.5454222,468.7
47.3835389,8.5454222,468.7
47.3835388,8.545423,468.458
47.3835388,8.545423,468.458
47.383539,8.545424,468.489
47.383539,8.545424,468.489
47.3835417,8.5454253,468.259
47.3835417,8.5454253,468.259
47.383543,8.5454258,468.235
47.383543,8.5454258,468.235
47.3835446,8.5454264,468.16
47.3835446,8.5454264,468.16
47.3835454,8.5454278,468.295
47.3835454,8.5454278,468.295
47.3835453,8.5454292,468.182
47.3835453,8.5454292,468.182
47.383546,8.5454305,467.996
47.383546,8.5454305,467.996
47.3835476,8.5454315,467.992
47.3835476,8.5454315,467.992
47.3835485,8.5454334,467.959
47.3835485,8.5454334,467.959
47.3835485,8.5454334,467.959
47.383549,8.545445,467.528
47.383549,8.545445,467.528
47.383549,8.545445,467.528
47.3835505,8.5454533,467.462
47.3835505,8.5454533,467.462
47.3835508,8.5454549,467.147
47.3835508,8.5454549,467.147
47.3835519,8.5454565,467.063
47.3835519,8.5454565,467.063
47.3835542,8.5454583,467.12
47.3835542,8.5454583,467.12
47.3835549,8.5454597,467.188
47.3835549,8.5454597,467.188
47.3835567,8.5454612,467.108
47.3835567,8.5454612,467.108
47.3835578,8.545462,467.321
47.3835578,8.545462,467.321
47.3835584,8.5454634,467.104
47.3835584,8.5454634,467.104
47.3835589,8.5454642,467.154
47.3835589,8.5454642,467.154
47.38356,8.5454649,467.092
47.38356,8.5454649,467.092
47.3835605,8.5454654,467.274
47.3835605,8.5454654,467.274
47.3835608,8.5454655,467.611
47.3835608,8.5454655,467.611
47.383562,8.5454652,467.851
47.383562,8.5454652,467.851
47.3835624,8.5454663,467.784
47.3835624,8.5454663,467.784
47.3835641,8.5454658,467.898
47.3835641,8.5454658,467.898
47.3835651,8.5454661,467.957
47.3835651,8.5454661,467.957
47.3835673,8.5454667,467.89
47.3835673,8.5454667,467.89
47.3835707,8.5454677,468.032
47.3835707,8.5454677,468.032
47.3835733,8.5454687,467.821
47.3835733,8.5454687,467.821
47.3835757,8.5454692,468.007
47.3835757,8.5454692,468.007
47.3835777,8.5454701,467.922
47.3835777,8.5454701,467.922
47.3835806,8.5454702,467.799
47.3835806,8.5454702,467.799
47.3835817,8.5454707,467.796
47.3835817,8.5454707,467.796
47.3835818,8.5454712,467.798
47.3835818,8.5454712,467.798
47.3835829,8.5454722,468.0
47.3835829,8.5454722,468.0
47.3835839,8.5454739,467.959
47.3835839,8.5454739,467.959
47.3835839,8.5454743,468.266
47.3835839,8.5454743,468.266
47.3835837,8.5454752,468.336
47.3835837,8.5454752,468.336
47.3835841,8.5454764,468.056
47.3835841,8.5454764,468.056
47.3835837,8.5454769,467.986
47.3835837,8.5454769,467.986
47.3835841,8.5454773,468.002
47.3835841,8.5454773,468.002
47.3835844,8.545478,468.099
47.3835844,8.545478,468.099
47.3835831,8.5454785,468.205
47.3835831,8.5454785,468.205
47.3835828,8.5454795,468.08
47.3835828,8.5454795,468.08
47.3835842,8.5454804,467.957
47.3835842,8.5454804,467.957
47.383583,8.5454807,468.233
47.383583,8.5454807,468.233
47.3835816,8.545481,468.576
47.3835816,8.545481,468.576
47.383581,8.5454822,468.49
47.383581,8.5454822,468.49
47.3835815,8.5454829,468.576
47.3835815,8.5454829,468.576
47.3835806,8.5454831,468.483
47.3835806,8.5454831,468.483
47.3835788,8.5454836,468.76
47.3835788,8.5454836,468.76
47.383578,8.5454851,468.621
47.383578,8.5454851,468.621
47.383578,8.5454864,468.477
47.383578,8.5454864,468.477
47.3835767,8.5454871,468.431
47.3835767,8.5454871,468.431
47.3835748,8.5454869,468.174
47.3835748,8.5454869,468.174
47.3835731,8.5454869,468.117
47.3835731,8.5454869,468.117
47.3835722,8.5454868,468.052
47.3835722,8.5454868,468.052
47.3835721,8.5454872,467.929
47.3835721,8.5454872,467.929
47.3835723,8.5454871,467.875
47.3835723,8.5454871,467.875
47.3835719,8.5454869,467.728
47.3835719,8.5454869,467.728
47.3835689,8.5454828,467.383
47.3835689,8.5454828,467.383
47.3835654,8.5454777,467.211
47.3835654,8.5454777,467.211
47.3835607,8.5454716,467.644
47.3835607,8.5454716,467.644
47.3835594,8.5454698,467.752
47.3835594,8.5454698,467.752
47.3835589,8.5454697,467.765
47.3835589,8.5454697,467.765
47.3835586,8.5454703,467.762
47.3835586,8.5454703,467.762
47.3835579,8.5454701,467.872
47.3835579,8.5454701,467.872
47.3835573,8.5454706,467.86
47.3835573,8.5454706,467.86
47.3835563,8.5454708,467.873
47.3835563,8.5454708,467.873
47.3835564,8.545472,467.795
47.3835564,8.545472,467.795
47.3835566,8.5454737,467.7
47.3835566,8.5454737,467.7
47.3835565,8.5454753,467.55
47.3835565,8.5454753,467.55
47.3835565,8.5454766,467.655
47.3835565,8.5454766,467.655
47.3835571,8.5454779,467.61
47.3835571,8.5454779,467.61
47.3835571,8.5454796,467.554
47.3835571,8.5454796,467.554
47.3835581,8.5454829,467.382
47.3835581,8.5454829,467.382
47.3835583,8.545485,467.268
47.3835583,8.545485,467.268
47.3835585,8.5454869,467.23
47.3835585,8.5454869,467.23
47.3835588,8.5454899,466.982
47.3835588,8.5454899,466.982
47.3835588,8.5454919,466.93
47.3835588,8.5454919,466.93
47.3835584,8.5454935,466.775
47.3835584,8.5454935,466.775
47.3835587,8.5454963,466.423
47.3835587,8.5454963,466.423
47.3835591,8.5454989,466.266
47.3835591,8.5454989,466.266
47.3835583,8.5455008,465.913
47.3835583,8.5455008,465.913
47.3835568,8.5455011,465.787
47.3835568,8.5455011,465.787
47.3835563,8.5455029,465.221
47.3835563,8.5455029,465.221
47.3835555,8.545504,465.126
47.3835555,8.545504,465.126
47.3835544,8.5455056,464.924
47.3835544,8.5455056,464.924
47.3835524,8.5455081,464.656
47.3835524,8.5455081,464.656
47.3835513,8.5455112,464.356
47.3835513,8.5455112,464.356
47.3835504,8.5455135,464.051
47.3835504,8.5455135,464.051
47.3835484,8.545516,463.794
47.3835484,8.545516,463.794
47.3835464,8.5455175,463.712
47.3835464,8.5455175,463.712
47.3835458,8.5455193,463.297
47.3835458,8.5455193,463.297
47.3835442,8.5455212,463.027
47.3835442,8.5455212,463.027
47.3835436,8.5455237,462.875
47.3835436,8.5455237,462.875
47.3835417,8.5455243,463.014
47.3835417,8.5455243,463.014
47.3835407,8.5455254,462.883
47.3835407,8.5455254,462.883
47.3835389,8.5455253,463.014
47.3835389,8.5455253,463.014
47.3835366,8.545526,463.106
47.3835366,8.545526,463.106
47.3835374,8.5455274,463.112
47.3835374,8.5455274,463.112
47.3835376,8.5455295,463.271
47.3835376,8.5455295,463.271
47.3835401,8.5455309,462.729
47.3835401,8.5455309,462.729
47.3835397,8.5455316,462.767
47.3835397,8.5455316,462.767
47.3835404,8.5455336,463.065
47.3835404,8.5455336,463.065
47.3835402,8.5455364,463.175
47.3835402,8.5455364,463.175
47.3835402,8.5455385,463.007
47.3835402,8.5455385,463.007
47.3835394,8.5455402,462.879
47.3835394,8.5455402,462.879
47.3835391,8.5455416,462.782
47.3835391,8.5455416,462.782
47.3835376,8.5455427,462.896
47.3835376,8.5455427,462.896
47.3835378,8.5455442,463.218
47.3835378,8.5455442,463.218
47.3835383,8.5455454,463.334
47.3835383,8.5455454,463.334
47.3835391,8.5455469,463.456
47.3835391,8.5455469,463.456
47.3835407,8.5455481,463.314
47.3835407,8.5455481,463.314
47.3835423,8.5455497,463.126
47.3835423,8.5455497,463.126
47.3835435,8.5455514,463.127
47.3835435,8.5455514,463.127
47.3835431,8.5455535,463.325
47.3835431,8.5455535,463.325
47.3835427,8.5455549,463.631
47.3835427,8.5455549,463.631
47.3835431,8.5455586,463.801
47.3835431,8.5455586,463.801
47.383543,8.5455606,464.065
47.383543,8.5455606,464.065
47.3835422,8.5455625,464.355
47.3835422,8.5455625,464.355
47.3835435,8.5455648,464.546
47.3835435,8.5455648,464.546
47.383544,8.5455667,464.668
47.383544,8.5455667,464.668
47.3835441,8.5455686,464.944
47.3835441,8.5455686,464.944
47.3835446,8.5455706,465.195
47.3835446,8.5455706,465.195
47.3835423,8.5455719,465.965
47.3835423,8.5455719,465.965
47.3835404,8.5455738,466.776
47.3835404,8.5455738,466.776
47.3835404,8.5455752,467.082
47.3835404,8.5455752,467.082
47.3835409,8.5455777,467.263
47.3835409,8.5455777,467.263
47.3835418,8.5455799,467.287
47.3835418,8.5455799,467.287
47.3835439,8.5455819,467.301
47.3835439,8.5455819,467.301
47.3835452,8.5455843,467.268
47.3835452,8.5455843,467.268
47.3835475,8.545586,467.272
47.3835475,8.545586,467.272
47.3835489,8.5455875,467.306
47.3835489,8.5455875,467.306
47.3835505,8.545589,467.269
47.3835505,8.545589,467.269
47.383552,8.5455905,467.21
47.383552,8.5455905,467.21
47.3835541,8.5455923,467.139
47.3835541,8.5455923,467.139
47.3835562,8.5455939,467.055
47.3835562,8.5455939,467.055
47.383558,8.5455958,467.201
47.383558,8.5455958,467.201
47.3835587,8.5455981,467.301
47.3835587,8.5455981,467.301
47.3835589,8.5456,467.338
47.3835589,8.5456,467.338
47.3835597,8.545601,467.488
47.3835597,8.545601,467.488
47.3835605,8.5456026,467.48
47.3835605,8.5456026,467.48
47.383561,8.5456046,467.629
47.383561,8.5456046,467.629
47.3835618,8.5456065,467.65
47.3835618,8.5456065,467.65
47.383562,8.5456082,467.87
47.383562,8.5456082,467.87
47.3835645,8.5456105,467.57
47.3835645,8.5456105,467.57
47.3835663,8.5456132,467.294
47.3835663,8.5456132,467.294
47.3835681,8.5456152,466.839
47.3835681,8.5456152,466.839
47.3835713,8.5456175,466.271
47.3835713,8.5456175,466.271
47.3835741,8.5456193,465.791
47.3835741,8.5456193,465.791
47.3835771,8.5456209,465.256
47.3835771,8.5456209,465.256
47.3835796,8.5456217,464.74
47.3835796,8.5456217,464.74
47.3835824,8.5456227,464.264
47.3835824,8.5456227,464.264
47.3835863,8.5456241,463.739
47.3835863,8.5456241,463.739
47.383588,8.5456249,463.527
47.383588,8.5456249,463.527
47.3835897,8.5456256,463.402
47.3835897,8.5456256,463.402
47.3835909,8.5456268,463.353
47.3835909,8.5456268,463.353
47.3835928,8.545628,463.142
47.3835928,8.545628,463.142
47.3835941,8.5456288,463.09
47.3835941,8.5456288,463.09
47.3835938,8.5456297,463.003
47.3835938,8.5456297,463.003
47.3835955,8.5456311,462.891
47.3835955,8.5456311,462.891
47.383597,8.5456328,462.689
47.383597,8.5456328,462.689
47.383598,8.5456341,462.538
47.383598,8.5456341,462.538
47.3835997,8.5456359,462.387
47.3835997,8.5456359,462.387
47.3836009,8.5456378,462.24
47.3836009,8.5456378,462.24
47.3836021,8.5456397,462.136
47.3836021,8.5456397,462.136
47.3836031,8.5456414,462.049
47.3836031,8.5456414,462.049
47.3836044,8.5456429,461.867
47.3836044,8.5456429,461.867
47.3836077,8.545645,461.668
47.3836077,8.545645,461.668
47.3836059,8.5456451,462.054
47.3836059,8.5456451,462.054
47.383604,8.5456454,462.256
47.383604,8.5456454,462.256
47.3836051,8.5456457,462.031
47.3836051,8.5456457,462.031
47.3836059,8.5456466,461.797
47.3836059,8.5456466,461.797
47.3836071,8.545648,461.557
47.3836071,8.545648,461.557
47.3836073,8.5456497,461.394
47.3836073,8.5456497,461.394
47.3836069,8.5456507,461.355
47.3836069,8.5456507,461.355
47.3836066,8.5456515,461.466
47.3836066,8.5456515,461.466
47.3836068,8.545652,461.347
47.3836068,8.545652,461.347
47.3836065,8.5456532,461.064
47.3836065,8.5456532,461.064
47.383605,8.5456555,461.175
47.383605,8.5456555,461.175
47.3836036,8.5456583,461.254
47.3836036,8.5456583,461.254
47.3836028,8.5456599,460.982
47.3836028,8.5456599,460.982
47.3836009,8.5456615,461.073
47.3836009,8.5456615,461.073
47.3835991,8.5456637,460.886
47.3835991,8.5456637,460.886
47.3835985,8.5456645,460.976
47.3835985,8.5456645,460.976
47.3835968,8.5456657,461.125
47.3835968,8.5456657,461.125
47.3835961,8.5456675,461.227
47.3835961,8.5456675,461.227
47.3835957,8.5456687,461.394
47.3835957,8.5456687,461.394
47.3835953,8.5456706,461.682
47.3835953,8.5456706,461.682
47.3835946,8.5456724,461.88
47.3835946,8.5456724,461.88
47.3835934,8.545674,461.945
47.3835934,8.545674,461.945
47.3835926,8.5456754,462.015
47.3835926,8.5456754,462.015
47.3835919,8.5456761,462.02
47.3835919,8.5456761,462.02
47.3835913,8.5456767,462.102
47.3835913,8.5456767,462.102
47.3835912,8.5456769,462.139
47.3835912,8.5456769,462.139
47.3835906,8.5456778,462.157
47.3835906,8.5456778,462.157
47.38359,8.5456783,462.08
47.38359,8.5456783,462.08
47.3835895,8.5456803,462.033
47.3835895,8.5456803,462.033
47.3835895,8.5456821,461.989
47.3835895,8.5456821,461.989
47.3835902,8.5456838,462.257
47.3835902,8.5456838,462.257
47.383591,8.5456852,462.546
47.383591,8.5456852,462.546
47.383592,8.5456861,462.798
47.383592,8.5456861,462.798
47.3835926,8.5456875,463.033
47.3835926,8.5456875,463.033
47.3835937,8.5456887,463.378
47.3835937,8.5456887,463.378
47.3835949,8.5456894,463.647
47.3835949,8.5456894,463.647
47.3835964,8.5456911,464.123
47.3835964,8.5456911,464.123
47.3835969,8.5456926,464.195
47.3835969,8.5456926,464.195
47.3835967,8.5456942,464.299
47.3835967,8.5456942,464.299
47.3835966,8.5456951,464.251
47.3835966,8.5456951,464.251
47.3835976,8.5456963,464.408
47.3835976,8.5456963,464.408
47.3835994,8.5456975,464.83
47.3835994,8.5456975,464.83
47.3835997,8.5456991,464.981
47.3835997,8.5456991,464.981
47.3835994,8.5457008,465.114
47.3835994,8.5457008,465.114
47.3836005,8.5457027,465.507
47.3836005,8.5457027,465.507
47.3836014,8.5457041,465.648
47.3836014,8.5457041,465.648
47.3836025,8.5457058,465.873
47.3836025,8.5457058,465.873
47.3836036,8.5457085,466.251
47.3836036,8.5457085,466.251
47.3836041,8.5457102,466.47
47.3836041,8.5457102,466.47
47.3836046,8.5457122,466.734
47.3836046,8.5457122,466.734
47.3836059,8.5457139,467.106
47.3836059,8.5457139,467.106
47.3836079,8.5457149,467.45
47.3836079,8.5457149,467.45
47.3836086,8.5457171,467.642
47.3836086,8.5457171,467.642
47.3836093,8.5457187,467.719
47.3836093,8.5457187,467.719
47.383611,8.5457194,467.989
47.383611,8.5457194,467.989
47.383613,8.5457202,468.297
47.383613,8.5457202,468.297
47.3836153,8.5457208,468.649
47.3836153,8.5457208,468.649
47.3836177,8.5457213,468.939
47.3836177,8.5457213,468.939
47.3836204,8.5457215,469.244
47.3836204,8.5457215,469.244
47.3836226,8.5457221,469.553
47.3836226,8.5457221,469.553
47.3836241,8.5457233,469.746
47.3836241,8.5457233,469.746
47.3836244,8.5457243,469.644
47.3836244,8.5457243,469.644
47.3836231,8.5457255,469.934
47.3836231,8.5457255,469.934
47.3836238,8.5457264,470.078
47.3836238,8.5457264,470.078
47.3836257,8.5457282,470.391
47.3836257,8.5457282,470.391
47.3836278,8.54573,470.679
47.3836278,8.54573,470.679
47.3836302,8.5457321,471.099
47.3836302,8.5457321,471.099
47.3836329,8.5457334,471.492
47.3836329,8.5457334,471.492
47.3836354,8.5457351,471.845
47.3836354,8.5457351,471.845
47.383638,8.5457366,472.217
47.383638,8.5457366,472.217
47.3836406,8.5457384,472.678
47.3836406,8.5457384,472.678
47.3836424,8.54574,472.852
47.3836424,8.54574,472.852
47.3836436,8.5457413,472.91
47.3836436,8.5457413,472.91
47.3836447,8.5457435,473.011
47.3836447,8.5457435,473.011
47.383645,8.5457453,472.956
47.383645,8.5457453,472.956
47.3836451,8.5457474,472.858
47.3836451,8.5457474,472.858
47.383645,8.5457499,472.791
47.383645,8.5457499,472.791
47.3836458,8.5457525,472.8
47.3836458,8.5457525,472.8
47.3836471,8.5457549,472.894
47.3836471,8.5457549,472.894
47.3836484,8.5457572,472.97
47.3836484,8.5457572,472.97
47.3836493,8.5457595,473.016
47.3836493,8.5457595,473.016
47.3836509,8.5457615,473.208
47.3836509,8.5457615,473.208
47.3836526,8.5457634,473.137
47.3836526,8.5457634,473.137
47.3836535,8.5457648,473.083
47.3836535,8.5457648,473.083
47.3836545,8.5457653,472.977
47.3836545,8.5457653,472.977
47.3836554,8.5457663,472.89
47.3836554,8.5457663,472.89
47.3836559,8.5457682,472.839
47.3836559,8.5457682,472.839
47.3836577,8.5457697,472.881
47.3836577,8.5457697,472.881
47.3836584,8.5457714,472.845
47.3836584,8.5457714,472.845
47.3836592,8.5457732,472.893
47.3836592,8.5457732,472.893
47.3836597,8.5457756,472.883
47.3836597,8.5457756,472.883
47.3836603,8.5457773,472.811
47.3836603,8.5457773,472.811
47.3836588,8.5457801,472.911
47.3836588,8.5457801,472.911
47.3836585,8.5457823,472.697
47.3836585,8.5457823,472.697
47.3836591,8.5457842,472.657
47.3836591,8.5457842,472.657
47.3836597,8.5457867,472.769
47.3836597,8.5457867,472.769
47.3836614,8.5457889,473.028
47.3836614,8.5457889,473.028
47.3836622,8.545791,473.054
47.3836622,8.545791,473.054
47.3836624,8.5457932,473.051
47.3836624,8.5457932,473.051
47.3836623,8.5457949,472.881
47.3836623,8.5457949,472.881
47.3836621,8.545797,472.793
47.3836621,8.545797,472.793
47.3836632,8.5457987,472.828
47.3836632,8.5457987,472.828
47.3836632,8.5458,472.668
47.3836632,8.5458,472.668
47.3836635,8.5458013,472.633
47.3836635,8.5458013,472.633
47.3836633,8.5458027,472.597
47.3836633,8.5458027,472.597
47.383664,8.5458043,472.813
47.383664,8.5458043,472.813
47.3836652,8.5458061,473.145
47.3836652,8.5458061,473.145
47.3836669,8.5458072,473.447
47.3836669,8.5458072,473.447
47.3836676,8.5458089,473.546
47.3836676,8.5458089,473.546
47.3836687,8.5458111,473.668
47.3836687,8.5458111,473.668
47.3836687,8.5458131,473.521
47.3836687,8.5458131,473.521
47.3836697,8.5458152,473.663
47.3836697,8.5458152,473.663
47.3836708,8.5458172,473.667
47.3836708,8.5458172,473.667
47.3836717,8.5458196,473.759
47.3836717,8.5458196,473.759
47.3836723,8.545822,473.97
47.3836723,8.545822,473.97
47.3836736,8.5458237,474.194
47.3836736,8.5458237,474.194
47.3836741,8.5458258,474.47
47.3836741,8.5458258,474.47
47.3836734,8.5458286,474.595
47.3836734,8.5458286,474.595
47.3836733,8.5458309,474.754
47.3836733,8.5458309,474.754
47.3836746,8.5458327,474.709
47.3836746,8.5458327,474.709
47.3836758,8.5458343,474.609
47.3836758,8.5458343,474.609
47.3836767,8.5458362,474.289
47.3836767,8.5458362,474.289
47.383678,8.5458386,474.338
47.383678,8.5458386,474.338
47.3836796,8.5458404,474.486
47.3836796,8.5458404,474.486
47.3836807,8.5458423,474.508
47.3836807,8.5458423,474.508
47.3836812,8.5458444,474.553
47.3836812,8.5458444,474.553
47.3836815,8.5458471,474.65
47.3836815,8.5458471,474.65
47.3836817,8.5458487,474.807
47.3836817,8.5458487,474.807
47.3836824,8.5458512,474.735
47.3836824,8.5458512,474.735
47.3836828,8.5458532,474.697
47.3836828,8.5458532,474.697
47.3836838,8.5458546,474.685
47.3836838,8.5458546,474.685
47.3836851,8.5458554,474.714
47.3836851,8.5458554,474.714
47.3836865,8.5458561,474.737
47.3836865,8.5458561,474.737
47.3836872,8.5458573,474.629
47.3836872,8.5458573,474.629
47.3836884,8.5458592,474.758
47.3836884,8.5458592,474.758
47.3836895,8.545861,474.809
47.3836895,8.545861,474.809
47.3836908,8.5458626,475.003
47.3836908,8.5458626,475.003
47.3836911,8.5458645,474.96
47.3836911,8.5458645,474.96
47.3836921,8.5458658,474.993
47.3836921,8.5458658,474.993
47.383693,8.545867,474.929
47.383693,8.545867,474.929
47.3836946,8.5458678,475.049
47.3836946,8.5458678,475.049
47.3836955,8.5458701,475.411
47.3836955,8.5458701,475.411
47.3836965,8.5458719,475.55
47.3836965,8.5458719,475.55
47.3836966,8.5458742,475.648
47.3836966,8.5458742,475.648
47.3836962,8.5458764,475.491
47.3836962,8.5458764,475.491
47.3836973,8.5458787,475.763
47.3836973,8.5458787,475.763
47.3836985,8.5458809,475.846
47.3836985,8.5458809,475.846
47.3836995,8.5458825,475.793
47.3836995,8.5458825,475.793
47.3837004,8.5458844,475.758
47.3837004,8.5458844,475.758
47.3837009,8.5458871,475.816
47.3837009,8.5458871,475.816
47.3837015,8.5458891,475.804
47.3837015,8.5458891,475.804
47.3837026,8.545891,475.924
47.3837026,8.545891,475.924
47.3837032,8.5458929,475.968
47.3837032,8.5458929,475.968
47.3837031,8.5458946,475.845
47.3837031,8.5458946,475.845
47.3837033,8.5458961,475.869
47.3837033,8.5458961,475.869
47.3837036,8.545897,475.702
47.3837036,8.545897,475.702
47.3837035,8.5458984,475.511
47.3837035,8.5458984,475.511
47.383704,8.5458997,475.319
47.383704,8.5458997,475.319
47.3837044,8.5459008,475.043
47.3837044,8.5459008,475.043
47.3837051,8.5459017,474.81
47.3837051,8.5459017,474.81
47.3837062,8.5459029,474.778
47.3837062,8.5459029,474.778
47.383707,8.545904,474.628
47.383707,8.545904,474.628
47.3837084,8.5459052,474.445
47.3837084,8.5459052,474.445
47.3837108,8.5459066,474.641
47.3837108,8.5459066,474.641
47.3837132,8.5459076,474.872
47.3837132,8.5459076,474.872
47.3837153,8.5459094,475.069
47.3837153,8.5459094,475.069
47.3837176,8.5459107,475.342
47.3837176,8.5459107,475.342
47.3837187,8.5459129,475.259
47.3837187,8.5459129,475.259
47.3837192,8.5459148,475.267
47.3837192,8.5459148,475.267
47.3837188,8.5459165,475.107
47.3837188,8.5459165,475.107
47.383719,8.545918,475.04
47.383719,8.545918,475.04
47.3837196,8.5459196,475.122
47.3837196,8.5459196,475.122
47.3837199,8.5459217,475.122
47.3837199,8.5459217,475.122
47.3837199,8.5459239,474.978
47.3837199,8.5459239,474.978
47.3837208,8.5459261,475.067
47.3837208,8.5459261,475.067
47.3837209,8.5459281,474.996
47.3837209,8.5459281,474.996
47.3837207,8.5459303,474.809
47.3837207,8.5459303,474.809
47.3837193,8.5459331,474.317
47.3837193,8.5459331,474.317
47.383718,8.5459357,474.004
47.383718,8.5459357,474.004
47.3837172,8.5459381,473.657
47.3837172,8.5459381,473.657
47.3837161,8.5459406,473.389
47.3837161,8.5459406,473.389
47.3837158,8.5459422,473.2
47.3837158,8.5459422,473.2
47.383716,8.5459437,473.04
47.383716,8.5459437,473.04
47.383716,8.5459453,472.802
47.383716,8.5459453,472.802
47.3837155,8.5459471,472.458
47.3837155,8.5459471,472.458
47.3837159,8.5459493,472.426
47.3837159,8.5459493,472.426
47.3837163,8.5459522,472.374
47.3837163,8.5459522,472.374
47.3837167,8.5459549,472.29
47.3837167,8.5459549,472.29
47.3837171,8.5459577,472.227
47.3837171,8.5459577,472.227
47.3837186,8.5459601,472.45
47.3837186,8.5459601,472.45
47.3837195,8.545963,472.541
47.3837195,8.545963,472.541
47.3837202,8.545966,472.599
47.3837202,8.545966,472.599
47.3837204,8.5459688,472.477
47.3837204,8.5459688,472.477
47.3837202,8.5459711,472.787
47.3837202,8.5459711,472.787
47.3837206,8.5459733,472.828
47.3837206,8.5459733,472.828
47.3837214,8.5459755,472.829
47.3837214,8.5459755,472.829
47.3837223,8.5459769,472.822
47.3837223,8.5459769,472.822
47.3837232,8.5459778,472.776
47.3837232,8.5459778,472.776
47.3837244,8.5459784,472.756
47.3837244,8.5459784,472.756
47.3837247,8.5459795,472.545
47.3837247,8.5459795,472.545
47.3837243,8.5459813,472.378
47.3837243,8.5459813,472.378
47.3837242,8.5459833,472.26
47.3837242,8.5459833,472.26
47.3837241,8.5459847,472.03
47.3837241,8.5459847,472.03
47.3837248,8.5459858,471.899
47.3837248,8.5459858,471.899
47.3837252,8.5459869,471.741
47.3837252,8.5459869,471.741
47.3837249,8.5459878,471.461
47.3837249,8.5459878,471.461
47.3837244,8.5459883,471.134
47.3837244,8.5459883,471.134
47.383724,8.5459889,470.857
47.383724,8.5459889,470.857
47.3837245,8.5459899,470.823
47.3837245,8.5459899,470.823
47.3837259,8.5459913,470.881
47.3837259,8.5459913,470.881
47.3837276,8.5459926,470.979
47.3837276,8.5459926,470.979
47.3837298,8.5459933,471.056
47.3837298,8.5459933,471.056
47.383731,8.5459945,470.994
47.383731,8.5459945,470.994
47.3837321,8.545996,471.001
47.3837321,8.545996,471.001
47.3837327,8.5459974,470.725
47.3837327,8.5459974,470.725
47.3837337,8.5459993,470.723
47.3837337,8.5459993,470.723
47.3837352,8.5460013,470.884
47.3837352,8.5460013,470.884
47.3837364,8.5460031,471.009
47.3837364,8.5460031,471.009
47.3837375,8.5460046,471.11
47.3837375,8.5460046,471.11
47.3837394,8.5460054,471.09
47.3837394,8.5460054,471.09
47.3837402,8.5460068,471.115
47.3837402,8.5460068,471.115
47.3837406,8.5460086,471.159
47.3837406,8.5460086,471.159
47.3837413,8.54601,471.003
47.3837413,8.54601,471.003
47.3837406,8.5460121,470.878
47.3837406,8.5460121,470.878
47.3837402,8.5460145,470.619
47.3837402,8.5460145,470.619
47.38374,8.5460185,470.296
47.38374,8.5460185,470.296
47.3837429,8.5460214,470.512
47.3837429,8.5460214,470.512
47.3837454,8.5460237,470.75
47.3837454,8.5460237,470.75
47.383748,8.5460258,471.121
47.383748,8.5460258,471.121
47.383749,8.546029,471.123
47.383749,8.546029,471.123
47.383751,8.5460307,471.296
47.383751,8.5460307,471.296
47.3837529,8.5460327,471.462
47.3837529,8.5460327,471.462
47.3837543,8.5460343,471.516
47.3837543,8.5460343,471.516
47.3837558,8.546036,471.439
47.3837558,8.546036,471.439
47.3837573,8.5460371,471.435
47.3837573,8.5460371,471.435
47.3837579,8.5460391,471.606
47.3837579,8.5460391,471.606
47.3837583,8.5460415,471.822
47.3837583,8.5460415,471.822
47.3837591,8.5460436,471.97
47.3837591,8.5460436,471.97
47.383759,8.5460455,472.146
47.383759,8.5460455,472.146
47.3837592,8.5460469,472.077
47.3837592,8.5460469,472.077
47.3837595,8.5460486,472.372
47.3837595,8.5460486,472.372
47.3837613,8.5460505,472.722
47.3837613,8.5460505,472.722
47.3837643,8.5460523,472.868
47.3837643,8.5460523,472.868
47.3837654,8.5460542,473.398
47.3837654,8.5460542,473.398
47.3837676,8.5460557,473.861
47.3837676,8.5460557,473.861
47.3837706,8.5460577,473.909
47.3837706,8.5460577,473.909
47.383771,8.54606,474.061
47.383771,8.54606,474.061
47.3837703,8.5460621,474.35
47.3837703,8.5460621,474.35
47.3837705,8.5460643,474.51
47.3837705,8.5460643,474.51
47.3837705,8.5460664,474.859
47.3837705,8.5460664,474.859
47.3837716,8.5460688,474.854
47.3837716,8.5460688,474.854
47.3837714,8.5460707,475.127
47.3837714,8.5460707,475.127
47.3837735,8.546073,475.004
47.3837735,8.546073,475.004
47.3837752,8.5460753,475.068
47.3837752,8.5460753,475.068
47.383777,8.5460772,475.146
47.383777,8.5460772,475.146
47.3837782,8.5460787,475.158
47.3837782,8.5460787,475.158
47.3837802,8.5460801,475.242
47.3837802,8.5460801,475.242
47.3837813,8.5460821,475.209
47.3837813,8.5460821,475.209
47.3837834,8.5460834,475.203
47.3837834,8.5460834,475.203
47.3837854,8.5460842,475.405
47.3837854,8.5460842,475.405
47.3837865,8.5460853,475.369
47.3837865,8.5460853,475.369
47.3837879,8.5460867,475.302
47.3837879,8.5460867,475.302
47.3837877,8.5460881,475.448
47.3837877,8.5460881,475.448
47.3837897,8.5460896,475.251
47.3837897,8.5460896,475.251
47.3837911,8.5460904,475.551
47.3837911,8.5460904,475.551
47.3837913,8.5460909,476.042
47.3837913,8.5460909,476.042
47.3837921,8.5460916,476.188
47.3837921,8.5460916,476.188
47.3837933,8.546093,476.143
47.3837933,8.546093,476.143
47.3837949,8.546094,476.534
47.3837949,8.546094,476.534
47.3837965,8.5460949,476.687
47.3837965,8.5460949,476.687
47.3837964,8.5460965,476.418
47.3837964,8.5460965,476.418
47.3837959,8.5460975,476.246
47.3837959,8.5460975,476.246
47.3837965,8.5460979,476.556
47.3837965,8.5460979,476.556
47.3837968,8.5460983,476.783
47.3837968,8.5460983,476.783
47.3837988,8.5460992,476.841
47.3837988,8.5460992,476.841
47.3838,8.5461003,476.587
47.3838,8.5461003,476.587
47.3838016,8.5461008,476.843
47.3838016,8.5461008,476.843
47.3838015,8.5461011,477.05
47.3838015,8.5461011,477.05
47.3838015,8.5461018,477.039
47.3838015,8.5461018,477.039
47.3838031,8.5461038,476.717
47.3838031,8.5461038,476.717
47.383804,8.5461052,476.844
47.383804,8.5461052,476.844
47.3838051,8.5461058,477.008
47.3838051,8.5461058,477.008
47.3838064,8.5461058,476.855
47.3838064,8.5461058,476.855
47.383807,8.5461058,476.994
47.383807,8.5461058,476.994
47.3838077,8.5461055,477.104
47.3838077,8.5461055,477.104
47.3838092,8.5461057,477.179
47.3838092,8.5461057,477.179
47.3838122,8.5461057,477.226
47.3838122,8.5461057,477.226
47.3838147,8.5461044,477.641
47.3838147,8.5461044,477.641
47.3838158,8.546103,478.333
47.3838158,8.546103,478.333
47.3838183,8.5461022,478.545
47.3838183,8.5461022,478.545
47.3838211,8.5461011,478.797
47.3838211,8.5461011,478.797
47.3838231,8.5461002,479.279
47.3838231,8.5461002,479.279
47.3838254,8.5460987,479.705
47.3838254,8.5460987,479.705
47.3838276,8.546098,479.848
47.3838276,8.546098,479.848
47.3838296,8.5460975,479.925
47.3838296,8.5460975,479.925
47.3838298,8.5460971,480.057
47.3838298,8.5460971,480.057
47.3838314,8.5460962,479.926
47.3838314,8.5460962,479.926
47.3838314,8.5460965,479.995
47.3838314,8.5460965,479.995
47.383831,8.546096,480.121
47.383831,8.546096,480.121
47.3838315,8.5460949,480.083
47.3838315,8.5460949,480.083
47.3838324,8.546095,479.932
47.3838324,8.546095,479.932
47.3838351,8.5460954,480.062
47.3838351,8.5460954,480.062
47.383837,8.5460956,480.056
47.383837,8.5460956,480.056
47.3838385,8.5460954,480.337
47.3838385,8.5460954,480.337
47.3838387,8.5460956,480.547
47.3838387,8.5460956,480.547
47.3838382,8.546096,480.686
47.3838382,8.546096,480.686
47.3838382,8.5460967,480.522
47.3838382,8.5460967,480.522
47.3838389,8.5460979,480.318
47.3838389,8.5460979,480.318
47.3838378,8.5460994,480.325
47.3838378,8.5460994,480.325
47.3838385,8.5461002,480.162
47.3838385,8.5461002,480.162
47.3838396,8.5461013,479.984
47.3838396,8.5461013,479.984
47.3838408,8.5461027,479.792
47.3838408,8.5461027,479.792
47.3838417,8.546104,479.766
47.3838417,8.546104,479.766
47.3838405,8.5461049,480.053
47.3838405,8.5461049,480.053
47.3838389,8.5461044,480.289
47.3838389,8.5461044,480.289
47.3838389,8.5461069,480.306
47.3838389,8.5461069,480.306
47.3838386,8.5461076,480.396
47.3838386,8.5461076,480.396
47.383839,8.5461088,480.253
47.383839,8.5461088,480.253
47.3838409,8.5461113,480.193
47.3838409,8.5461113,480.193
47.3838412,8.5461129,480.013
47.3838412,8.5461129,480.013
47.383842,8.5461146,480.019
47.383842,8.5461146,480.019
47.3838418,8.5461159,480.136
47.3838418,8.5461159,480.136
47.3838422,8.5461162,480.079
47.3838422,8.5461162,480.079
47.3838403,8.5461166,480.034
47.3838403,8.5461166,480.034
47.3838405,8.546116,479.709
47.3838405,8.546116,479.709
47.3838413,8.5461147,479.416
47.3838413,8.5461147,479.416
47.3838416,8.5461143,479.175
47.3838416,8.5461143,479.175
47.3838416,8.5461142,479.163
47.3838416,8.5461142,479.163
47.3838404,8.5461139,479.36
47.3838404,8.5461139,479.36
47.3838391,8.5461144,479.828
47.3838391,8.5461144,479.828
47.3838373,8.5461158,479.535
47.3838373,8.5461158,479.535
47.3838355,8.5461167,478.829
47.3838355,8.5461167,478.829
47.3838338,8.5461177,478.384
47.3838338,8.5461177,478.384
47.3838327,8.5461185,478.303
47.3838327,8.5461185,478.303
47.3838339,8.5461194,478.276
47.3838339,8.5461194,478.276
47.383835,8.546119,477.917
47.383835,8.546119,477.917
47.3838354,8.5461194,477.446
47.3838354,8.5461194,477.446
47.3838359,8.5461208,477.473
47.3838359,8.5461208,477.473
47.3838355,8.5461219,477.302
47.3838355,8.5461219,477.302
47.3838359,8.5461239,476.847
47.3838359,8.5461239,476.847
47.3838363,8.546125,476.223
47.3838363,8.546125,476.223
47.3838381,8.5461275,476.522
47.3838381,8.5461275,476.522
47.3838404,8.5461286,476.74
47.3838404,8.5461286,476.74
47.3838425,8.5461284,477.154
47.3838425,8.5461284,477.154
47.3838443,8.5461286,476.889
47.3838443,8.5461286,476.889
47.3838463,8.5461292,476.821
47.3838463,8.5461292,476.821
47.3838473,8.5461298,476.647
47.3838473,8.5461298,476.647
47.3838485,8.5461293,476.283
47.3838485,8.5461293,476.283
47.3838482,8.5461294,476.378
47.3838482,8.5461294,476.378
47.3838485,8.5461297,476.698
47.3838485,8.5461297,476.698
47.383849,8.546129,476.129
47.383849,8.546129,476.129
47.3838511,8.5461283,475.721
47.3838511,8.5461283,475.721
47.3838539,8.5461285,475.683
47.3838539,8.5461285,475.683
47.3838562,8.5461278,475.976
47.3838562,8.5461278,475.976
47.3838571,8.5461269,475.996
47.3838571,8.5461269,475.996
47.3838592,8.5461269,476.063
47.3838592,8.5461269,476.063
47.3838595,8.5461274,476.06
47.3838595,8.5461274,476.06
47.3838598,8.5461268,476.155
47.3838598,8.5461268,476.155
47.3838595,8.546127,476.17
47.3838595,8.546127,476.17
47.3838606,8.5461263,476.172
47.3838606,8.5461263,476.172
47.3838616,8.5461251,475.928
47.3838616,8.5461251,475.928
47.3838632,8.5461244,475.739
47.3838632,8.5461244,475.739
47.3838627,8.5461251,475.946
47.3838627,8.5461251,475.946
47.3838621,8.5461252,476.027
47.3838621,8.5461252,476.027
47.3838637,8.5461261,475.948
47.3838637,8.5461261,475.948
47.3838662,8.5461264,475.885
47.3838662,8.5461264,475.885
47.3838672,8.5461273,475.911
47.3838672,8.5461273,475.911
47.3838695,8.5461269,475.864
47.3838695,8.5461269,475.864
47.3838701,8.546127,475.981
47.3838701,8.546127,475.981
47.3838724,8.5461268,475.849
47.3838724,8.5461268,475.849
47.3838745,8.5461267,475.565
47.3838745,8.5461267,475.565
47.3838758,8.5461273,475.504
47.3838758,8.5461273,475.504
47.3838766,8.5461265,475.492
47.3838766,8.5461265,475.492
47.3838773,8.5461268,475.533
47.3838773,8.5461268,475.533
47.3838774,8.5461261,475.7
47.3838774,8.5461261,475.7
47.3838791,8.5461257,475.616
47.3838791,8.5461257,475.616
47.3838824,8.5461267,475.103
47.3838824,8.5461267,475.103
47.383883,8.5461262,475.358
47.383883,8.5461262,475.358
47.3838854,8.5461264,475.142
47.3838854,8.5461264,475.142
47.383887,8.5461258,474.889
47.383887,8.5461258,474.889
47.3838872,8.5461247,475.07
47.3838872,8.5461247,475.07
47.383887,8.546125,475.362
47.383887,8.546125,475.362
47.3838878,8.5461254,475.362
47.3838878,8.5461254,475.362
47.3838893,8.5461241,475.208
47.3838893,8.5461241,475.208
47.3838912,8.5461247,474.996
47.3838912,8.5461247,474.996
47.3838926,8.5461247,474.997
47.3838926,8.5461247,474.997
47.3838933,8.5461238,475.082
47.3838933,8.5461238,475.082
47.3838949,8.5461242,474.994
47.3838949,8.5461242,474.994
47.3838963,8.5461258,474.994
47.3838963,8.5461258,474.994
47.3838968,8.5461253,475.142
47.3838968,8.5461253,475.142
47.3838975,8.5461248,475.231
47.3838975,8.5461248,475.231
47.3838982,8.5461246,475.286
47.3838982,8.5461246,475.286
47.3839008,8.546125,475.059
47.3839008,8.546125,475.059
47.3839039,8.5461265,474.798
47.3839039,8.5461265,474.798
47.3839053,8.546127,474.864
47.3839053,8.546127,474.864
47.3839045,8.5461262,475.2
47.3839045,8.5461262,475.2
47.3839041,8.5461246,475.423
47.3839041,8.5461246,475.423
47.3839029,8.5461241,475.702
47.3839029,8.5461241,475.702
47.3839025,8.5461234,475.797
47.3839025,8.5461234,475.797
47.3839017,8.546122,476.014
47.3839017,8.546122,476.014
47.3839034,8.5461207,475.738
47.3839034,8.5461207,475.738
47.3839051,8.5461213,475.541
47.3839051,8.5461213,475.541
47.3839067,8.546122,475.367
47.3839067,8.546122,475.367
47.3839067,8.5461233,475.475
47.3839067,8.5461233,475.475
47.3839062,8.5461249,475.6
47.3839062,8.5461249,475.6
47.3839058,8.5461267,475.731
47.3839058,8.5461267,475.731
47.3839061,8.5461276,475.637
47.3839061,8.5461276,475.637
47.3839047,8.5461284,475.887
47.3839047,8.5461284,475.887
47.3839034,8.5461298,476.263
47.3839034,8.5461298,476.263
47.3839031,8.5461305,476.291
47.3839031,8.5461305,476.291
47.3839031,8.5461322,476.314
47.3839031,8.5461322,476.314
47.3839047,8.5461338,476.088
47.3839047,8.5461338,476.088
47.3839055,8.546135,476.144
47.3839055,8.546135,476.144
47.3839067,8.5461354,476.02
47.3839067,8.5461354,476.02
47.3839068,8.5461362,476.032
47.3839068,8.5461362,476.032
47.3839057,8.5461372,476.331
47.3839057,8.5461372,476.331
47.3839061,8.5461367,476.338
47.3839061,8.5461367,476.338
47.3839072,8.5461361,476.296
47.3839072,8.5461361,476.296
47.3839078,8.5461359,476.243
47.3839078,8.5461359,476.243
47.3839089,8.5461351,476.203
47.3839089,8.5461351,476.203
47.3839099,8.5461348,476.148
47.3839099,8.5461348,476.148
47.3839112,8.5461348,476.164
47.3839112,8.5461348,476.164
47.3839137,8.5461344,475.876
47.3839137,8.5461344,475.876
47.3839152,8.5461339,475.661
47.3839152,8.5461339,475.661
47.3839157,8.5461338,475.688
47.3839157,8.5461338,475.688
47.3839157,8.5461336,475.839
47.3839157,8.5461336,475.839
47.3839169,8.5461334,475.79
47.3839169,8.5461334,475.79
47.3839167,8.546133,475.98
47.3839167,8.546133,475.98
47.3839165,8.5461313,476.149
47.3839165,8.5461313,476.149
47.3839174,8.5461306,476.213
47.3839174,8.5461306,476.213
47.383917,8.54613,476.487
47.383917,8.54613,476.487
47.383917,8.5461291,476.561
47.383917,8.5461291,476.561
47.383917,8.5461284,476.684
47.383917,8.5461284,476.684
47.3839162,8.5461265,477.02
47.3839162,8.5461265,477.02
47.383917,8.5461264,477.058
47.383917,8.5461264,477.058
47.3839182,8.5461261,477.053
47.3839182,8.5461261,477.053
47.3839204,8.5461263,476.817
47.3839204,8.5461263,476.817
47.3839217,8.5461261,476.763
47.3839217,8.5461261,476.763
47.3839231,8.5461263,476.744
47.3839231,8.5461263,476.744
47.3839241,8.5461263,476.718
47.3839241,8.5461263,476.718
47.3839248,8.5461254,476.67
47.3839248,8.5461254,476.67
47.383926,8.5461244,476.668
47.383926,8.5461244,476.668
47.3839265,8.5461232,476.788
47.3839265,8.5461232,476.788
47.3839262,8.5461211,477.042
47.3839262,8.5461211,477.042
47.3839265,8.5461204,477.108
47.3839265,8.5461204,477.108
47.3839273,8.5461204,477.068
47.3839273,8.5461204,477.068
47.383929,8.5461202,476.819
47.383929,8.5461202,476.819
47.3839305,8.5461194,476.749
47.3839305,8.5461194,476.749
47.3839311,8.5461204,476.815
47.3839311,8.5461204,476.815
47.383932,8.5461214,476.729
47.383932,8.5461214,476.729
47.3839329,8.5461205,476.718
47.3839329,8.5461205,476.718
47.3839334,8.5461195,476.748
47.3839334,8.5461195,476.748
47.3839328,8.5461184,476.969
47.3839328,8.5461184,476.969
47.3839333,8.5461184,476.906
47.3839333,8.5461184,476.906
47.3839335,8.5461179,477.002
47.3839335,8.5461179,477.002
47.383934,8.5461164,477.033
47.383934,8.5461164,477.033
47.3839348,8.5461152,477.037
47.3839348,8.5461152,477.037
47.3839356,8.5461152,477.086
47.3839356,8.5461152,477.086
47.3839371,8.5461157,477.02
47.3839371,8.5461157,477.02
47.3839372,8.5461147,477.217
47.3839372,8.5461147,477.217
47.3839374,8.5461143,477.317
47.3839374,8.5461143,477.317
47.3839375,8.5461138,477.448
47.3839375,8.5461138,477.448
47.3839385,8.5461127,477.446
47.3839385,8.5461127,477.446
47.3839395,8.5461113,477.446
47.3839395,8.5461113,477.446
47.3839416,8.5461111,477.186
47.3839416,8.5461111,477.186
47.3839432,8.5461096,477.009
47.3839432,8.5461096,477.009
47.3839458,8.546108,477.023
47.3839458,8.546108,477.023
47.3839483,8.5461064,476.945
47.3839483,8.5461064,476.945
47.3839495,8.5461058,476.683
47.3839495,8.5461058,476.683
47.3839513,8.5461037,476.72
47.3839513,8.5461037,476.72
47.3839534,8.5461021,476.822
47.3839534,8.5461021,476.822
47.383955,8.546101,476.877
47.383955,8.546101,476.877
47.3839557,8.5460996,476.792
47.3839557,8.5460996,476.792
47.3839563,8.5460983,476.706
47.3839563,8.5460983,476.706
47.3839566,8.5460979,476.76
47.3839566,8.5460979,476.76
47.3839572,8.5460973,476.677
47.3839572,8.5460973,476.677
47.3839575,8.5460974,476.545
47.3839575,8.5460974,476.545
47.3839588,8.5460963,476.525
47.3839588,8.5460963,476.525
47.3839611,8.5460958,476.38
47.3839611,8.5460958,476.38
47.383963,8.5460953,476.214
47.383963,8.5460953,476.214
47.3839643,8.5460955,476.377
47.3839643,8.5460955,476.377
47.3839648,8.5460953,476.493
47.3839648,8.5460953,476.493
47.3839658,8.5460956,476.646
47.3839658,8.5460956,476.646
47.3839675,8.5460964,476.609
47.3839675,8.5460964,476.609
47.383969,8.5460972,476.832
47.383969,8.5460972,476.832
47.3839701,8.5460968,476.758
47.3839701,8.5460968,476.758
47.3839722,8.5460962,476.859
47.3839722,8.5460962,476.859
47.3839741,8.5460961,477.033
47.3839741,8.5460961,477.033
47.3839754,8.5460958,477.061
47.3839754,8.5460958,477.061
47.3839767,8.5460951,476.941
47.3839767,8.5460951,476.941
47.3839779,8.5460947,477.12
47.3839779,8.5460947,477.12
47.3839792,8.546094,477.223
47.3839792,8.546094,477.223
47.3839798,8.5460927,477.392
47.3839798,8.5460927,477.392
47.3839793,8.5460936,477.722
47.3839793,8.5460936,477.722
47.3839788,8.5460947,477.932
47.3839788,8.5460947,477.932
47.3839792,8.5460941,478.054
47.3839792,8.5460941,478.054
47.3839796,8.5460934,478.046
47.3839796,8.5460934,478.046
47.3839804,8.5460924,478.012
47.3839804,8.5460924,478.012
47.3839813,8.5460904,477.98
47.3839813,8.5460904,477.98
47.3839823,8.5460879,477.842
47.3839823,8.5460879,477.842
47.383983,8.5460866,477.745
47.383983,8.5460866,477.745
47.3839834,8.5460853,477.591
47.3839834,8.5460853,477.591
47.3839843,8.5460836,477.48
47.3839843,8.5460836,477.48
47.3839852,8.546083,477.49
47.3839852,8.546083,477.49
47.3839864,8.5460823,477.4
47.3839864,8.5460823,477.4
47.3839872,8.5460813,477.213
47.3839872,8.5460813,477.213
47.3839878,8.5460806,477.138
47.3839878,8.5460806,477.138
47.3839886,8.5460797,476.961
47.3839886,8.5460797,476.961
47.3839895,8.5460791,476.936
47.3839895,8.5460791,476.936
47.3839906,8.546078,476.783
47.3839906,8.546078,476.783
47.3839916,8.5460773,476.766
47.3839916,8.5460773,476.766
47.3839926,8.5460765,476.673
47.3839926,8.5460765,476.673
47.3839943,8.5460758,476.582
47.3839943,8.5460758,476.582
47.383996,8.5460754,476.523
47.383996,8.5460754,476.523
47.3839973,8.5460754,476.509
47.3839973,8.5460754,476.509
47.3839986,8.5460759,476.486
47.3839986,8.5460759,476.486
47.3839999,8.5460769,476.386
47.3839999,8.5460769,476.386
47.3840005,8.5460776,476.434
47.3840005,8.5460776,476.434
47.3840014,8.5460786,476.515
47.3840014,8.5460786,476.515
47.3840024,8.5460792,476.675
47.3840024,8.5460792,476.675
47.3840038,8.5460792,476.664
47.3840038,8.5460792,476.664
47.3840052,8.546078,476.644
47.3840052,8.546078,476.644
47.3840061,8.5460776,476.669
47.3840061,8.5460776,476.669
47.3840075,8.5460769,476.736
47.3840075,8.5460769,476.736
47.384009,8.5460766,476.726
47.384009,8.5460766,476.726
47.3840102,8.5460767,476.763
47.3840102,8.5460767,476.763
47.3840115,8.5460766,476.889
47.3840115,8.5460766,476.889
47.3840132,8.5460765,476.924
47.3840132,8.5460765,476.924
47.3840144,8.5460772,476.953
47.3840144,8.5460772,476.953
47.384015,8.5460783,477.149
47.384015,8.5460783,477.149
47.3840156,8.5460783,477.262
47.3840156,8.5460783,477.262
47.3840163,8.5460771,477.355
47.3840163,8.5460771,477.355
47.3840175,8.5460771,477.423
47.3840175,8.5460771,477.423
47.3840195,8.5460773,477.335
47.3840195,8.5460773,477.335
47.384021,8.5460771,477.439
47.384021,8.5460771,477.439
47.3840221,8.5460768,477.551
47.3840221,8.5460768,477.551
47.3840228,8.5460766,477.814
47.3840228,8.5460766,477.814
47.3840241,8.5460754,477.791
47.3840241,8.5460754,477.791
47.384026,8.5460742,477.814
47.384026,8.5460742,477.814
47.384028,8.5460729,477.747
47.384028,8.5460729,477.747
47.3840298,8.5460719,477.968
47.3840298,8.5460719,477.968
47.3840324,8.5460714,477.988
47.3840324,8.5460714,477.988
47.3840332,8.5460713,478.051
47.3840332,8.5460713,478.051
47.3840333,8.5460712,478.179
47.3840333,8.5460712,478.179
47.3840347,8.5460721,478.231
47.3840347,8.5460721,478.231
47.3840352,8.5460723,478.297
47.3840352,8.5460723,478.297
47.3840355,8.5460713,478.537
47.3840355,8.5460713,478.537
47.384036,8.5460699,478.78
47.384036,8.5460699,478.78
47.3840369,8.5460696,478.847
47.3840369,8.5460696,478.847
47.384038,8.5460691,478.949
47.384038,8.5460691,478.949
47.3840389,8.5460688,478.964
47.3840389,8.5460688,478.964
47.3840401,8.5460688,478.974
47.3840401,8.5460688,478.974
47.3840412,8.5460684,479.064
47.3840412,8.5460684,479.064
47.3840409,8.5460678,479.343
47.3840409,8.5460678,479.343
47.3840417,8.5460672,479.403
47.3840417,8.5460672,479.403
47.3840437,8.5460672,479.284
47.3840437,8.5460672,479.284
47.3840454,8.5460675,479.207
47.3840454,8.5460675,479.207
47.3840478,8.5460685,479.084
47.3840478,8.5460685,479.084
47.3840495,8.546069,479.135
47.3840495,8.546069,479.135
47.3840504,8.5460694,479.332
47.3840504,8.5460694,479.332
47.3840511,8.5460696,479.53
47.3840511,8.5460696,479.53
47.384052,8.5460696,479.529
47.384052,8.5460696,479.529
47.3840535,8.5460697,479.394
47.3840535,8.5460697,479.394
47.384054,8.5460698,479.537
47.384054,8.5460698,479.537
47.3840544,8.5460691,479.817
47.3840544,8.5460691,479.817
47.3840555,8.5460685,479.803
47.3840555,8.5460685,479.803
47.3840566,8.5460682,479.753
47.3840566,8.5460682,479.753
47.3840568,8.5460665,479.613
47.3840568,8.5460665,479.613
47.384057,8.5460645,479.595
47.384057,8.5460645,479.595
47.3840569,8.5460621,479.575
47.3840569,8.5460621,479.575
47.3840571,8.5460591,479.494
47.3840571,8.5460591,479.494
47.3840586,8.5460573,479.582
47.3840586,8.5460573,479.582
47.3840608,8.546057,479.64
47.3840608,8.546057,479.64
47.3840629,8.5460561,479.921
47.3840629,8.5460561,479.921
47.3840656,8.5460552,480.21
47.3840656,8.5460552,480.21
47.3840677,8.5460539,480.327
47.3840677,8.5460539,480.327
47.3840691,8.5460523,480.307
47.3840691,8.5460523,480.307
47.3840713,8.546051,480.148
47.3840713,8.546051,480.148
47.3840728,8.546049,479.977
47.3840728,8.546049,479.977
47.3840752,8.546048,479.817
47.3840752,8.546048,479.817
47.3840776,8.5460462,479.881
47.3840776,8.5460462,479.881
47.3840801,8.5460444,480.085
47.3840801,8.5460444,480.085
47.3840808,8.5460415,480.194
47.3840808,8.5460415,480.194
47.3840828,8.5460396,480.377
47.3840828,8.5460396,480.377
47.3840841,8.5460375,480.35
47.3840841,8.5460375,480.35
47.3840857,8.5460361,480.199
47.3840857,8.5460361,480.199
47.384087,8.5460345,480.303
47.384087,8.5460345,480.303
47.3840883,8.5460341,480.279
47.3840883,8.5460341,480.279
47.3840899,8.546034,480.202
47.3840899,8.546034,480.202
47.3840915,8.5460345,479.988
47.3840915,8.5460345,479.988
47.3840926,8.5460345,479.902
47.3840926,8.5460345,479.902
47.3840939,8.5460332,480.22
47.3840939,8.5460332,480.22
47.3840947,8.546032,480.381
47.3840947,8.546032,480.381
47.3840956,8.5460302,480.53
47.3840956,8.5460302,480.53
47.384097,8.5460299,480.421
47.384097,8.5460299,480.421
47.3840979,8.54603,480.251
47.3840979,8.54603,480.251
47.3840989,8.5460306,480.195
47.3840989,8.5460306,480.195
47.3841,8.5460302,479.903
47.3841,8.5460302,479.903
47.3841019,8.5460287,479.772
47.3841019,8.5460287,479.772
47.3841038,8.5460273,479.666
47.3841038,8.5460273,479.666
47.3841056,8.546027,479.745
47.3841056,8.546027,479.745
47.3841072,8.5460264,479.676
47.3841072,8.5460264,479.676
47.3841086,8.5460253,479.786
47.3841086,8.5460253,479.786
47.3841098,8.5460243,479.907
47.3841098,8.5460243,479.907
47.384111,8.5460243,479.932
47.384111,8.5460243,479.932
47.384112,8.5460238,479.939
47.384112,8.5460238,479.939
47.3841131,8.5460242,479.703
47.3841131,8.5460242,479.703
47.3841162,8.5460252,479.747
47.3841162,8.5460252,479.747
47.3841186,8.5460258,479.55
47.3841186,8.5460258,479.55
47.3841207,8.5460264,479.328
47.3841207,8.5460264,479.328
47.3841226,8.5460264,479.227
47.3841226,8.5460264,479.227
47.3841244,8.5460263,479.134
47.3841244,8.5460263,479.134
47.3841257,8.5460257,478.962
47.3841257,8.5460257,478.962
47.3841277,8.5460256,478.877
47.3841277,8.5460256,478.877
47.3841294,8.5460253,478.8
47.3841294,8.5460253,478.8
47.3841307,8.5460248,478.649
47.3841307,8.5460248,478.649
47.3841321,8.5460242,478.614
47.3841321,8.5460242,478.614
47.3841335,8.5460232,478.748
47.3841335,8.5460232,478.748
47.3841351,8.546023,478.613
47.3841351,8.546023,478.613
47.3841364,8.5460225,478.46
47.3841364,8.5460225,478.46
47.384138,8.5460227,478.412
47.384138,8.5460227,478.412
47.3841394,8.5460229,478.395
47.3841394,8.5460229,478.395
47.3841403,8.5460227,478.323
47.3841403,8.5460227,478.323
47.3841413,8.5460223,478.312
47.3841413,8.5460223,478.312
47.3841423,8.5460222,478.163
47.3841423,8.5460222,478.163
47.3841436,8.5460216,478.127
47.3841436,8.5460216,478.127
47.3841447,8.5460206,478.078
47.3841447,8.5460206,478.078
47.3841457,8.54602,477.936
47.3841457,8.54602,477.936
47.3841466,8.5460193,477.951
47.3841466,8.5460193,477.951
47.3841474,8.546019,477.873
47.3841474,8.546019,477.873
47.3841479,8.546019,477.763
47.3841479,8.546019,477.763
47.3841486,8.5460188,477.686
47.3841486,8.5460188,477.686
47.3841497,8.5460185,477.698
47.3841497,8.5460185,477.698
47.3841513,8.5460181,477.453
47.3841513,8.5460181,477.453
47.3841525,8.5460179,477.379
47.3841525,8.5460179,477.379
47.3841532,8.5460172,477.325
47.3841532,8.5460172,477.325
47.3841543,8.5460159,477.118
47.3841543,8.5460159,477.118
47.3841554,8.5460155,477.073
47.3841554,8.5460155,477.073
47.3841562,8.5460167,476.679
47.3841562,8.5460167,476.679
47.3841566,8.5460172,476.637
47.3841566,8.5460172,476.637
47.384157,8.5460176,476.623
47.384157,8.5460176,476.623
47.3841577,8.5460177,476.67
47.3841577,8.5460177,476.67
47.3841593,8.546018,476.751
47.3841593,8.546018,476.751
47.38416,8.5460181,476.77
47.38416,8.5460181,476.77
47.3841603,8.5460189,476.604
47.3841603,8.5460189,476.604
47.3841611,8.5460187,476.563
47.3841611,8.5460187,476.563
47.3841617,8.5460188,476.371
47.3841617,8.5460188,476.371
47.3841625,8.5460183,476.257
47.3841625,8.5460183,476.257
47.3841639,8.5460178,476.173
47.3841639,8.5460178,476.173
47.3841652,8.5460171,476.202
47.3841652,8.5460171,476.202
47.3841664,8.5460163,476.198
47.3841664,8.5460163,476.198
47.3841681,8.5460156,476.278
47.3841681,8.5460156,476.278
47.3841697,8.5460147,476.282
47.3841697,8.5460147,476.282
47.3841718,8.5460142,476.445
47.3841718,8.5460142,476.445
47.3841734,8.5460133,476.376
47.3841734,8.5460133,476.376
47.3841755,8.5460128,476.461
47.3841755,8.5460128,476.461
47.3841778,8.5460121,476.466
47.3841778,8.5460121,476.466
47.3841789,8.5460108,476.347
47.3841789,8.5460108,476.347
47.3841801,8.5460095,476.367
47.3841801,8.5460095,476.367
47.3841818,8.5460082,476.378
47.3841818,8.5460082,476.378
47.3841833,8.546007,476.556
47.3841833,8.546007,476.556
47.3841846,8.5460055,476.598
47.3841846,8.5460055,476.598
47.3841854,8.5460048,476.785
47.3841854,8.5460048,476.785
47.3841852,8.5460048,476.839
47.3841852,8.5460048,476.839
47.3841849,8.5460047,476.789
47.3841849,8.5460047,476.789
47.384185,8.5460047,476.707
47.384185,8.5460047,476.707
47.3841856,8.546004,476.656
47.3841856,8.546004,476.656
47.3841865,8.5460028,476.58
47.3841865,8.5460028,476.58
47.3841879,8.5460016,476.652
47.3841879,8.5460016,476.652
47.3841884,8.5460016,476.64
47.3841884,8.5460016,476.64
47.3841892,8.5460014,476.607
47.3841892,8.5460014,476.607
47.3841914,8.5460009,476.882
47.3841914,8.5460009,476.882
47.3841926,8.5460012,477.023
47.3841926,8.5460012,477.023
47.3841942,8.5460011,477.074
47.3841942,8.5460011,477.074
47.3841957,8.5460002,477.094
47.3841957,8.5460002,477.094
47.3841977,8.5459989,477.022
47.3841977,8.5459989,477.022
47.3841992,8.5459979,476.998
47.3841992,8.5459979,476.998
47.3842007,8.545996,476.932
47.3842007,8.545996,476.932
47.3842027,8.5459941,476.993
47.3842027,8.5459941,476.993
47.3842044,8.5459926,477.088
47.3842044,8.5459926,477.088
47.3842049,8.5459907,476.901
47.3842049,8.5459907,476.901
47.3842055,8.545989,476.799
47.3842055,8.545989,476.799
47.3842062,8.5459885,476.815
47.3842062,8.5459885,476.815
47.384207,8.5459874,476.818
47.384207,8.5459874,476.818
47.3842081,8.5459861,476.789
47.3842081,8.5459861,476.789
47.3842097,8.5459848,476.799
47.3842097,8.5459848,476.799
47.3842119,8.5459825,476.82
47.3842119,8.5459825,476.82
47.3842148,8.5459809,477.061
47.3842148,8.5459809,477.061
47.3842159,8.54598,477.171
47.3842159,8.54598,477.171
47.3842166,8.5459785,477.103
47.3842166,8.5459785,477.103
47.384218,8.5459767,477.037
47.384218,8.5459767,477.037
47.3842197,8.5459748,476.959
47.3842197,8.5459748,476.959
47.38422,8.5459739,476.787
47.38422,8.5459739,476.787
47.3842213,8.5459722,476.7
47.3842213,8.5459722,476.7
47.3842221,8.5459703,476.594
47.3842221,8.5459703,476.594
47.3842232,8.5459694,476.448
47.3842232,8.5459694,476.448
47.3842244,8.5459687,476.641
47.3842244,8.5459687,476.641
47.3842246,8.5459672,476.622
47.3842246,8.5459672,476.622
47.3842245,8.5459663,476.746
47.3842245,8.5459663,476.746
47.3842248,8.5459653,476.537
47.3842248,8.5459653,476.537
47.3842259,8.5459647,476.754
47.3842259,8.5459647,476.754
47.3842269,8.5459631,476.843
47.3842269,8.5459631,476.843
47.3842268,8.5459626,476.923
47.3842268,8.5459626,476.923
47.3842279,8.5459618,477.106
47.3842279,8.5459618,477.106
47.384228,8.5459615,477.167
47.384228,8.5459615,477.167
47.384228,8.5459614,477.275
47.384228,8.5459614,477.275
47.3842281,8.545961,477.353
47.3842281,8.545961,477.353
47.3842277,8.5459606,477.256
47.3842277,8.5459606,477.256
47.3842277,8.5459598,477.352
47.3842277,8.5459598,477.352
47.3842279,8.5459593,477.411
47.3842279,8.5459593,477.411
47.3842289,8.5459589,477.373
47.3842289,8.5459589,477.373
47.3842294,8.5459596,477.564
47.3842294,8.5459596,477.564
47.3842304,8.54596,477.617
47.3842304,8.54596,477.617
47.3842305,8.5459603,477.832
47.3842305,8.5459603,477.832
47.3842311,8.5459607,477.915
47.3842311,8.5459607,477.915
47.3842312,8.5459615,478.192
47.3842312,8.5459615,478.192
47.3842317,8.5459615,478.043
47.3842317,8.5459615,478.043
47.3842337,8.545961,477.624
47.3842337,8.545961,477.624
47.3842346,8.5459601,477.355
47.3842346,8.5459601,477.355
47.3842356,8.5459599,477.249
47.3842356,8.5459599,477.249
47.3842361,8.5459599,477.307
47.3842361,8.5459599,477.307
47.3842356,8.5459599,477.551
47.3842356,8.5459599,477.551
47.3842363,8.5459595,477.532
47.3842363,8.5459595,477.532
47.384237,8.5459594,477.626
47.384237,8.5459594,477.626
47.3842383,8.5459593,477.498
47.3842383,8.5459593,477.498
47.3842391,8.5459586,477.337
47.3842391,8.5459586,477.337
47.3842401,8.5459577,477.282
47.3842401,8.5459577,477.282
47.3842396,8.5459566,477.26
47.3842396,8.5459566,477.26
47.3842403,8.5459566,477.168
47.3842403,8.5459566,477.168
47.3842402,8.545956,477.26
47.3842402,8.545956,477.26
47.3842403,8.545955,477.431
47.3842403,8.545955,477.431
47.3842399,8.5459531,477.299
47.3842399,8.5459531,477.299
47.3842403,8.5459513,477.394
47.3842403,8.5459513,477.394
47.3842405,8.5459493,477.46
47.3842405,8.5459493,477.46
47.3842416,8.5459491,477.304
47.3842416,8.5459491,477.304
47.3842432,8.5459481,477.288
47.3842432,8.5459481,477.288
47.3842446,8.5459462,477.44
47.3842446,8.5459462,477.44
47.3842453,8.5459444,477.584
47.3842453,8.5459444,477.584
47.3842462,8.5459425,477.406
47.3842462,8.5459425,477.406
47.3842471,8.5459421,477.495
47.3842471,8.5459421,477.495
47.3842483,8.5459411,477.459
47.3842483,8.5459411,477.459
47.3842496,8.5459394,477.346
47.3842496,8.5459394,477.346
47.3842501,8.545938,477.485
47.3842501,8.545938,477.485
47.3842501,8.5459376,477.772
47.3842501,8.5459376,477.772
47.38425,8.5459358,478.023
47.38425,8.5459358,478.023
47.3842506,8.5459345,477.995
47.3842506,8.5459345,477.995
47.3842511,8.5459332,478.176
47.3842511,8.5459332,478.176
47.3842517,8.545932,478.354
47.3842517,8.545932,478.354
47.3842536,8.5459302,478.39
47.3842536,8.5459302,478.39
47.3842548,8.5459292,478.315
47.3842548,8.5459292,478.315
47.3842575,8.5459281,478.262
47.3842575,8.5459281,478.262
47.3842596,8.5459272,478.279
47.3842596,8.5459272,478.279
47.3842607,8.5459267,478.203
47.3842607,8.5459267,478.203
47.3842633,8.545927,478.092
47.3842633,8.545927,478.092
47.384263,8.5459265,478.209
47.384263,8.5459265,478.209
47.3842639,8.5459266,478.328
47.3842639,8.5459266,478.328
47.3842648,8.5459275,478.285
47.3842648,8.5459275,478.285
47.3842661,8.5459274,478.428
47.3842661,8.5459274,478.428
47.3842673,8.5459268,478.806
47.3842673,8.5459268,478.806
47.3842679,8.5459256,479.02
47.3842679,8.5459256,479.02
47.3842684,8.5459245,479.171
47.3842684,8.5459245,479.171
47.3842697,8.545924,479.218
47.3842697,8.545924,479.218
47.3842711,8.5459236,479.226
47.3842711,8.5459236,479.226
47.384272,8.5459229,479.297
47.384272,8.5459229,479.297
47.3842735,8.5459222,479.422
47.3842735,8.5459222,479.422
47.3842745,8.5459219,479.429
47.3842745,8.5459219,479.429
47.3842755,8.5459223,479.298
47.3842755,8.5459223,479.298
47.3842758,8.5459214,479.391
47.3842758,8.5459214,479.391
47.3842766,8.5459206,479.44
47.3842766,8.5459206,479.44
47.3842777,8.54592,479.388
47.3842777,8.54592,479.388
47.3842777,8.54592,479.388
47.3842788,8.5459192,479.339
47.3842788,8.5459192,479.339
47.3842799,8.5459188,479.214
47.3842806,8.5459175,479.316
47.3842806,8.5459175,479.316
47.3842806,8.5459167,479.222
47.3842806,8.5459167,479.222
47.3842812,8.5459164,479.254
47.3842812,8.5459164,479.254
47.384282,8.5459162,479.146
47.384282,8.5459162,479.146
47.3842823,8.5459157,479.003
47.3842823,8.5459157,479.003
47.3842821,8.5459167,478.546
47.3842821,8.5459167,478.546
47.3842806,8.5459178,477.956
47.3842806,8.5459178,477.956
47.3842795,8.5459178,477.912
47.3842795,8.5459178,477.912
47.3842783,8.5459183,477.829
47.3842783,8.5459183,477.829
47.3842788,8.5459184,477.731
47.3842788,8.5459184,477.731
47.3842802,8.5459184,477.728
47.3842802,8.5459184,477.728
47.384281,8.5459184,477.695
47.384281,8.5459184,477.695
47.3842824,8.5459173,477.854
47.3842824,8.5459173,477.854
47.3842836,8.5459168,477.869
47.3842836,8.5459168,477.869
47.3842846,8.5459163,477.875
47.3842846,8.5459163,477.875
47.3842855,8.5459163,477.919
47.3842855,8.5459163,477.919
47.3842871,8.5459168,478.031
47.3842871,8.5459168,478.031
47.3842888,8.5459168,478.085
47.3842888,8.5459168,478.085
47.38429,8.5459168,478.05
47.38429,8.5459168,478.05
47.3842905,8.5459165,477.912
47.3842905,8.5459165,477.912
47.3842918,8.5459164,478.029
47.3842918,8.5459164,478.029
47.3842925,8.5459159,477.836
47.3842925,8.5459159,477.836
47.3842935,8.5459151,477.893
47.3842935,8.5459151,477.893
47.3842948,8.5459138,478.098
47.3842948,8.5459138,478.098
47.3842948,8.5459126,477.678
47.3842948,8.5459126,477.678
47.3842952,8.5459112,477.65
47.3842952,8.5459112,477.65
47.3842961,8.5459101,477.533
47.3842961,8.5459101,477.533
47.3842969,8.5459086,477.487
47.3842969,8.5459086,477.487
47.3842975,8.5459065,477.581
47.3842975,8.5459065,477.581
47.384298,8.5459048,477.481
47.384298,8.5459048,477.481
47.3842995,8.5459032,477.596
47.3842995,8.5459032,477.596
47.3843008,8.5459013,477.547
47.3843008,8.5459013,477.547
47.3843016,8.5459,477.318
47.3843016,8.5459,477.318
47.3843018,8.5458983,477.118
47.3843018,8.5458983,477.118
47.3843022,8.5458972,477.025
47.3843022,8.5458972,477.025
47.3843031,8.5458958,477.04
47.3843031,8.5458958,477.04
47.3843056,8.5458964,477.011
47.3843056,8.5458964,477.011
47.3843069,8.5458958,476.933
47.3843069,8.5458958,476.933
47.3843078,8.5458949,476.747
47.3843078,8.5458949,476.747
47.3843101,8.5458951,476.791
47.3843101,8.5458951,476.791
47.3843121,8.5458931,477.138
47.3843121,8.5458931,477.138
47.3843129,8.5458911,477.152
47.3843129,8.5458911,477.152
47.3843145,8.5458905,477.209
47.3843145,8.5458905,477.209
47.3843146,8.5458888,477.158
47.3843146,8.5458888,477.158
47.384316,8.5458869,477.407
47.384316,8.5458869,477.407
47.3843166,8.5458844,477.351
47.3843166,8.5458844,477.351
47.3843191,8.5458838,477.497
47.3843191,8.5458838,477.497
47.3843212,8.5458838,477.37
47.3843212,8.5458838,477.37
47.3843227,8.5458831,477.337
47.3843227,8.5458831,477.337
47.3843245,8.5458822,477.388
47.3843245,8.5458822,477.388
47.3843253,8.5458807,477.338
47.3843253,8.5458807,477.338
47.3843257,8.5458796,477.125
47.3843257,8.5458796,477.125
47.3843265,8.54588,476.998
47.3843265,8.54588,476.998
47.3843277,8.5458802,476.888
47.3843277,8.5458802,476.888
47.3843287,8.5458808,476.806
47.3843287,8.5458808,476.806
47.3843305,8.5458808,476.885
47.3843305,8.5458808,476.885
47.3843324,8.5458809,477.13
47.3843324,8.5458809,477.13
47.3843338,8.5458813,476.999
47.3843338,8.5458813,476.999
47.3843359,8.5458805,477.266
47.3843359,8.5458805,477.266
47.3843383,8.5458801,477.469
47.3843383,8.5458801,477.469
47.3843405,8.5458802,477.573
47.3843405,8.5458802,477.573
47.3843419,8.5458801,477.546
47.3843419,8.5458801,477.546
47.3843435,8.5458797,477.702
47.3843435,8.5458797,477.702
47.3843449,8.5458795,477.69
47.3843449,8.5458795,477.69
47.3843467,8.545879,477.887
47.3843467,8.545879,477.887
47.3843476,8.5458778,477.787
47.3843476,8.5458778,477.787
47.3843492,8.5458758,477.943
47.3843492,8.5458758,477.943
47.3843509,8.5458754,477.844
47.3843509,8.5458754,477.844
47.3843523,8.5458748,477.829
47.3843523,8.5458748,477.829
47.384353,8.5458742,477.714
47.384353,8.5458742,477.714
47.3843544,8.5458735,477.805
47.3843544,8.5458735,477.805
47.3843567,8.5458733,477.986
47.3843567,8.5458733,477.986
47.3843586,8.5458731,478.068
47.3843586,8.5458731,478.068
47.3843591,8.5458738,477.733
47.3843591,8.5458738,477.733
47.3843611,8.5458736,477.886
47.3843611,8.5458736,477.886
47.3843624,8.5458727,477.928
47.3843624,8.5458727,477.928
47.3843636,8.5458715,478.015
47.3843636,8.5458715,478.015
47.3843658,8.5458698,478.292
47.3843658,8.5458698,478.292
47.3843672,8.5458684,478.366
47.3843672,8.5458684,478.366
47.3843681,8.5458675,478.314
47.3843681,8.5458675,478.314
47.3843698,8.5458658,478.503
47.3843698,8.5458658,478.503
47.3843714,8.5458644,478.59
47.3843714,8.5458644,478.59
47.384372,8.5458626,478.504
47.384372,8.5458626,478.504
47.384373,8.5458605,478.527
47.384373,8.5458605,478.527
47.3843747,8.5458587,478.631
47.3843747,8.5458587,478.631
47.3843758,8.5458569,478.65
47.3843758,8.5458569,478.65
47.3843768,8.5458546,478.695
47.3843768,8.5458546,478.695
47.3843787,8.5458524,478.849
47.3843787,8.5458524,478.849
47.3843802,8.5458507,478.846
47.3843802,8.5458507,478.846
47.3843815,8.5458497,478.784
47.3843815,8.5458497,478.784
47.3843823,8.5458484,478.676
47.3843823,8.5458484,478.676
47.3843837,8.5458472,478.729
47.3843837,8.5458472,478.729
47.384385,8.545845,478.816
47.384385,8.545845,478.816
47.3843866,8.545843,478.968
47.3843866,8.545843,478.968
47.3843883,8.5458412,479.156
47.3843883,8.5458412,479.156
47.38439,8.5458391,479.406
47.38439,8.5458391,479.406
47.3843918,8.5458384,479.504
47.3843918,8.5458384,479.504
47.3843936,8.5458378,479.535
47.3843936,8.5458378,479.535
47.3843954,8.5458368,479.706
47.3843954,8.5458368,479.706
47.3843959,8.545836,479.656
47.3843959,8.545836,479.656
47.3843966,8.545835,479.696
47.3843966,8.545835,479.696
47.3843979,8.5458349,479.681
47.3843979,8.5458349,479.681
47.3843984,8.5458346,479.552
47.3843984,8.5458346,479.552
47.3843994,8.5458342,479.595
47.3843994,8.5458342,479.595
47.3844001,8.5458343,479.495
47.3844001,8.5458343,479.495
47.384401,8.5458342,479.498
47.384401,8.5458342,479.498
47.3844016,8.5458336,479.52
47.3844016,8.5458336,479.52
47.3844033,8.5458341,479.565
47.3844033,8.5458341,479.565
47.3844042,8.5458347,479.467
47.3844042,8.5458347,479.467
47.3844059,8.5458348,479.623
47.3844059,8.5458348,479.623
47.3844076,8.5458338,479.994
47.3844076,8.5458338,479.994
47.3844086,8.5458334,480.087
47.3844086,8.5458334,480.087
47.3844101,8.545833,480.32
47.3844101,8.545833,480.32
47.3844114,8.5458328,480.487
47.3844114,8.5458328,480.487
47.3844117,8.545832,480.557
47.3844117,8.545832,480.557
47.3844117,8.545831,480.605
47.3844117,8.545831,480.605
47.3844106,8.5458284,480.648
47.3844106,8.5458284,480.648
47.3844112,8.5458275,480.678
47.3844112,8.5458275,480.678
47.384412,8.5458279,480.563
47.384412,8.5458279,480.563
47.3844137,8.5458281,480.644
47.3844137,8.5458281,480.644
47.3844148,8.5458275,480.559
47.3844148,8.5458275,480.559
47.3844159,8.5458268,480.546
47.3844159,8.5458268,480.546
47.3844163,8.5458252,480.573
47.3844163,8.5458252,480.573
47.3844174,8.5458244,480.62
47.3844174,8.5458244,480.62
47.3844183,8.5458245,480.385
47.3844183,8.5458245,480.385
47.3844194,8.5458237,480.376
47.3844194,8.5458237,480.376
47.3844205,8.5458233,480.279
47.3844205,8.5458233,480.279
47.3844218,8.5458223,480.378
47.3844218,8.5458223,480.378
47.3844232,8.5458215,480.415
47.3844232,8.5458215,480.415
47.3844251,8.5458209,480.505
47.3844251,8.5458209,480.505
47.3844274,8.5458217,480.521
47.3844274,8.5458217,480.521
47.3844291,8.5458211,480.541
47.3844291,8.5458211,480.541
47.3844307,8.5458211,480.484
47.3844307,8.5458211,480.484
47.3844322,8.5458207,480.53
47.3844322,8.5458207,480.53
47.3844324,8.54582,480.39
47.3844324,8.54582,480.39
47.3844327,8.54582,480.235
47.3844327,8.54582,480.235
47.3844337,8.5458194,480.287
47.3844337,8.5458194,480.287
47.3844351,8.5458198,480.172
47.3844351,8.5458198,480.172
47.3844359,8.5458195,480.077
47.3844359,8.5458195,480.077
47.384437,8.545819,480.168
47.384437,8.545819,480.168
47.3844385,8.5458193,480.203
47.3844385,8.5458193,480.203
47.3844392,8.5458192,480.135
47.3844392,8.5458192,480.135
47.3844404,8.5458185,480.173
47.3844404,8.5458185,480.173
47.3844414,8.5458176,480.177
47.3844414,8.5458176,480.177
47.3844416,8.5458171,479.94
47.3844416,8.5458171,479.94
47.3844416,8.545817,479.692
47.3844416,8.545817,479.692
47.3844424,8.5458165,479.707
47.3844424,8.5458165,479.707
47.3844433,8.5458163,479.604
47.3844433,8.5458163,479.604
47.3844439,8.545816,479.474
47.3844439,8.545816,479.474
47.3844445,8.5458149,479.44
47.3844445,8.5458149,479.44
47.3844455,8.5458137,479.495
47.3844455,8.5458137,479.495
47.3844465,8.5458131,479.388
47.3844465,8.5458131,479.388
47.3844471,8.545812,479.292
47.3844471,8.545812,479.292
47.3844483,8.5458103,479.452
47.3844483,8.5458103,479.452
47.3844494,8.5458092,479.584
47.3844494,8.5458092,479.584
47.3844504,8.5458081,479.542
47.3844504,8.5458081,479.542
47.3844519,8.5458071,479.575
47.3844519,8.5458071,479.575
47.3844522,8.5458071,479.549
47.3844522,8.5458071,479.549
47.3844525,8.5458061,479.631
47.3844525,8.5458061,479.631
47.3844537,8.5458051,479.604
47.3844537,8.5458051,479.604
47.3844549,8.5458048,479.5
47.3844549,8.5458048,479.5
47.3844564,8.5458048,479.177
47.3844564,8.5458048,479.177
47.3844583,8.5458036,479.207
47.3844583,8.5458036,479.207
47.3844595,8.5458011,479.16
47.3844595,8.5458011,479.16
47.3844598,8.545799,479.071
47.3844598,8.545799,479.071
47.384461,8.5457988,478.813
47.384461,8.5457988,478.813
47.3844616,8.545798,478.718
47.3844616,8.545798,478.718
47.3844628,8.5457959,478.843
47.3844628,8.5457959,478.843
47.3844637,8.5457939,478.824
47.3844637,8.5457939,478.824
47.3844646,8.5457932,478.563
47.3844646,8.5457932,478.563
47.384466,8.5457916,478.519
47.384466,8.5457916,478.519
47.384467,8.5457909,478.333
47.384467,8.5457909,478.333
47.3844684,8.5457906,477.927
47.3844684,8.5457906,477.927
47.3844657,8.5457791,478.933
47.3844657,8.5457791,478.933
47.3844613,8.5457683,479.621
47.3844613,8.5457683,479.621
47.3844572,8.5457574,480.406
47.3844572,8.5457574,480.406
47.3844517,8.5457463,481.272
47.3844517,8.5457463,481.272
47.3844469,8.5457351,482.274
47.3844469,8.5457351,482.274
47.3844429,8.545724,483.455
47.3844429,8.545724,483.455
47.3844389,8.5457125,484.676
47.3844389,8.5457125,484.676
47.3844344,8.5457019,485.647
47.3844344,8.5457019,485.647
47.3844295,8.5456914,486.559
47.3844295,8.5456914,486.559
47.3844243,8.5456808,487.552
47.3844243,8.5456808,487.552
47.3844203,8.5456709,488.661
47.3844203,8.5456709,488.661
47.3844213,8.5456703,488.58
47.3844213,8.5456703,488.58
47.3844227,8.54567,488.665
47.3844227,8.54567,488.665
47.3844238,8.5456703,488.444
47.3844238,8.5456703,488.444
47.384426,8.5456711,488.469
47.384426,8.5456711,488.469
47.3844283,8.5456706,488.454
47.3844283,8.5456706,488.454
47.3844309,8.5456723,488.4
47.3844309,8.5456723,488.4
47.3844329,8.5456738,488.246
47.3844329,8.5456738,488.246
47.3844333,8.5456741,488.18
47.3844333,8.5456741,488.18
47.3844354,8.5456756,488.168
47.3844354,8.5456756,488.168
47.3844319,8.5456646,489.267
47.3844319,8.5456646,489.267
47.384428,8.5456544,490.25
47.384428,8.5456544,490.25
47.3844225,8.5456424,491.256
47.3844225,8.5456424,491.256
47.384417,8.5456305,492.361
47.384417,8.5456305,492.361
47.3844111,8.5456179,493.453
47.3844111,8.5456179,493.453
47.3844055,8.5456054,494.667
47.3844055,8.5456054,494.667
47.3843997,8.5455938,495.942
47.3843997,8.5455938,495.942
47.3843992,8.5455925,495.847
47.3843992,8.5455925,495.847
47.3844001,8.5455935,495.646
47.3844001,8.5455935,495.646
47.3844012,8.5455934,495.526
47.3844012,8.5455934,495.526
47.3844032,8.5455944,495.241
47.3844032,8.5455944,495.241
47.384405,8.545595,495.249
47.384405,8.545595,495.249
47.3844073,8.5455962,495.088
47.3844073,8.5455962,495.088
47.3844087,8.5455963,495.112
47.3844087,8.5455963,495.112
47.3844106,8.545597,494.957
47.3844106,8.545597,494.957
47.3844124,8.5455978,494.866
47.3844124,8.5455978,494.866
47.3844141,8.5455982,494.698
47.3844141,8.5455982,494.698
47.3844159,8.5455988,494.533
47.3844159,8.5455988,494.533
47.3844187,8.5455991,494.672
47.3844187,8.5455991,494.672
47.384421,8.5455991,494.647
47.384421,8.5455991,494.647
47.3844232,8.5456,494.394
47.3844232,8.5456,494.394
47.3844252,8.5456004,494.199
47.3844252,8.5456004,494.199
47.3844274,8.5456009,493.986
47.3844274,8.5456009,493.986
47.3844294,8.545601,493.864
47.3844294,8.545601,493.864
47.3844313,8.5456016,493.627
47.3844313,8.5456016,493.627
47.3844341,8.545603,493.276
47.3844341,8.545603,493.276
47.3844354,8.5456032,492.858
47.3844354,8.5456032,492.858
47.3844371,8.5456043,492.347
47.3844371,8.5456043,492.347
47.3844392,8.5456053,492.007
47.3844392,8.5456053,492.007
47.3844412,8.5456056,492.005
47.3844412,8.5456056,492.005
47.3844434,8.5456069,491.832
47.3844434,8.5456069,491.832
47.3844452,8.545608,491.687
47.3844452,8.545608,491.687
47.3844461,8.5456089,491.517
47.3844461,8.5456089,491.517
47.3844476,8.5456105,491.181
47.3844476,8.5456105,491.181
47.3844486,8.5456121,490.644
47.3844486,8.5456121,490.644
47.3844488,8.5456125,490.317
47.3844488,8.5456125,490.317
47.3844506,8.5456137,490.129
47.3844506,8.5456137,490.129
47.3844528,8.5456144,490.028
47.3844528,8.5456144,490.028
47.3844548,8.5456143,490.216
47.3844548,8.5456143,490.216
47.3844579,8.5456147,490.353
47.3844579,8.5456147,490.353
47.38446,8.545615,490.14
47.38446,8.545615,490.14
47.3844626,8.5456151,490.231
47.3844626,8.5456151,490.231
47.3844653,8.5456158,490.142
47.3844653,8.5456158,490.142
47.3844672,8.545617,489.927
47.3844672,8.545617,489.927
47.3844701,8.5456177,489.987
47.3844701,8.5456177,489.987
47.3844725,8.5456188,489.867
47.3844725,8.5456188,489.867
47.3844748,8.5456202,489.691
47.3844748,8.5456202,489.691
47.3844774,8.5456213,489.551
47.3844774,8.5456213,489.551
47.3844803,8.5456225,489.618
47.3844803,8.5456225,489.618
47.3844826,8.5456242,489.351
47.3844826,8.5456242,489.351
47.3844844,8.5456249,489.296
47.3844844,8.5456249,489.296
47.3844866,8.5456263,489.188
47.3844866,8.5456263,489.188
47.3844879,8.5456271,488.962
47.3844879,8.5456271,488.962
47.3844901,8.5456281,488.843
47.3844901,8.5456281,488.843
47.3844923,8.545629,488.823
47.3844923,8.545629,488.823
47.3844937,8.5456311,488.411
47.3844937,8.5456311,488.411
47.3844955,8.5456319,488.398
47.3844955,8.5456319,488.398
47.3844978,8.5456338,488.138
47.3844978,8.5456338,488.138
47.3844998,8.5456352,487.94
47.3844998,8.5456352,487.94
47.3845015,8.5456358,487.69
47.3845015,8.5456358,487.69
47.384503,8.5456364,487.516
47.384503,8.5456364,487.516
47.3845048,8.5456373,487.314
47.3845048,8.5456373,487.314
47.3845071,8.5456374,487.345
47.3845071,8.5456374,487.345
47.3845091,8.5456381,487.128
47.3845091,8.5456381,487.128
47.3845113,8.5456385,487.028
47.3845113,8.5456385,487.028
47.3845136,8.5456389,486.867
47.3845136,8.5456389,486.867
47.3845153,8.5456387,486.57
47.3845153,8.5456387,486.57
47.3845175,8.545639,486.416
47.3845175,8.545639,486.416
47.3845198,8.545639,486.262
47.3845198,8.545639,486.262
47.3845224,8.545639,486.148
47.3845224,8.545639,486.148
47.3845248,8.5456387,486.153
47.3845248,8.5456387,486.153
47.3845271,8.5456384,486.189
47.3845271,8.5456384,486.189
47.3845298,8.5456381,486.302
47.3845298,8.5456381,486.302
47.3845323,8.5456382,486.246
47.3845323,8.5456382,486.246
47.3845342,8.5456382,486.154
47.3845342,8.5456382,486.154
47.3845367,8.5456376,486.232
47.3845367,8.5456376,486.232
47.384539,8.5456377,486.084
47.384539,8.5456377,486.084
47.3845411,8.5456377,485.944
47.3845411,8.5456377,485.944
47.3845437,8.5456369,485.99
47.3845437,8.5456369,485.99
47.3845461,8.5456365,485.978
47.3845461,8.5456365,485.978
47.3845483,8.5456368,485.775
47.3845483,8.5456368,485.775
47.3845492,8.5456358,485.557
47.3845492,8.5456358,485.557
47.3845503,8.5456357,485.296
47.3845503,8.5456357,485.296
47.3845511,8.5456354,485.084
47.3845511,8.5456354,485.084
47.3845528,8.5456346,485.108
47.3845528,8.5456346,485.108
47.3845548,8.545634,485.186
47.3845548,8.545634,485.186
47.384557,8.5456339,485.208
47.384557,8.5456339,485.208
47.3845585,8.5456343,484.932
47.3845585,8.5456343,484.932
47.3845601,8.5456343,484.931
47.3845601,8.5456343,484.931
47.3845607,8.5456343,484.755
47.3845607,8.5456343,484.755
47.3845625,8.5456347,484.725
47.3845625,8.5456347,484.725
47.3845641,8.5456344,484.787
47.3845641,8.5456344,484.787
47.384565,8.5456344,484.585
47.384565,8.5456344,484.585
47.3845671,8.545634,484.653
47.3845671,8.545634,484.653
47.3845684,8.5456338,484.645
47.3845684,8.5456338,484.645
47.384571,8.5456343,484.797
47.384571,8.5456343,484.797
47.3845719,8.5456349,484.579
47.3845719,8.5456349,484.579
47.3845725,8.5456358,484.413
47.3845725,8.5456358,484.413
47.384573,8.5456365,484.169
47.384573,8.5456365,484.169
47.3845747,8.5456372,484.172
47.3845747,8.5456372,484.172
47.3845754,8.545638,483.982
47.3845754,8.545638,483.982
47.3845771,8.5456392,483.986
47.3845771,8.5456392,483.986
47.3845794,8.5456402,484.11
47.3845794,8.5456402,484.11
47.3845822,8.545641,484.306
47.3845822,8.545641,484.306
47.3845853,8.5456414,484.455
47.3845853,8.5456414,484.455
47.3845887,8.5456416,484.702
47.3845887,8.5456416,484.702
47.3845887,8.5456416,484.702
47.3845909,8.5456421,484.592
47.3845938,8.5456423,484.764
47.3845938,8.5456423,484.764
47.3845967,8.5456424,484.89
47.3845967,8.5456424,484.89
47.3845995,8.5456422,485.04
47.3845995,8.5456422,485.04
47.3846024,8.5456421,485.243
47.3846024,8.5456421,485.243
47.3846048,8.5456423,485.225
47.3846048,8.5456423,485.225
47.3846065,8.5456421,485.12
47.3846065,8.5456421,485.12
47.384608,8.5456421,485.043
47.384608,8.5456421,485.043
47.3846098,8.545642,485.019
47.3846098,8.545642,485.019
47.3846115,8.5456418,484.958
47.3846115,8.5456418,484.958
47.3846134,8.5456419,484.971
47.3846134,8.5456419,484.971
47.3846151,8.5456418,484.947
47.3846151,8.5456418,484.947
47.3846163,8.5456406,484.929
47.3846163,8.5456406,484.929
47.3846178,8.5456398,484.946
47.3846178,8.5456398,484.946
47.3846184,8.5456388,484.912
47.3846184,8.5456388,484.912
47.3846193,8.5456388,484.782
47.3846193,8.5456388,484.782
47.3846205,8.5456379,484.872
47.3846205,8.5456379,484.872
47.384622,8.5456377,484.845
47.384622,8.5456377,484.845
47.3846227,8.5456384,484.541
47.3846227,8.5456384,484.541
47.384623,8.5456385,484.371
47.384623,8.5456385,484.371
47.3846238,8.5456388,484.226
47.3846238,8.5456388,484.226
47.3846251,8.5456394,484.132
47.3846251,8.5456394,484.132
47.3846265,8.5456399,484.018
47.3846265,8.5456399,484.018
47.3846291,8.5456399,484.166
47.3846291,8.5456399,484.166
47.3846307,8.5456403,484.064
47.3846307,8.5456403,484.064
47.3846322,8.5456407,484.025
47.3846322,8.5456407,484.025
47.3846332,8.5456424,483.696
47.3846332,8.5456424,483.696
47.3846351,8.5456428,483.826
47.3846351,8.5456428,483.826
47.3846365,8.5456431,483.764
47.3846365,8.5456431,483.764
47.3846379,8.5456436,483.653
47.3846379,8.5456436,483.653
47.3846395,8.5456443,483.673
47.3846395,8.5456443,483.673
47.3846412,8.5456453,483.749
47.3846412,8.5456453,483.749
47.3846421,8.5456465,483.608
47.3846421,8.5456465,483.608
47.3846423,8.5456474,483.392
47.3846423,8.5456474,483.392
47.3846427,8.5456486,483.258
47.3846427,8.5456486,483.258
47.3846432,8.5456496,482.977
47.3846432,8.5456496,482.977
47.3846439,8.5456507,482.669
47.3846439,8.5456507,482.669
47.3846456,8.5456511,482.694
47.3846456,8.5456511,482.694
47.3846468,8.5456516,482.494
47.3846468,8.5456516,482.494
47.384648,8.5456519,482.452
47.384648,8.5456519,482.452
47.3846494,8.5456523,482.455
47.3846494,8.5456523,482.455
47.3846511,8.5456531,482.512
47.3846511,8.5456531,482.512
47.3846521,8.5456544,482.339
47.3846521,8.5456544,482.339
47.3846537,8.545655,482.403
47.3846537,8.545655,482.403
47.3846553,8.545656,482.311
47.3846553,8.545656,482.311
47.3846565,8.5456561,482.306
47.3846565,8.5456561,482.306
47.3846582,8.5456572,482.174
47.3846582,8.5456572,482.174
47.384659,8.5456568,482.064
47.384659,8.5456568,482.064
47.3846596,8.5456564,481.865
47.3846596,8.5456564,481.865
47.3846608,8.5456566,481.765
47.3846608,8.5456566,481.765
47.3846619,8.5456562,481.749
47.3846619,8.5456562,481.749
47.3846642,8.5456559,482.113
47.3846642,8.5456559,482.113
47.3846653,8.5456561,482.072
47.3846653,8.5456561,482.072
47.3846665,8.5456561,482.114
47.3846665,8.5456561,482.114
47.3846679,8.5456554,482.235
47.3846679,8.5456554,482.235
47.3846699,8.545655,482.424
47.3846699,8.545655,482.424
47.3846714,8.5456553,482.398
47.3846714,8.5456553,482.398
47.384673,8.5456554,482.525
47.384673,8.5456554,482.525
47.3846743,8.545656,482.488
47.3846743,8.545656,482.488
47.3846753,8.5456565,482.432
47.3846753,8.5456565,482.432
47.3846765,8.5456563,482.593
47.3846765,8.5456563,482.593
47.3846773,8.5456573,482.476
47.3846773,8.5456573,482.476
47.3846774,8.5456579,482.274
47.3846774,8.5456579,482.274
47.3846777,8.5456591,482.073
47.3846777,8.5456591,482.073
47.3846786,8.5456593,482.164
47.3846786,8.5456593,482.164
47.3846792,8.5456599,482.14
47.3846792,8.5456599,482.14
47.3846794,8.5456606,482.097
47.3846794,8.5456606,482.097
47.3846796,8.5456614,482.076
47.3846796,8.5456614,482.076
47.3846799,8.5456624,482.018
47.3846799,8.5456624,482.018
47.3846802,8.545663,481.943
47.3846802,8.545663,481.943
47.3846805,8.5456631,481.892
47.3846805,8.5456631,481.892
47.3846807,8.5456638,481.797
47.3846807,8.5456638,481.797
47.3846803,8.5456633,481.936
47.3846803,8.5456633,481.936
47.3846796,8.5456635,481.791
47.3846796,8.5456635,481.791
47.3846795,8.5456627,482.174
47.3846795,8.5456627,482.174
47.3846784,8.5456616,482.298
47.3846784,8.5456616,482.298
47.384678,8.5456604,482.694
47.384678,8.5456604,482.694
47.3846772,8.5456595,482.783
47.3846772,8.5456595,482.783
47.3846769,8.5456598,482.744
47.3846769,8.5456598,482.744
47.384677,8.5456593,482.979
47.384677,8.5456593,482.979
47.3846765,8.5456595,482.9
47.3846765,8.5456595,482.9
47.3846754,8.5456594,482.859
47.3846754,8.5456594,482.859
47.3846746,8.5456591,482.919
47.3846746,8.5456591,482.919
47.3846748,8.5456593,483.02
47.3846748,8.5456593,483.02
47.384675,8.5456596,482.99
47.384675,8.5456596,482.99
47.3846747,8.5456596,483.007
47.3846747,8.5456596,483.007
47.3846741,8.5456582,483.254
47.3846741,8.5456582,483.254
47.3846735,8.5456574,483.274
47.3846735,8.5456574,483.274
47.3846727,8.5456575,483.206
47.3846727,8.5456575,483.206
47.3846718,8.5456575,483.192
47.3846718,8.5456575,483.192
47.3846713,8.5456576,483.204
47.3846713,8.5456576,483.204
47.3846705,8.5456584,482.927
47.3846705,8.5456584,482.927
47.3846699,8.5456584,482.75
47.3846699,8.5456584,482.75
47.3846698,8.5456579,482.835
47.3846698,8.5456579,482.835
47.3846698,8.5456576,482.956
47.3846698,8.5456576,482.956
47.3846692,8.5456577,482.817
47.3846692,8.5456577,482.817
47.3846687,8.5456578,482.809
47.3846687,8.5456578,482.809
47.3846679,8.5456579,482.635
47.3846679,8.5456579,482.635
47.3846671,8.5456584,482.361
47.3846671,8.5456584,482.361
47.3846668,8.5456585,482.293
47.3846668,8.5456585,482.293
47.384667,8.5456585,482.317
47.384667,8.5456585,482.317
47.3846678,8.5456586,482.491
47.3846678,8.5456586,482.491
47.3846679,8.5456587,482.485
47.3846679,8.5456587,482.485
47.3846676,8.5456584,482.416
47.3846676,8.5456584,482.416
47.3846678,8.5456582,482.425
47.3846678,8.5456582,482.425
47.3846683,8.5456579,482.482
47.3846683,8.5456579,482.482
47.3846688,8.5456571,482.576
47.3846688,8.5456571,482.576
47.3846689,8.5456566,482.465
47.3846689,8.5456566,482.465
47.3846686,8.5456547,482.593
47.3846686,8.5456547,482.593
47.3846687,8.5456535,482.613
47.3846687,8.5456535,482.613
47.3846683,8.5456532,482.42
47.3846683,8.5456532,482.42
47.3846688,8.5456519,482.73
47.3846688,8.5456519,482.73
47.3846697,8.5456512,482.959
47.3846697,8.5456512,482.959
47.3846703,8.5456515,482.93
47.3846703,8.5456515,482.93
47.3846704,8.545652,482.82
47.3846704,8.545652,482.82
47.3846705,8.5456523,482.762
47.3846705,8.5456523,482.762
47.3846697,8.5456528,482.437
47.3846697,8.5456528,482.437
47.3846706,8.5456531,482.639
47.3846706,8.5456531,482.639
47.3846714,8.5456535,482.68
47.3846714,8.5456535,482.68
47.3846726,8.5456541,482.764
47.3846726,8.5456541,482.764
47.3846734,8.5456548,482.686
47.3846734,8.5456548,482.686
47.3846747,8.5456553,482.783
47.3846747,8.5456553,482.783
47.3846762,8.545656,482.93
47.3846762,8.545656,482.93
47.3846777,8.5456569,483.041
47.3846777,8.5456569,483.041
47.3846789,8.5456575,483.157
47.3846789,8.5456575,483.157
47.3846792,8.5456581,483.153
47.3846792,8.5456581,483.153
47.38468,8.5456586,483.227
47.38468,8.5456586,483.227
47.3846807,8.545659,483.242
47.3846807,8.545659,483.242
47.3846808,8.5456597,483.173
47.3846808,8.5456597,483.173
47.3846812,8.5456603,483.198
47.3846812,8.5456603,483.198
47.3846815,8.5456609,483.269
47.3846815,8.5456609,483.269
47.3846815,8.5456618,483.253
47.3846815,8.5456618,483.253
47.3846817,8.545663,483.256
47.3846817,8.545663,483.256
47.384682,8.5456642,483.275
47.384682,8.5456642,483.275
47.3846821,8.5456656,483.226
47.3846821,8.5456656,483.226
47.384682,8.5456676,483.033
47.384682,8.5456676,483.033
47.3846822,8.5456692,483.176
47.3846822,8.5456692,483.176
47.3846817,8.5456697,483.408
47.3846817,8.5456697,483.408
47.3846814,8.5456709,483.44
47.3846814,8.5456709,483.44
47.3846811,8.5456717,483.431
47.3846811,8.5456717,483.431
47.3846807,8.5456719,483.409
47.3846807,8.5456719,483.409
47.3846808,8.5456728,483.232
47.3846808,8.5456728,483.232
47.3846814,8.5456745,483.157
47.3846814,8.5456745,483.157
47.384681,8.5456745,483.256
47.384681,8.5456745,483.256
47.3846808,8.5456751,483.254
47.3846808,8.5456751,483.254
47.3846809,8.5456757,483.2
47.3846809,8.5456757,483.2
47.3846814,8.5456777,483.104
47.3846814,8.5456777,483.104
47.3846816,8.5456797,482.933
47.3846816,8.5456797,482.933
47.3846818,8.5456804,482.895
47.3846818,8.5456804,482.895
47.3846819,8.5456803,482.929
47.3846819,8.5456803,482.929
47.3846825,8.5456806,482.863
47.3846825,8.5456806,482.863
47.384683,8.5456805,482.944
47.384683,8.5456805,482.944
47.3846838,8.5456816,482.892
47.3846838,8.5456816,482.892
47.3846845,8.5456831,482.851
47.3846845,8.5456831,482.851
47.3846854,8.5456847,482.759
47.3846854,8.5456847,482.759
47.3846857,8.5456845,482.719
47.3846857,8.5456845,482.719
47.3846854,8.545683,482.792
47.3846854,8.545683,482.792
47.3846858,8.545682,482.941
47.3846858,8.545682,482.941
47.3846865,8.5456818,482.895
47.3846865,8.5456818,482.895
47.3846873,8.5456819,482.825
47.3846873,8.5456819,482.825
47.3846884,8.5456828,482.718
47.3846884,8.5456828,482.718
47.3846892,8.5456831,482.633
47.3846892,8.5456831,482.633
47.3846896,8.5456831,482.551
47.3846896,8.5456831,482.551
47.3846902,8.5456832,482.564
47.3846902,8.5456832,482.564
47.3846908,8.5456843,482.54
47.3846908,8.5456843,482.54
47.3846914,8.545685,482.449
47.3846914,8.545685,482.449
47.3846907,8.545685,482.32
47.3846907,8.545685,482.32
47.3846902,8.5456853,482.316
47.3846902,8.5456853,482.316
47.3846904,8.545686,482.261
47.3846904,8.545686,482.261
47.384691,8.5456865,482.262
47.384691,8.5456865,482.262
47.3846925,8.545688,482.177
47.3846925,8.545688,482.177
47.3846947,8.5456898,482.051
47.3846947,8.5456898,482.051
47.384696,8.5456898,482.118
47.384696,8.5456898,482.118
47.3846971,8.5456895,482.225
47.3846971,8.5456895,482.225
47.3846982,8.5456901,482.195
47.3846982,8.5456901,482.195
47.3846995,8.5456907,482.287
47.3846995,8.5456907,482.287
47.3847002,8.5456897,482.458
47.3847002,8.5456897,482.458
47.3847012,8.5456888,482.612
47.3847012,8.5456888,482.612
47.3847025,8.5456874,482.683
47.3847025,8.5456874,482.683
47.3847032,8.5456844,482.901
47.3847032,8.5456844,482.901
47.3847043,8.545682,483.052
47.3847043,8.545682,483.052
47.384706,8.5456814,483.056
47.384706,8.5456814,483.056
47.3847072,8.5456807,483.157
47.3847072,8.5456807,483.157
47.3847078,8.5456794,483.263
47.3847078,8.5456794,483.263
47.3847087,8.5456782,483.333
47.3847087,8.5456782,483.333
47.3847098,8.5456766,483.501
47.3847098,8.5456766,483.501
47.3847111,8.5456757,483.488
47.3847111,8.5456757,483.488
47.3847119,8.5456745,483.619
47.3847119,8.5456745,483.619
47.3847127,8.5456737,483.64
47.3847127,8.5456737,483.64
47.3847131,8.5456719,483.744
47.3847131,8.5456719,483.744
47.3847143,8.5456713,483.726
47.3847143,8.5456713,483.726
47.3847146,8.5456698,483.881
47.3847146,8.5456698,483.881
47.3847144,8.5456691,483.96
47.3847144,8.5456691,483.96
47.3847142,8.5456693,484.051
47.3847142,8.5456693,484.051
47.384714,8.5456692,484.072
47.384714,8.5456692,484.072
47.3847135,8.5456693,484.197
47.3847135,8.5456693,484.197
47.3847134,8.5456697,484.192
47.3847134,8.5456697,484.192
47.3847125,8.5456684,484.288
47.3847125,8.5456684,484.288
47.3847124,8.5456673,484.201
47.3847124,8.5456673,484.201
47.3847119,8.5456664,484.218
47.3847119,8.5456664,484.218
47.3847111,8.5456653,484.181
47.3847111,8.5456653,484.181
47.3847107,8.5456641,484.103
47.3847107,8.5456641,484.103
47.3847114,8.5456635,483.784
47.3847114,8.5456635,483.784
47.384712,8.545663,483.701
47.384712,8.545663,483.701
47.3847125,8.5456625,483.596
47.3847125,8.5456625,483.596
47.3847122,8.5456632,483.597
47.3847122,8.5456632,483.597
47.3847124,8.5456636,483.564
47.3847124,8.5456636,483.564
47.3847129,8.5456637,483.498
47.3847129,8.5456637,483.498
47.3847134,8.5456648,483.463
47.3847134,8.5456648,483.463
47.3847145,8.5456658,483.348
47.3847145,8.5456658,483.348
47.384716,8.5456657,483.135
47.384716,8.5456657,483.135
47.3847173,8.5456659,482.971
47.3847173,8.5456659,482.971
47.384718,8.5456664,482.938
47.384718,8.5456664,482.938
47.3847191,8.5456668,482.865
47.3847191,8.5456668,482.865
47.3847199,8.5456675,482.855
47.3847199,8.5456675,482.855
47.3847207,8.5456679,482.767
47.3847207,8.5456679,482.767
47.3847218,8.5456682,482.661
47.3847218,8.5456682,482.661
47.3847219,8.5456686,482.788
47.3847219,8.5456686,482.788
47.3847231,8.5456687,482.592
47.3847231,8.5456687,482.592
47.3847248,8.5456686,482.528
47.3847248,8.5456686,482.528
47.3847261,8.5456693,482.576
47.3847261,8.5456693,482.576
47.3847275,8.5456698,482.525
47.3847275,8.5456698,482.525
47.3847286,8.5456702,482.565
47.3847286,8.5456702,482.565
47.3847304,8.54567,482.478
47.3847304,8.54567,482.478
47.3847319,8.5456704,482.497
47.3847319,8.5456704,482.497
47.3847334,8.5456711,482.531
47.3847334,8.5456711,482.531
47.3847349,8.5456719,482.521
47.3847349,8.5456719,482.521
47.3847362,8.5456729,482.476
47.3847362,8.5456729,482.476
47.3847377,8.5456738,482.425
47.3847377,8.5456738,482.425
47.384739,8.545675,482.46
47.384739,8.545675,482.46
47.3847407,8.5456766,482.478
47.3847407,8.5456766,482.478
47.3847424,8.5456781,482.494
47.3847424,8.5456781,482.494
47.3847445,8.5456795,482.435
47.3847445,8.5456795,482.435
47.3847466,8.5456807,482.35
47.3847466,8.5456807,482.35
47.3847487,8.5456814,482.313
47.3847487,8.5456814,482.313
47.3847503,8.5456832,482.46
47.3847503,8.5456832,482.46
47.3847515,8.5456856,482.653
47.3847515,8.5456856,482.653
47.384753,8.5456868,482.705
47.384753,8.5456868,482.705
47.3847536,8.5456877,483.039
47.3847536,8.5456877,483.039
47.384755,8.5456876,483.118
47.384755,8.5456876,483.118
47.3847565,8.5456878,483.114
47.3847565,8.5456878,483.114
47.3847578,8.5456881,483.257
47.3847578,8.5456881,483.257
47.3847594,8.5456874,483.326
47.3847594,8.5456874,483.326
47.3847608,8.545687,483.409
47.3847608,8.545687,483.409
47.384762,8.5456871,483.515
47.384762,8.5456871,483.515
47.3847635,8.5456868,483.556
47.3847635,8.5456868,483.556
47.3847654,8.545686,483.539
47.3847654,8.545686,483.539
47.3847672,8.5456853,483.473
47.3847672,8.5456853,483.473
47.384769,8.5456849,483.348
47.384769,8.5456849,483.348
47.3847706,8.5456853,483.463
47.3847706,8.5456853,483.463
47.3847721,8.5456866,483.759
47.3847721,8.5456866,483.759
47.3847737,8.5456871,483.742
47.3847737,8.5456871,483.742
47.3847745,8.5456884,483.898
47.3847745,8.5456884,483.898
47.3847753,8.5456896,483.941
47.3847753,8.5456896,483.941
47.3847761,8.5456901,483.941
47.3847761,8.5456901,483.941
47.384777,8.5456905,483.736
47.384777,8.5456905,483.736
47.3847776,8.5456922,483.67
47.3847776,8.5456922,483.67
47.3847786,8.5456935,483.541
47.3847786,8.5456935,483.541
47.3847796,8.5456944,483.478
47.3847796,8.5456944,483.478
47.3847801,8.5456961,483.582
47.3847801,8.5456961,483.582
47.3847807,8.5456977,483.583
47.3847807,8.5456977,483.583
47.3847821,8.5456994,483.664
47.3847821,8.5456994,483.664
47.3847828,8.5457014,483.7
47.3847828,8.5457014,483.7
47.3847832,8.545704,483.767
47.3847832,8.545704,483.767
47.3847837,8.5457057,483.665
47.3847837,8.5457057,483.665
47.3847841,8.5457077,483.698
47.3847841,8.5457077,483.698
47.3847841,8.5457096,483.69
47.3847841,8.5457096,483.69
47.3847843,8.5457114,483.685
47.3847843,8.5457114,483.685
47.3847842,8.5457134,483.708
47.3847842,8.5457134,483.708
47.3847843,8.5457147,483.707
47.3847843,8.5457147,483.707
47.3847846,8.5457163,483.784
47.3847846,8.5457163,483.784
47.3847851,8.5457178,483.769
47.3847851,8.5457178,483.769
47.3847857,8.5457191,483.758
47.3847857,8.5457191,483.758
47.384786,8.5457219,483.85
47.384786,8.5457219,483.85
47.3847865,8.5457234,483.801
47.3847865,8.5457234,483.801
47.3847871,8.5457245,483.907
47.3847871,8.5457245,483.907
47.384788,8.5457253,483.924
47.384788,8.5457253,483.924
47.3847888,8.5457263,483.976
47.3847888,8.5457263,483.976
47.3847894,8.5457274,484.099
47.3847894,8.5457274,484.099
47.3847898,8.5457286,484.201
47.3847898,8.5457286,484.201
47.3847902,8.54573,484.297
47.3847902,8.54573,484.297
47.3847903,8.545731,484.426
47.3847903,8.545731,484.426
47.3847903,8.5457325,484.506
47.3847903,8.5457325,484.506
47.3847906,8.5457339,484.599
47.3847906,8.5457339,484.599
47.3847911,8.5457356,484.712
47.3847911,8.5457356,484.712
47.3847917,8.5457384,484.859
47.3847917,8.5457384,484.859
47.3847925,8.5457411,484.967
47.3847925,8.5457411,484.967
47.3847932,8.5457438,485.013
47.3847932,8.5457438,485.013
47.384794,8.5457465,485.064
47.384794,8.5457465,485.064
47.3847948,8.545749,485.156
47.3847948,8.545749,485.156
47.3847956,8.5457515,485.262
47.3847956,8.5457515,485.262
47.3847966,8.5457536,485.349
47.3847966,8.5457536,485.349
47.3847977,8.545755,485.361
47.3847977,8.545755,485.361
47.3847987,8.5457564,485.413
47.3847987,8.5457564,485.413
47.3847998,8.545757,485.383
47.3847998,8.545757,485.383
47.3848004,8.5457579,485.446
47.3848004,8.5457579,485.446
47.3848012,8.5457594,485.549
47.3848012,8.5457594,485.549
47.3848019,8.5457609,485.631
47.3848019,8.5457609,485.631
47.3848019,8.5457637,485.714
47.3848019,8.5457637,485.714
47.3848019,8.5457637,485.714
47.3848023,8.5457667,485.855
47.3848023,8.5457667,485.855
47.3848028,8.5457696,486.072
47.3848032,8.5457723,486.164
47.3848032,8.5457723,486.164
47.3848023,8.5457761,486.081
47.3848023,8.5457761,486.081
47.3848012,8.5457789,485.956
47.3848012,8.5457789,485.956
47.3848013,8.5457818,486.049
47.3848013,8.5457818,486.049
47.3848019,8.5457845,486.161
47.3848019,8.5457845,486.161
47.3848027,8.5457869,486.174
47.3848027,8.5457869,486.174
47.3848042,8.5457892,486.287
47.3848042,8.5457892,486.287
47.3848054,8.5457912,486.328
47.3848054,8.5457912,486.328
47.3848054,8.5457941,486.407
47.3848054,8.5457941,486.407
47.3848049,8.5457971,486.326
47.3848049,8.5457971,486.326
47.3848043,8.5457997,486.239
47.3848043,8.5457997,486.239
47.3848041,8.5458025,486.315
47.3848041,8.5458025,486.315
47.3848045,8.5458048,486.346
47.3848045,8.5458048,486.346
47.3848059,8.5458058,486.362
47.3848059,8.5458058,486.362
47.384807,8.5458066,486.346
47.384807,8.5458066,486.346
47.3848086,8.5458066,486.294
47.3848086,8.5458066,486.294
47.3848103,8.5458071,486.313
47.3848103,8.5458071,486.313
47.3848112,8.5458084,486.358
47.3848112,8.5458084,486.358
47.3848126,8.5458099,486.516
47.3848126,8.5458099,486.516
47.384814,8.5458121,486.745
47.384814,8.5458121,486.745
47.384814,8.5458137,486.668
47.384814,8.5458137,486.668
47.3848154,8.5458144,486.76
47.3848154,8.5458144,486.76
47.3848173,8.5458146,486.88
47.3848173,8.5458146,486.88
47.384819,8.5458145,486.96
47.384819,8.5458145,486.96
47.384819,8.5458157,486.933
47.384819,8.5458157,486.933
47.3848195,8.545817,486.967
47.3848195,8.545817,486.967
47.3848197,8.5458177,486.817
47.3848197,8.5458177,486.817
47.384819,8.5458192,486.735
47.384819,8.5458192,486.735
47.3848197,8.5458199,486.812
47.3848197,8.5458199,486.812
47.3848208,8.54582,486.822
47.3848208,8.54582,486.822
47.3848208,8.5458203,486.655
47.3848208,8.5458203,486.655
47.3848215,8.5458206,486.596
47.3848215,8.5458206,486.596
47.3848226,8.5458207,486.479
47.3848226,8.5458207,486.479
47.3848232,8.5458213,486.235
47.3848232,8.5458213,486.235
47.3848234,8.5458211,486.051
47.3848234,8.5458211,486.051
47.3848237,8.5458211,485.869
47.3848237,8.5458211,485.869
47.3848236,8.5458207,485.622
47.3848236,8.5458207,485.622
47.3848232,8.5458206,485.257
47.3848232,8.5458206,485.257
47.3848238,8.5458205,485.066
47.3848238,8.5458205,485.066
47.3848253,8.5458202,485.007
47.3848253,8.5458202,485.007
47.3848258,8.5458204,484.738
47.3848258,8.5458204,484.738
47.3848275,8.5458202,484.734
47.3848275,8.5458202,484.734
47.3848287,8.5458209,484.825
47.3848287,8.5458209,484.825
47.3848294,8.5458227,484.987
47.3848294,8.5458227,484.987
47.3848302,8.5458245,485.225
47.3848302,8.5458245,485.225
47.3848306,8.5458264,485.21
47.3848306,8.5458264,485.21
47.3848304,8.5458283,485.105
47.3848304,8.5458283,485.105
47.3848303,8.5458299,485.117
47.3848303,8.5458299,485.117
47.38483,8.5458308,485.014
47.38483,8.5458308,485.014
47.3848301,8.545832,484.951
47.3848301,8.545832,484.951
47.3848305,8.5458334,484.805
47.3848305,8.5458334,484.805
47.3848314,8.5458351,484.811
47.3848314,8.5458351,484.811
47.3848325,8.5458365,484.907
47.3848325,8.5458365,484.907
47.384834,8.5458378,484.996
47.384834,8.5458378,484.996
47.3848352,8.5458392,485.131
47.3848352,8.5458392,485.131
47.3848372,8.5458407,485.4
47.3848372,8.5458407,485.4
47.3848382,8.5458421,485.509
47.3848382,8.5458421,485.509
47.384839,8.545844,485.574
47.384839,8.545844,485.574
47.3848399,8.5458459,485.71
47.3848399,8.5458459,485.71
47.3848403,8.5458481,485.768
47.3848403,8.5458481,485.768
47.3848413,8.5458506,485.934
47.3848413,8.5458506,485.934
47.3848425,8.5458529,486.202
47.3848425,8.5458529,486.202
47.3848439,8.5458551,486.501
47.3848439,8.5458551,486.501
47.384845,8.5458573,486.606
47.384845,8.5458573,486.606
47.3848465,8.545859,486.659
47.3848465,8.545859,486.659
47.3848472,8.5458602,486.576
47.3848472,8.5458602,486.576
47.3848478,8.5458619,486.507
47.3848478,8.5458619,486.507
47.3848483,8.5458635,486.434
47.3848483,8.5458635,486.434
47.3848487,8.5458651,486.515
47.3848487,8.5458651,486.515
47.3848483,8.5458664,486.408
47.3848483,8.5458664,486.408
47.3848491,8.545868,486.481
47.3848491,8.545868,486.481
47.3848508,8.5458692,486.419
47.3848508,8.5458692,486.419
47.3848525,8.545871,486.466
47.3848525,8.545871,486.466
47.3848548,8.5458727,486.558
47.3848548,8.5458727,486.558
47.3848573,8.5458742,486.687
47.3848573,8.5458742,486.687
47.3848579,8.545876,486.556
47.3848579,8.545876,486.556
47.3848587,8.5458784,486.585
47.3848587,8.5458784,486.585
47.38486,8.5458803,486.702
47.38486,8.5458803,486.702
47.3848615,8.5458818,486.684
47.3848615,8.5458818,486.684
47.3848628,8.5458831,486.688
47.3848628,8.5458831,486.688
47.3848639,8.5458845,486.717
47.3848639,8.5458845,486.717
47.3848651,8.5458855,486.715
47.3848651,8.5458855,486.715
47.3848661,8.5458871,486.769
47.3848661,8.5458871,486.769
47.3848672,8.5458883,486.764
47.3848672,8.5458883,486.764
47.384867,8.5458904,486.666
47.384867,8.5458904,486.666
47.3848668,8.5458921,486.514
47.3848668,8.5458921,486.514
47.3848664,8.5458934,486.302
47.3848664,8.5458934,486.302
47.3848649,8.5458952,486.243
47.3848649,8.5458952,486.243
47.384864,8.5458964,485.932
47.384864,8.5458964,485.932
47.3848634,8.5458976,485.694
47.3848634,8.5458976,485.694
47.3848638,8.5458987,485.601
47.3848638,8.5458987,485.601
47.384864,8.5458998,485.536
47.384864,8.5458998,485.536
47.3848643,8.5459007,485.478
47.3848643,8.5459007,485.478
47.3848653,8.5459017,485.479
47.3848653,8.5459017,485.479
47.3848669,8.5459033,485.76
47.3848669,8.5459033,485.76
47.3848687,8.5459042,485.98
47.3848687,8.5459042,485.98
47.3848706,8.5459052,486.161
47.3848706,8.5459052,486.161
47.3848714,8.5459065,486.12
47.3848714,8.5459065,486.12
47.3848725,8.5459076,486.006
47.3848725,8.5459076,486.006
47.3848737,8.545909,486.131
47.3848737,8.545909,486.131
47.3848748,8.5459102,486.123
47.3848748,8.5459102,486.123
47.3848749,8.5459115,485.964
47.3848749,8.5459115,485.964
47.3848758,8.5459129,485.919
47.3848758,8.5459129,485.919
47.3848768,8.5459138,485.865
47.3848768,8.5459138,485.865
47.3848774,8.5459159,485.906
47.3848774,8.5459159,485.906
47.384878,8.5459186,486.167
47.384878,8.5459186,486.167
47.3848792,8.5459209,486.359
47.3848792,8.5459209,486.359
47.3848797,8.5459229,486.34
47.3848797,8.5459229,486.34
47.3848802,8.5459248,486.419
47.3848802,8.5459248,486.419
47.384881,8.5459266,486.559
47.384881,8.5459266,486.559
47.3848811,8.5459278,486.444
47.3848811,8.5459278,486.444
47.3848821,8.5459294,486.604
47.3848821,8.5459294,486.604
47.3848833,8.5459305,486.704
47.3848833,8.5459305,486.704
47.3848853,8.5459323,487.03
47.3848853,8.5459323,487.03
47.3848866,8.5459342,487.218
47.3848866,8.5459342,487.218
47.3848874,8.5459363,487.354
47.3848874,8.5459363,487.354
47.3848876,8.5459379,487.356
47.3848876,8.5459379,487.356
47.3848883,8.5459396,487.523
47.3848883,8.5459396,487.523
47.3848888,8.5459408,487.498
47.3848888,8.5459408,487.498
47.38489,8.5459422,487.716
47.38489,8.5459422,487.716
47.3848914,8.5459437,487.879
47.3848914,8.5459437,487.879
47.3848926,8.545945,488.057
47.3848926,8.545945,488.057
47.3848937,8.545946,488.057
47.3848937,8.545946,488.057
47.3848946,8.5459468,488.012
47.3848946,8.5459468,488.012
47.3848952,8.5459474,487.966
47.3848952,8.5459474,487.966
47.3848958,8.5459478,487.936
47.3848958,8.5459478,487.936
47.3848967,8.545948,487.921
47.3848967,8.545948,487.921
47.3848974,8.5459486,487.959
47.3848974,8.5459486,487.959
47.3848987,8.5459499,488.118
47.3848987,8.5459499,488.118
47.3848983,8.5459512,488.05
47.3848983,8.5459512,488.05
47.3848988,8.5459527,488.121
47.3848988,8.5459527,488.121
47.3848995,8.5459547,488.192
47.3848995,8.5459547,488.192
47.3848991,8.5459568,488.188
47.3848991,8.5459568,488.188
47.3848988,8.5459587,488.198
47.3848988,8.5459587,488.198
47.3848992,8.5459607,488.304
47.3848992,8.5459607,488.304
47.3848997,8.5459624,488.372
47.3848997,8.5459624,488.372
47.3849006,8.5459644,488.642
47.3849006,8.5459644,488.642
47.3849021,8.5459661,488.842
47.3849021,8.5459661,488.842
47.3849035,8.5459679,489.124
47.3849035,8.5459679,489.124
47.384904,8.5459698,489.124
47.384904,8.5459698,489.124
47.3849047,8.5459717,489.179
47.3849047,8.5459717,489.179
47.3849053,8.5459735,489.198
47.3849053,8.5459735,489.198
47.3849055,8.5459748,489.188
47.3849055,8.5459748,489.188
47.3849067,8.5459761,489.274
47.3849067,8.5459761,489.274
47.3849063,8.5459777,489.204
47.3849063,8.5459777,489.204
47.3849069,8.5459785,489.357
47.3849069,8.5459785,489.357
47.3849077,8.5459793,489.372
47.3849077,8.5459793,489.372
47.3849096,8.5459804,489.662
47.3849096,8.5459804,489.662
47.3849105,8.545981,489.716
47.3849105,8.545981,489.716
47.3849117,8.5459812,489.818
47.3849117,8.5459812,489.818
47.3849134,8.5459815,489.953
47.3849134,8.5459815,489.953
47.3849154,8.5459821,490.123
47.3849154,8.5459821,490.123
47.3849174,8.5459826,490.304
47.3849174,8.5459826,490.304
47.3849191,8.5459836,490.449
47.3849191,8.5459836,490.449
47.3849207,8.5459841,490.61
47.3849207,8.5459841,490.61
47.3849224,8.5459845,490.656
47.3849224,8.5459845,490.656
47.3849238,8.5459848,490.794
47.3849238,8.5459848,490.794
47.3849252,8.5459856,490.962
47.3849252,8.5459856,490.962
47.3849265,8.5459867,491.055
47.3849265,8.5459867,491.055
47.3849277,8.5459881,491.152
47.3849277,8.5459881,491.152
47.3849292,8.545989,491.317
47.3849292,8.545989,491.317
47.3849305,8.5459893,491.373
47.3849305,8.5459893,491.373
47.3849317,8.54599,491.443
47.3849317,8.54599,491.443
47.3849333,8.5459902,491.598
47.3849333,8.5459902,491.598
47.3849331,8.5459908,491.437
47.3849331,8.5459908,491.437
47.3849339,8.5459918,491.502
47.3849339,8.5459918,491.502
47.3849345,8.545993,491.619
47.3849345,8.545993,491.619
47.3849349,8.5459947,491.755
47.3849349,8.5459947,491.755
47.384936,8.5459967,492.009
47.384936,8.5459967,492.009
47.3849373,8.5459989,492.394
47.3849373,8.5459989,492.394
47.3849385,8.5460008,492.582
47.3849385,8.5460008,492.582
47.38494,8.5460028,492.941
47.38494,8.5460028,492.941
47.3849412,8.5460046,493.174
47.3849412,8.5460046,493.174
47.3849426,8.5460063,493.535
47.3849426,8.5460063,493.535
47.384943,8.5460083,493.783
47.384943,8.5460083,493.783
47.3849429,8.5460106,493.962
47.3849429,8.5460106,493.962
47.3849431,8.5460127,494.157
47.3849431,8.5460127,494.157
47.3849431,8.546015,494.41
47.3849431,8.546015,494.41
47.3849435,8.5460175,494.604
47.3849435,8.5460175,494.604
47.3849435,8.54602,494.683
47.3849435,8.54602,494.683
47.3849434,8.5460228,494.742
47.3849434,8.5460228,494.742
47.3849434,8.5460255,494.853
47.3849434,8.5460255,494.853
47.3849437,8.5460285,494.978
47.3849437,8.5460285,494.978
47.3849434,8.5460314,495.09
47.3849434,8.5460314,495.09
47.384944,8.5460338,495.259
47.384944,8.5460338,495.259
47.3849436,8.5460362,495.135
47.3849436,8.5460362,495.135
47.3849433,8.5460381,495.161
47.3849433,8.5460381,495.161
47.3849438,8.5460396,495.195
47.3849438,8.5460396,495.195
47.3849456,8.5460411,495.492
47.3849456,8.5460411,495.492
47.3849468,8.5460423,495.584
47.3849468,8.5460423,495.584
47.3849477,8.5460436,495.647
47.3849477,8.5460436,495.647
47.3849482,8.5460446,495.674
47.3849482,8.5460446,495.674
47.384949,8.5460454,495.741
47.384949,8.5460454,495.741
47.3849494,8.5460461,495.631
47.3849494,8.5460461,495.631
47.3849494,8.5460472,495.511
47.3849494,8.5460472,495.511
47.3849506,8.5460488,495.665
47.3849506,8.5460488,495.665
47.3849524,8.5460499,495.932
47.3849524,8.5460499,495.932
47.3849528,8.5460506,495.866
47.3849528,8.5460506,495.866
47.3849535,8.5460515,495.813
47.3849535,8.5460515,495.813
47.3849529,8.5460523,495.416
47.3849529,8.5460523,495.416
47.3849529,8.5460523,495.416
47.3849532,8.5460533,495.312
47.3849532,8.5460533,495.312
47.384953,8.5460547,495.155
47.3849528,8.5460558,495.07
47.3849528,8.5460558,495.07
47.3849527,8.5460563,494.719
47.3849527,8.5460563,494.719
47.384954,8.5460574,494.843
47.384954,8.5460574,494.843
47.3849555,8.546058,494.884
47.3849555,8.546058,494.884
47.3849553,8.5460585,494.707
47.3849553,8.5460585,494.707
47.3849552,8.5460593,494.553
47.3849552,8.5460593,494.553
47.3849546,8.5460607,494.404
47.3849546,8.5460607,494.404
47.3849543,8.5460622,494.167
47.3849543,8.5460622,494.167
47.384954,8.5460636,493.999
47.384954,8.5460636,493.999
47.3849545,8.546065,494.019
47.3849545,8.546065,494.019
47.3849552,8.5460658,493.862
47.3849552,8.5460658,493.862
47.384956,8.5460681,493.972
47.384956,8.5460681,493.972
47.3849568,8.5460695,493.923
47.3849568,8.5460695,493.923
47.3849576,8.5460703,493.889
47.3849576,8.5460703,493.889
47.3849576,8.5460703,493.889
47.384958,8.5460713,493.792
47.384958,8.5460713,493.792
47.3849583,8.5460725,493.781
47.3849583,8.5460725,493.781
47.3849576,8.546074,493.607
47.3849576,8.5460745,493.445
47.3849576,8.5460745,493.445
47.3849571,8.546075,493.246
47.3849571,8.546075,493.246
47.3849571,8.546075,493.246
47.3849567,8.546076,493.145
47.3849567,8.546076,493.145
47.3849559,8.546077,493.068
47.3849559,8.546077,493.068
47.3849555,8.5460779,493.041
47.3849555,8.5460779,493.041
47.3849559,8.5460792,493.066
47.3849557,8.5460813,493.03
47.3849557,8.5460813,493.03
47.384955,8.5460834,493.016
47.384955,8.5460834,493.016
47.384955,8.5460834,493.016
47.3849538,8.5460851,492.851
47.3849538,8.5460851,492.851
47.3849525,8.546086,492.655
47.3849525,8.546086,492.655
47.3849518,8.5460872,492.657
47.3849517,8.5460882,492.59
47.3849517,8.5460882,492.59
47.3849514,8.5460891,492.493
47.3849514,8.5460891,492.493
47.3849508,8.5460898,492.262
47.3849508,8.5460898,492.262
47.3849498,8.5460904,492.257
47.3849498,8.5460904,492.257
47.384948,8.5460902,492.365
47.384948,8.5460902,492.365
47.3849465,8.5460904,492.373
47.3849465,8.5460904,492.373
47.3849453,8.5460912,492.15
47.3849453,8.5460912,492.15
47.3849449,8.5460926,492.022
47.3849449,8.5460926,492.022
47.3849432,8.5460942,491.764
47.3849432,8.5460942,491.764
47.384942,8.5460964,491.656
47.384942,8.5460964,491.656
47.3849407,8.5460981,491.436
47.3849407,8.5460981,491.436
47.38494,8.5460995,491.311
47.38494,8.5460995,491.311
47.3849394,8.5461007,491.148
47.3849394,8.5461007,491.148
47.3849394,8.5461007,491.148
47.3849398,8.5461013,491.083
47.3849398,8.5461013,491.083
47.3849399,8.5461024,491.225
47.3849395,8.5461031,491.144
47.3849395,8.5461031,491.144
47.3849384,8.5461036,490.885
47.3849384,8.5461036,490.885
47.3849378,8.5461042,490.681
47.3849378,8.5461042,490.681
47.3849381,8.5461048,490.649
47.3849381,8.5461048,490.649
47.3849393,8.5461047,490.566
47.3849393,8.5461047,490.566
47.3849387,8.5461059,490.371
47.3849387,8.5461059,490.371
47.3849379,8.5461074,490.177
47.3849379,8.5461074,490.177
47.384938,8.5461092,490.277
47.384938,8.5461092,490.277
47.3849381,8.5461104,490.209
47.3849381,8.5461104,490.209
47.3849384,8.5461108,489.975
47.3849384,8.5461108,489.975
47.3849396,8.5461115,490.024
47.3849396,8.5461115,490.024
47.3849385,8.5461135,489.859
47.3849385,8.5461135,489.859
47.3849373,8.5461149,489.605
47.3849373,8.5461149,489.605
47.3849375,8.5461149,489.361
47.3849375,8.5461149,489.361
47.3849371,8.5461154,489.168
47.3849371,8.5461154,489.168
47.3849355,8.5461172,488.807
47.3849355,8.5461172,488.807
47.3849355,8.5461182,488.611
47.3849355,8.5461182,488.611
47.3849349,8.5461198,488.528
47.3849349,8.5461198,488.528
47.3849346,8.5461212,488.415
47.3849346,8.5461212,488.415
47.3849342,8.5461222,488.206
47.3849342,8.5461222,488.206
47.3849334,8.5461244,488.133
47.3849334,8.5461244,488.133
47.384932,8.5461265,488.051
47.384932,8.5461265,488.051
47.3849312,8.5461274,487.917
47.3849312,8.5461274,487.917
47.3849302,8.5461279,487.802
47.3849302,8.5461279,487.802
47.3849298,8.5461288,487.754
47.3849298,8.5461288,487.754
47.3849302,8.5461291,487.718
47.3849302,8.5461291,487.718
47.3849296,8.5461298,487.557
47.3849296,8.5461298,487.557
47.38493,8.5461303,487.605
47.38493,8.5461303,487.605
47.3849292,8.5461311,487.495
47.3849292,8.5461311,487.495
47.3849287,8.546132,487.386
47.3849287,8.546132,487.386
47.3849283,8.5461331,487.277
47.3849283,8.5461331,487.277
47.3849271,8.5461345,487.22
47.3849271,8.5461345,487.22
47.384927,8.5461361,486.954
47.384927,8.5461361,486.954
47.3849269,8.5461378,486.964
47.3849269,8.5461378,486.964
47.3849259,8.5461396,486.903
47.3849259,8.5461396,486.903
47.3849249,8.5461411,486.701
47.3849249,8.5461411,486.701
47.3849245,8.5461421,486.65
47.3849245,8.5461421,486.65
47.3849243,8.5461435,486.705
47.3849243,8.5461435,486.705
47.3849236,8.5461454,486.593
47.3849236,8.5461454,486.593
47.3849235,8.5461461,486.504
47.3849235,8.5461461,486.504
47.3849237,8.5461467,486.261
47.3849237,8.5461467,486.261
47.3849241,8.5461487,486.468
47.3849241,8.5461487,486.468
47.3849242,8.5461493,486.525
47.3849242,8.5461493,486.525
47.3849233,8.5461494,486.58
47.3849233,8.5461494,486.58
47.3849238,8.5461499,486.618
47.3849238,8.5461499,486.618
47.3849258,8.5461504,486.433
47.3849258,8.5461504,486.433
47.384927,8.5461514,486.211
47.384927,8.5461514,486.211
47.3849279,8.5461512,486.001
47.3849279,8.5461512,486.001
47.3849301,8.546151,485.973
47.3849301,8.546151,485.973
47.3849312,8.5461506,485.709
47.3849312,8.5461506,485.709
47.3849327,8.5461502,485.937
47.3849327,8.5461502,485.937
47.3849338,8.5461505,485.922
47.3849338,8.5461505,485.922
47.3849349,8.5461518,485.909
47.3849349,8.5461518,485.909
47.3849349,8.5461518,485.909
47.3849353,8.5461529,485.9
47.3849353,8.5461529,485.9
47.3849357,8.5461531,485.86
47.3849351,8.5461533,485.85
47.3849351,8.5461533,485.85
47.3849351,8.5461535,485.831
47.3849351,8.5461535,485.831
47.3849352,8.5461539,485.748
47.3849352,8.5461539,485.748
47.384936,8.5461551,486.023
47.384936,8.5461551,486.023
47.3849365,8.5461576,485.857
47.3849365,8.5461576,485.857
47.3849349,8.5461589,485.4
47.3849349,8.5461589,485.4
47.3849336,8.5461609,485.208
47.3849336,8.5461609,485.208
47.3849325,8.5461631,485.195
47.3849325,8.5461631,485.195
47.3849316,8.5461643,485.277
47.3849316,8.5461643,485.277
47.3849308,8.5461662,485.313
47.3849308,8.5461662,485.313
47.3849291,8.5461692,485.279
47.3849291,8.5461692,485.279
47.3849274,8.5461717,485.092
47.3849274,8.5461717,485.092
47.3849265,8.546173,485.065
47.3849265,8.546173,485.065
47.3849255,8.5461737,485.037
47.3849255,8.5461737,485.037
47.3849247,8.5461752,484.843
47.3849247,8.5461752,484.843
47.384925,8.5461768,485.031
47.384925,8.5461768,485.031
47.3849248,8.5461781,484.997
47.3849248,8.5461781,484.997
47.3849242,8.5461803,484.692
47.3849242,8.5461803,484.692
47.3849231,8.5461815,484.574
47.3849231,8.5461815,484.574
47.3849226,8.5461822,484.6
47.3849226,8.5461822,484.6
47.3849218,8.546182,484.724
47.3849218,8.546182,484.724
47.3849212,8.5461826,484.82
47.3849212,8.5461826,484.82
47.3849213,8.5461823,484.707
47.3849213,8.5461823,484.707
47.3849213,8.5461829,484.429
47.3849213,8.5461829,484.429
47.384922,8.546184,484.428
47.384922,8.546184,484.428
47.3849222,8.5461857,484.236
47.3849222,8.5461857,484.236
47.3849227,8.5461878,483.923
47.3849227,8.5461878,483.923
47.3849237,8.5461886,483.6
47.3849237,8.5461886,483.6
47.3849245,8.5461895,483.648
47.3849245,8.5461895,483.648
47.3849247,8.5461904,483.774
47.3849247,8.5461904,483.774
47.3849236,8.546191,484.186
47.3849236,8.546191,484.186
47.384922,8.5461909,484.417
47.384922,8.5461909,484.417
47.3849214,8.5461916,484.492
47.3849214,8.5461916,484.492
47.3849213,8.5461931,484.524
47.3849213,8.5461931,484.524
47.3849209,8.5461939,484.58
47.3849209,8.5461939,484.58
47.3849203,8.5461948,484.693
47.3849203,8.5461948,484.693
47.3849215,8.5461961,484.723
47.3849215,8.5461961,484.723
47.3849207,8.5461974,484.667
47.3849207,8.5461974,484.667
47.3849206,8.546199,484.732
47.3849206,8.546199,484.732
47.3849203,8.5462008,484.586
47.3849203,8.5462008,484.586
47.3849203,8.5462025,484.716
47.3849203,8.5462025,484.716
47.3849204,8.5462039,484.711
47.3849204,8.5462039,484.711
47.3849206,8.5462055,484.97
47.3849206,8.5462055,484.97
47.3849199,8.5462064,485.101
47.3849199,8.5462064,485.101
47.3849195,8.5462086,485.074
47.3849195,8.5462086,485.074
47.3849197,8.5462116,485.016
47.3849197,8.5462116,485.016
47.3849208,8.5462134,485.07
47.3849208,8.5462134,485.07
47.3849208,8.5462159,485.02
47.3849208,8.5462159,485.02
47.3849213,8.5462184,484.747
47.3849213,8.5462184,484.747
47.3849214,8.54622,484.378
47.3849214,8.54622,484.378
47.3849223,8.5462218,484.389
47.3849223,8.5462218,484.389
47.3849217,8.5462232,484.605
47.3849217,8.5462232,484.605
47.384921,8.5462247,484.579
47.384921,8.5462247,484.579
47.38492,8.5462259,484.496
47.38492,8.5462259,484.496
47.3849183,8.5462279,484.484
47.3849183,8.5462279,484.484
47.3849172,8.5462299,484.094
47.3849172,8.5462299,484.094
47.3849168,8.5462323,483.903
47.3849168,8.5462323,483.903
47.3849164,8.5462345,483.978
47.3849164,8.5462345,483.978
47.3849155,8.5462352,483.517
47.3849155,8.5462352,483.517
47.3849154,8.5462364,483.165
47.3849154,8.5462364,483.165
47.3849143,8.5462374,482.943
47.3849143,8.5462374,482.943
47.3849136,8.5462389,482.872
47.3849136,8.5462389,482.872
47.3849131,8.5462395,482.493
47.3849131,8.5462395,482.493
47.3849129,8.5462406,482.503
47.3849129,8.5462406,482.503
47.3849124,8.5462429,482.223
47.3849124,8.5462429,482.223
47.3849122,8.5462447,482.326
47.3849122,8.5462447,482.326
47.3849104,8.5462461,482.383
47.3849104,8.5462461,482.383
47.3849095,8.5462475,482.059
47.3849095,8.5462475,482.059
47.3849083,8.5462493,482.119
47.3849083,8.5462493,482.119
47.3849077,8.5462503,481.957
47.3849077,8.5462503,481.957
47.3849079,8.5462531,481.45
47.3849079,8.5462531,481.45
47.3849074,8.5462543,481.265
47.3849074,8.5462543,481.265
47.3849069,8.5462561,481.077
47.3849069,8.5462561,481.077
47.3849054,8.546257,481.054
47.3849054,8.546257,481.054
47.3849047,8.5462583,480.9
47.3849047,8.5462583,480.9
47.3849038,8.5462607,480.775
47.3849038,8.5462607,480.775
47.3849032,8.5462636,480.563
47.3849032,8.5462636,480.563
47.3849026,8.5462653,480.621
47.3849026,8.5462653,480.621
47.3849015,8.5462681,480.718
47.3849015,8.5462681,480.718
47.3849008,8.54627,480.459
47.3849008,8.54627,480.459
47.3849003,8.5462719,480.526
47.3849003,8.5462719,480.526
47.3849003,8.5462719,480.526
47.3848985,8.5462795,479.66
47.3848985,8.5462795,479.66
47.3848978,8.5462814,479.869
47.3848978,8.5462814,479.869
47.3848969,8.546282,479.761
47.3848969,8.546282,479.761
47.3848968,8.5462824,479.53
47.3848968,8.5462824,479.53
47.3848968,8.5462841,479.237
47.3848968,8.5462841,479.237
47.3848965,8.5462852,479.192
47.3848965,8.5462852,479.192
47.384896,8.5462869,478.931
47.384896,8.5462869,478.931
47.3848963,8.5462888,478.968
47.3848963,8.5462888,478.968
47.3848956,8.5462905,478.817
47.3848956,8.5462905,478.817
47.3848941,8.5462922,479.111
47.3848941,8.5462922,479.111
47.3848935,8.5462925,479.199
47.3848935,8.5462925,479.199
47.3848918,8.5462937,478.98
47.3848918,8.5462937,478.98
47.3848909,8.5462946,479.01
47.3848909,8.5462946,479.01
47.3848898,8.5462963,479.026
47.3848898,8.5462963,479.026
47.3848885,8.5462979,478.77
47.3848885,8.5462979,478.77
47.3848875,8.5462994,478.571
47.3848875,8.5462994,478.571
47.3848869,8.5463004,478.336
47.3848869,8.5463004,478.336
47.3848861,8.5463017,478.426
47.3848861,8.5463017,478.426
47.3848851,8.5463029,478.355
47.3848851,8.5463029,478.355
47.3848845,8.5463042,478.327
47.3848845,8.5463042,478.327
47.3848835,8.5463051,478.127
47.3848835,8.5463051,478.127
47.3848823,8.5463055,477.732
47.3848823,8.5463055,477.732
47.3848813,8.546305,477.619
47.3848813,8.546305,477.619
47.384881,8.5463046,477.627
47.384881,8.5463046,477.627
47.3848804,8.5463052,477.721
47.3848804,8.5463052,477.721
47.3848798,8.5463057,477.444
47.3848798,8.5463057,477.444
47.3848803,8.5463076,476.93
47.3848803,8.5463076,476.93
47.3848805,8.5463072,476.728
47.3848805,8.5463072,476.728
47.3848816,8.5463076,476.973
47.3848816,8.5463076,476.973
47.3848817,8.5463085,476.937
47.3848817,8.5463085,476.937
47.3848812,8.5463088,477.159
47.3848812,8.5463088,477.159
47.3848805,8.5463085,476.805
47.3848805,8.5463085,476.805
47.3848802,8.5463072,476.708
47.3848802,8.5463072,476.708
47.3848789,8.5463066,476.91
47.3848789,8.5463066,476.91
47.3848785,8.5463073,476.632
47.3848785,8.5463073,476.632
47.3848784,8.5463075,476.519
47.3848784,8.5463075,476.519
47.384878,8.5463077,476.709
47.384878,8.5463077,476.709
47.3848767,8.5463078,476.781
47.3848767,8.5463078,476.781
47.3848764,8.5463081,476.645
47.3848764,8.5463081,476.645
47.3848764,8.5463081,476.645
47.3848764,8.5463087,476.891
47.3848751,8.5463086,477.224
47.3848751,8.5463086,477.224
47.3848739,8.5463087,477.417
47.3848739,8.5463087,477.417
47.3848739,8.5463087,477.417
47.3848725,8.5463082,477.576
47.3848717,8.5463086,477.649
47.3848717,8.5463086,477.649
47.3848715,8.5463098,477.777
47.3848715,8.5463098,477.777
47.3848709,8.5463105,477.686
47.3848709,8.5463105,477.686
47.3848713,8.5463121,477.567
47.3848713,8.5463121,477.567
47.384871,8.5463143,477.537
47.384871,8.5463143,477.537
47.3848711,8.5463157,477.323
47.3848711,8.5463157,477.323
47.3848711,8.5463157,477.323
47.3848708,8.5463174,477.331
47.3848708,8.5463174,477.331
47.3848702,8.5463191,477.198
47.3848708,8.5463212,477.034
47.3848708,8.5463212,477.034
47.3848711,8.5463241,476.801
47.3848711,8.5463241,476.801
47.384872,8.546326,476.545
47.384872,8.546326,476.545
47.3848727,8.5463272,476.19
47.3848727,8.5463272,476.19
47.3848718,8.5463291,475.924
47.3848718,8.5463291,475.924
47.3848712,8.5463305,475.99
47.3848712,8.5463305,475.99
47.3848705,8.5463322,475.925
47.3848705,8.5463322,475.925
47.3848705,8.5463322,475.925
47.3848693,8.5463328,475.746
47.3848688,8.5463336,475.817
47.3848688,8.5463336,475.817
47.3848684,8.546335,475.812
47.3848684,8.546335,475.812
47.3848679,8.5463366,475.687
47.3848679,8.5463366,475.687
47.3848663,8.5463386,475.357
47.3848663,8.5463386,475.357
47.3848652,8.5463386,475.044
47.3848652,8.5463386,475.044
47.3848652,8.5463399,474.852
47.3848652,8.5463399,474.852
47.384865,8.5463403,474.778
47.384865,8.5463403,474.778
47.3848651,8.5463411,474.606
47.3848651,8.5463411,474.606
47.3848661,8.5463424,474.397
47.3848661,8.5463424,474.397
47.3848669,8.5463436,474.123
47.3848669,8.5463436,474.123
47.3848684,8.5463459,473.927
47.3848684,8.5463459,473.927
47.3848686,8.5463478,473.528
47.3848686,8.5463478,473.528
47.38487,8.5463505,473.312
47.38487,8.5463505,473.312
47.38487,8.5463505,473.312
47.3848713,8.5463537,472.925
47.3848719,8.5463559,472.693
47.3848719,8.5463559,472.693
47.3848712,8.5463567,472.589
47.3848712,8.5463567,472.589
47.3848702,8.5463578,472.463
47.3848702,8.5463578,472.463
47.3848692,8.5463578,472.612
47.3848692,8.5463578,472.612
47.3848682,8.5463577,472.612
47.3848682,8.5463577,472.612
47.3848678,8.5463587,472.643
47.3848678,8.5463587,472.643
47.3848712,8.5463595,473.43
47.3848712,8.5463595,473.43
47.3848739,8.5463597,474.186
47.3848739,8.5463597,474.186
47.3848768,8.5463597,474.984
47.3848768,8.5463597,474.984
47.3848801,8.5463596,475.995
47.3848801,8.5463596,475.995
47.3848826,8.5463595,476.799
47.3848826,8.5463595,476.799
47.3848862,8.5463615,477.463
47.3848862,8.5463615,477.463
47.3848888,8.5463627,478.213
47.3848888,8.5463627,478.213
47.3848907,8.5463626,479.065
47.3848907,8.5463626,479.065
47.3848926,8.5463633,479.813
47.3848926,8.5463633,479.813
47.3848946,8.5463644,480.459
47.3848946,8.5463644,480.459
47.3848957,8.5463651,480.969
47.3848957,8.5463651,480.969
47.3848974,8.5463652,481.761
47.3848974,8.5463652,481.761
47.3848987,8.5463661,482.322
47.3848987,8.5463661,482.322
47.3849007,8.5463676,483.02
47.3849007,8.5463676,483.02
47.3849025,8.546369,483.742
47.3849025,8.546369,483.742
47.3849046,8.5463705,484.546
47.3849046,8.5463705,484.546
47.3849067,8.5463724,485.18
47.3849067,8.5463724,485.18
47.3849085,8.5463753,485.682
47.3849085,8.5463753,485.682
47.3849101,8.5463777,486.288
47.3849101,8.5463777,486.288
47.3849107,8.5463786,486.991
47.3849107,8.5463786,486.991
47.3849113,8.5463803,487.569
47.3849113,8.5463803,487.569
47.3849121,8.5463821,488.153
47.3849121,8.5463821,488.153
47.3849137,8.5463846,488.609
47.3849137,8.5463846,488.609
47.3849137,8.5463846,488.609
47.3849143,8.5463849,489.291
47.3849126,8.5463866,489.273
47.3849126,8.5463866,489.273
47.3849116,8.5463879,489.354
47.3849116,8.5463879,489.354
47.3849104,8.5463896,489.266
47.3849104,8.5463896,489.266
47.3849094,8.5463904,489.388
47.3849094,8.5463904,489.388
47.3849078,8.5463907,489.452
47.3849078,8.5463907,489.452
47.3849069,8.5463917,489.487
47.3849069,8.5463917,489.487
47.3849063,8.5463925,489.557
47.3849063,8.5463925,489.557
47.3849052,8.5463926,489.736
47.3849052,8.5463926,489.736
47.3849037,8.5463926,489.74
47.3849037,8.5463926,489.74
47.3849024,8.5463921,489.839
47.3849024,8.5463921,489.839
47.3849006,8.5463918,489.767
47.3849006,8.5463918,489.767
47.3848991,8.546391,489.893
47.3848991,8.546391,489.893
47.3848979,8.5463917,489.883
47.3848979,8.5463917,489.883
47.3848966,8.5463923,489.761
47.3848966,8.5463923,489.761
47.3848949,8.5463916,489.747
47.3848949,8.5463916,489.747
47.3848935,8.546392,489.741
47.3848935,8.546392,489.741
47.3848896,8.5463939,489.019
47.3848896,8.5463939,489.019
47.3848855,8.5463942,488.503
47.3848855,8.5463942,488.503
47.3848814,8.5463957,487.768
47.3848814,8.5463957,487.768
47.3848814,8.5463957,487.768
47.3848787,8.5463968,487.447
47.3848787,8.5463968,487.447
47.3848756,8.5463967,487.317
47.3848719,8.5463976,486.748
47.3848719,8.5463976,486.748
47.3848693,8.546399,486.446
47.3848693,8.546399,486.446
47.3848669,8.5463995,486.295
47.3848669,8.5463995,486.295
47.3848669,8.5463995,486.295
47.3848649,8.5464004,486.066
47.3848633,8.5464008,486.09
47.3848633,8.5464008,486.09
47.3848633,8.5464008,486.09
47.3848609,8.5464021,485.742
47.384858,8.5464034,485.367
47.384858,8.5464034,485.367
47.384855,8.5464032,485.163
47.384855,8.5464032,485.163
47.384855,8.5464032,485.163
47.3848533,8.5464027,485.259
47.3848519,8.5464026,485.228
47.3848519,8.5464026,485.228
47.3848497,8.5464004,485.441
47.3848497,8.5464004,485.441
47.3848483,8.5463985,485.749
47.3848483,8.5463985,485.749
47.3848477,8.5463994,485.639
47.3848477,8.5463994,485.639
47.3848471,8.5464012,485.51
47.3848471,8.5464012,485.51
47.3848465,8.5464025,485.521
47.3848465,8.5464025,485.521
47.3848457,8.5464037,485.5
47.3848457,8.5464037,485.5
47.3848447,8.5464047,485.465
47.3848447,8.5464047,485.465
47.3848447,8.5464065,485.5
47.3848447,8.5464065,485.5
47.3848447,8.5464065,485.5
47.3848434,8.5464088,485.198
47.3848434,8.5464088,485.198
47.3848431,8.5464115,485.044
47.3848431,8.5464115,485.044
47.3848428,8.5464147,484.846
47.3848428,8.5464147,484.846
47.3848422,8.5464176,484.682
47.3848405,8.5464196,484.541
47.3848405,8.5464196,484.541
47.3848396,8.5464213,484.508
47.3848396,8.5464213,484.508
47.3848382,8.5464223,484.554
47.3848382,8.5464223,484.554
47.3848368,8.5464248,484.209
47.3848368,8.5464248,484.209
47.3848358,8.5464272,483.856
47.3848358,8.5464272,483.856
47.3848358,8.5464272,483.856
47.3848357,8.5464301,483.658
47.3848352,8.5464325,483.407
47.3848352,8.5464325,483.407
47.3848349,8.546435,483.158
47.3848349,8.546435,483.158
47.3848343,8.5464367,483.052
47.3848343,8.5464367,483.052
47.3848335,8.5464379,482.9
47.3848335,8.5464379,482.9
47.3848323,8.546438,482.775
47.3848323,8.546438,482.775
47.3848314,8.5464395,482.531
47.3848314,8.5464395,482.531
47.3848291,8.5464407,482.154
47.3848291,8.5464407,482.154
47.3848291,8.5464407,482.154
47.3848263,8.5464396,482.008
47.384824,8.5464388,481.76
47.384824,8.5464388,481.76
47.3848193,8.5464403,480.728
47.3848193,8.5464403,480.728
47.384815,8.5464427,479.543
47.384815,8.5464427,479.543
47.3848114,8.546445,478.486
47.3848114,8.546445,478.486
47.3848078,8.5464467,477.367
47.3848078,8.5464467,477.367
47.3848043,8.5464487,475.991
47.3848043,8.5464487,475.991
47.3848036,8.5464491,475.751
47.3848036,8.5464491,475.751
47.3848029,8.5464503,475.458
47.3848029,8.5464503,475.458
47.3848019,8.5464513,475.205
47.3848019,8.5464513,475.205
47.3848011,8.5464519,475.08
47.3848011,8.5464519,475.08
47.3848003,8.5464533,474.885
47.3848003,8.5464533,474.885
47.3847991,8.5464543,474.704
47.3847991,8.5464543,474.704
47.3847984,8.5464561,474.581
47.3847984,8.5464561,474.581
47.3847973,8.5464579,474.563
47.3847973,8.5464579,474.563
47.3847965,8.5464587,474.517
47.3847965,8.5464587,474.517
47.3847951,8.5464594,474.396
47.3847951,8.5464594,474.396
47.3847943,8.5464609,474.321
47.3847943,8.5464609,474.321
47.3847936,8.5464621,474.327
47.3847936,8.5464621,474.327
47.3847928,8.5464632,474.166
47.3847928,8.5464632,474.166
47.3847925,8.5464646,474.085
47.3847925,8.5464646,474.085
47.3847915,8.5464657,474.193
47.3847915,8.5464657,474.193
47.38479,8.5464659,474.411
47.38479,8.5464659,474.411
47.3847892,8.546467,474.368
47.3847892,8.546467,474.368
47.3847894,8.5464681,474.219
47.3847894,8.5464681,474.219
47.3847895,8.5464684,474.157
47.3847895,8.5464684,474.157
47.3847891,8.5464688,474.258
47.3847891,8.5464688,474.258
47.3847871,8.5464691,474.326
47.3847871,8.5464691,474.326
47.3847863,8.5464692,474.446
47.3847863,8.5464692,474.446
47.3847855,8.5464687,474.667
47.3847855,8.5464687,474.667
47.3847852,8.5464676,474.931
47.3847852,8.5464676,474.931
47.3847845,8.5464678,474.673
47.3847845,8.5464678,474.673
47.3847849,8.5464668,474.436
47.3847849,8.5464668,474.436
47.3847852,8.5464643,474.36
47.3847852,8.5464643,474.36
47.3847852,8.5464643,474.36
47.3847857,8.5464631,474.226
47.3847858,8.5464626,474.06
47.3847858,8.5464626,474.06
47.384785,8.5464614,474.196
47.384785,8.5464614,474.196
47.3847839,8.546461,474.175
47.3847839,8.546461,474.175
47.3847837,8.5464598,474.27
47.3847837,8.5464598,474.27
47.384783,8.5464589,474.018
47.384783,8.5464589,474.018
47.3847827,8.546459,473.817
47.3847827,8.546459,473.817
47.3847832,8.54646,473.66
47.3847832,8.54646,473.66
47.3847826,8.5464603,473.588
47.3847826,8.5464603,473.588
47.3847815,8.5464596,473.677
47.3847815,8.5464596,473.677
47.384781,8.5464595,473.685
47.384781,8.5464595,473.685
47.3847815,8.5464595,473.461
47.3847815,8.5464595,473.461
47.3847815,8.5464597,473.745
47.3847815,8.5464597,473.745
47.3847812,8.5464612,473.833
47.3847812,8.5464612,473.833
47.3847803,8.5464627,473.64
47.3847803,8.5464627,473.64
47.3847803,8.5464636,473.76
47.3847803,8.5464636,473.76
47.3847803,8.5464636,473.76
47.3847795,8.5464649,473.822
47.384779,8.5464659,474.048
47.384779,8.5464659,474.048
47.3847781,8.5464659,473.835
47.3847781,8.5464659,473.835
47.3847791,8.5464668,474.049
47.3847791,8.5464668,474.049
47.3847791,8.5464668,474.049
47.3847794,8.5464692,474.131
47.3847794,8.5464692,474.131
47.38478,8.5464719,474.649
47.38478,8.5464719,474.649
47.3847793,8.5464742,474.738
47.3847785,8.546476,474.567
47.3847785,8.546476,474.567
47.3847781,8.5464776,474.728
47.3847781,8.5464776,474.728
47.384778,8.5464793,475.049
47.384778,8.5464793,475.049
47.3847776,8.5464815,475.359
47.3847776,8.5464815,475.359
47.3847775,8.5464829,475.559
47.3847775,8.5464829,475.559
47.3847776,8.5464839,475.772
47.3847776,8.5464839,475.772
47.3847771,8.5464847,475.928
47.3847771,8.5464847,475.928
47.3847764,8.5464851,475.959
47.3847764,8.5464851,475.959
47.3847767,8.5464855,476.186
47.3847767,8.5464855,476.186
47.3847772,8.5464857,476.549
47.3847772,8.5464857,476.549
47.3847772,8.5464859,476.843
47.3847772,8.5464859,476.843
47.3847771,8.5464859,477.088
47.3847771,8.5464859,477.088
47.3847765,8.5464864,477.123
47.3847765,8.5464864,477.123
47.3847769,8.5464867,477.391
47.3847769,8.5464867,477.391
47.3847769,8.5464867,477.391
47.384777,8.5464875,477.596
47.384777,8.5464875,477.596
47.3847771,8.5464883,477.708
47.3847771,8.5464883,477.708
47.3847767,8.5464879,477.526
47.3847767,8.5464879,477.526
47.384777,8.5464884,477.579
47.384777,8.5464884,477.579
47.384777,8.5464892,477.734
47.384777,8.5464892,477.734
47.3847763,8.5464904,477.673
47.3847763,8.5464904,477.673
47.3847758,8.5464914,477.736
47.3847758,8.5464914,477.736
47.3847761,8.5464929,477.998
47.3847761,8.5464945,478.159
47.3847761,8.5464945,478.159
47.3847765,8.5464968,478.506
47.3847765,8.5464968,478.506
47.3847758,8.5464988,478.508
47.3847758,8.5464988,478.508
47.3847751,8.5465008,478.549
47.3847751,8.5465008,478.549
47.3847756,8.5465029,478.783
47.3847756,8.5465029,478.783
47.3847766,8.5465053,479.174
47.3847766,8.5465053,479.174
47.3847777,8.5465075,479.476
47.3847777,8.5465075,479.476
47.3847785,8.5465095,479.76
47.3847785,8.5465095,479.76
47.3847797,8.5465113,480.03
47.3847797,8.5465113,480.03
47.3847811,8.5465125,480.327
47.3847811,8.5465125,480.327
47.3847817,8.5465143,480.571
47.3847817,8.5465143,480.571
47.3847818,8.546516,480.607
47.3847818,8.546516,480.607
47.3847821,8.5465176,480.663
47.3847821,8.5465176,480.663
47.3847826,8.546519,480.773
47.3847826,8.546519,480.773
47.3847826,8.546519,480.773
47.3847825,8.54652,480.76
47.3847825,8.54652,480.76
47.3847813,8.5465206,480.478
47.3847813,8.5465206,480.478
47.3847809,8.5465212,480.362
47.3847809,8.5465212,480.362
47.3847831,8.5465226,480.957
47.3847844,8.546524,481.355
47.3847844,8.546524,481.355
47.3847844,8.546524,481.355
47.3847853,8.5465257,481.687
47.3847853,8.5465257,481.687
47.3847858,8.546527,481.834
47.3847858,8.546527,481.834
47.3847857,8.546528,481.845
47.3847857,8.546528,481.845
47.384786,8.5465295,481.972
47.384786,8.5465295,481.972
47.3847866,8.5465309,482.187
47.3847866,8.5465309,482.187
47.3847868,8.5465316,482.254
47.3847868,8.5465316,482.254
47.3847868,8.5465325,482.306
47.3847868,8.5465325,482.306
47.3847874,8.546533,482.362
47.3847874,8.546533,482.362
47.3847878,8.5465337,482.461
47.3847881,8.5465351,482.616
47.3847881,8.5465351,482.616
47.3847881,8.5465351,482.616
47.3847884,8.5465369,482.744
47.3847884,8.5465369,482.744
47.3847887,8.5465374,482.622
47.3847887,8.5465374,482.622
47.3847893,8.5465375,482.546
47.3847897,8.5465379,482.598
47.3847897,8.5465379,482.598
47.3847903,8.5465385,482.698
47.3847903,8.5465385,482.698
47.3847909,8.5465402,482.852
47.3847909,8.5465402,482.852
47.3847915,8.5465412,482.914
47.3847915,8.5465412,482.914
47.3847915,8.5465412,482.914
47.3847919,8.5465425,483.108
47.3847919,8.5465425,483.108
47.3847923,8.5465432,483.203
47.3847923,8.5465432,483.203
47.3847926,8.5465442,483.359
47.3847926,8.5465442,483.359
47.3847927,8.5465459,483.465
47.3847927,8.5465459,483.465
47.384793,8.5465467,483.503
47.384793,8.5465467,483.503
47.3847932,8.5465475,483.541
47.3847932,8.5465475,483.541
47.3847932,8.5465483,483.594
47.3847932,8.5465483,483.594
47.3847931,8.546549,483.637
47.3847931,8.546549,483.637
47.3847929,8.5465499,483.718
47.3847929,8.5465499,483.718
47.3847929,8.5465506,483.768
47.3847929,8.5465506,483.768
47.3847929,8.5465513,483.816
47.3847929,8.5465513,483.816
47.3847927,8.5465523,483.898
47.3847927,8.5465523,483.898
47.3847926,8.5465525,483.872
47.384792,8.5465549,484.188
47.384792,8.5465549,484.188
47.3847917,8.546556,484.269
47.3847917,8.546556,484.269
47.3847915,8.5465568,484.374
47.3847915,8.5465568,484.374
47.3847916,8.5465576,484.503
47.3847916,8.5465576,484.503
47.3847916,8.5465576,484.503
47.3847916,8.5465578,484.625
47.3847911,8.5465582,484.755
47.3847911,8.5465582,484.755
47.3847909,8.5465575,484.675
47.3847909,8.5465575,484.675
47.384791,8.5465582,484.695
47.384791,8.5465582,484.695
47.384791,8.5465582,484.695
47.3847914,8.5465587,484.687
47.3847914,8.5465587,484.687
47.3847914,8.5465587,484.599
47.3847914,8.5465587,484.599
47.3847911,8.5465589,484.572
47.3847911,8.5465589,484.572
47.3847912,8.546559,484.495
47.3847912,8.546559,484.495
47.3847914,8.5465591,484.527
47.3847914,8.5465591,484.527
47.3847914,8.5465604,484.694
47.3847914,8.5465604,484.694
47.3847919,8.5465609,484.703
47.3847919,8.5465609,484.703
47.3847922,8.5465609,484.646
47.3847922,8.5465609,484.646
47.3847928,8.5465617,484.656
47.3847928,8.5465617,484.656
47.3847934,8.546563,484.708
47.3847934,8.546563,484.708
47.3847934,8.5465643,484.746
47.3847934,8.5465643,484.746
47.384793,8.5465656,484.869
47.384793,8.5465656,484.869
47.3847923,8.5465675,485.12
47.3847932,8.5465692,485.366
47.3847932,8.5465692,485.366
47.3847945,8.5465704,485.435
47.3847945,8.5465704,485.435
47.3847945,8.5465719,485.646
47.3847945,8.5465719,485.646
47.3847953,8.5465738,485.745
47.3847953,8.5465738,485.745
47.3847965,8.546575,485.687
47.3847965,8.546575,485.687
47.3847966,8.5465759,485.692
47.3847966,8.5465759,485.692
47.3847969,8.546576,485.68
47.3847969,8.546576,485.68
47.3847976,8.5465766,485.555
47.3847976,8.5465766,485.555
47.3847975,8.546578,485.572
47.3847975,8.546578,485.572
47.3847984,8.5465796,485.658
47.3847984,8.5465796,485.658
47.3847992,8.5465806,485.811
47.3847992,8.5465806,485.811
47.3847998,8.5465816,485.977
47.3847998,8.5465816,485.977
47.3848006,8.5465826,486.168
47.3848006,8.5465826,486.168
47.384801,8.546584,486.384
47.384801,8.546584,486.384
47.384801,8.546584,486.384
47.3848014,8.5465849,486.503
47.3848024,8.5465852,486.595
47.3848024,8.5465852,486.595
47.3848025,8.5465849,486.548
47.3848025,8.5465849,486.548
47.384803,8.5465844,486.488
47.384803,8.5465844,486.488
47.3848034,8.5465834,486.369
47.3848034,8.5465834,486.369
47.3848034,8.546583,486.378
47.3848034,8.546583,486.378
47.384803,8.5465836,486.381
47.384803,8.5465836,486.381
47.3848027,8.546584,486.395
47.3848027,8.546584,486.395
47.3848032,8.5465839,486.383
47.3848032,8.5465839,486.383
47.3848042,8.5465825,486.295
47.3848042,8.5465825,486.295
47.3848046,8.5465828,486.316
47.3848046,8.5465828,486.316
47.3848046,8.5465836,486.148
47.3848046,8.5465836,486.148
47.3848047,8.546584,486.087
47.3848047,8.546584,486.087
47.384806,8.5465849,485.905
47.384806,8.5465849,485.905
47.3848062,8.5465855,485.942
47.3848062,8.5465855,485.942
47.3848063,8.5465852,485.895
47.3848063,8.5465852,485.895
47.3848069,8.5465845,485.789
47.3848069,8.5465845,485.789
47.3848076,8.5465838,485.847
47.3848076,8.5465838,485.847
47.3848077,8.5465836,485.797
47.3848077,8.5465836,485.797
47.3848071,8.5465836,485.68
47.3848071,8.5465836,485.68
47.3848071,8.5465836,485.68
47.3848065,8.5465846,485.715
47.3848065,8.5465846,485.715
47.3848054,8.5465868,485.757
47.3848057,8.5465878,485.691
47.3848057,8.5465878,485.691
47.3848059,8.5465882,485.563
47.3848059,8.5465882,485.563
47.3848053,8.5465888,485.35
47.3848053,8.5465888,485.35
47.3848049,8.5465901,485.169
47.3848049,8.5465901,485.169
47.3848047,8.5465919,485.06
47.3848047,8.5465919,485.06
47.3848048,8.5465924,484.937
47.3848048,8.5465924,484.937
47.3848045,8.5465931,484.872
47.3848045,8.5465931,484.872
47.3848044,8.5465934,484.762
47.3848044,8.5465934,484.762
47.3848042,8.5465945,484.71
47.3848042,8.5465945,484.71
47.384804,8.5465946,484.557
47.384804,8.5465946,484.557
47.3848046,8.5465945,484.617
47.3848046,8.5465945,484.617
47.3848047,8.546595,484.645
47.3848047,8.546595,484.645
47.384805,8.5465958,484.67
47.384805,8.5465958,484.67
47.3848054,8.5465959,484.617
47.3848054,8.5465959,484.617
47.384806,8.5465955,484.56
47.384806,8.5465955,484.56
47.3848076,8.5465944,484.395
47.3848076,8.5465944,484.395
47.3848096,8.5465925,484.233
47.3848096,8.5465925,484.233
47.3848108,8.5465919,484.275
47.3848108,8.5465919,484.275
47.3848113,8.5465912,484.268
47.3848113,8.5465912,484.268
47.3848115,8.5465912,484.313
47.3848115,8.5465912,484.313
47.3848119,8.5465906,484.276
47.3848119,8.5465906,484.276
47.3848125,8.5465898,484.153
47.3848125,8.5465898,484.153
47.3848136,8.5465892,484.181
47.3848136,8.5465892,484.181
47.3848152,8.546588,484.161
47.3848152,8.546588,484.161
47.3848163,8.5465882,484.173
47.3848163,8.5465882,484.173
47.3848173,8.546588,484.054
47.3848173,8.546588,484.054
47.3848186,8.5465873,484.019
47.3848186,8.5465873,484.019
47.38482,8.5465861,483.878
47.38482,8.5465861,483.878
47.3848215,8.5465853,483.788
47.3848215,8.5465853,483.788
47.3848224,8.5465859,483.731
47.3848224,8.5465859,483.731
47.3848243,8.5465856,483.713
47.3848243,8.5465856,483.713
47.384826,8.5465855,483.723
47.384826,8.5465855,483.723
47.3848276,8.5465851,483.651
47.3848276,8.5465851,483.651
47.3848289,8.5465853,483.67
47.3848289,8.5465853,483.67
47.3848293,8.5465851,483.425
47.3848293,8.5465851,483.425
47.384831,8.5465854,483.486
47.384831,8.5465854,483.486
47.3848332,8.5465847,483.346
47.3848332,8.5465847,483.346
47.3848358,8.5465844,483.465
47.3848358,8.5465844,483.465
47.3848372,8.5465849,483.597
47.3848372,8.5465849,483.597
47.3848367,8.5465867,483.632
47.3848367,8.5465867,483.632
47.3848371,8.5465878,483.644
47.3848371,8.5465878,483.644
47.3848381,8.5465885,483.693
47.3848381,8.5465885,483.693
47.3848392,8.5465888,483.656
47.3848392,8.5465888,483.656
47.3848398,8.5465893,483.545
47.3848398,8.5465893,483.545
47.3848413,8.5465908,483.725
47.3848413,8.5465908,483.725
47.384842,8.5465919,483.517
47.384842,8.5465919,483.517
47.3848437,8.5465925,483.231
47.3848437,8.5465925,483.231
47.3848448,8.5465924,482.935
47.3848448,8.5465924,482.935
47.3848457,8.5465931,482.895
47.3848457,8.5465931,482.895
47.384847,8.5465936,483.114
47.384847,8.5465936,483.114
47.3848481,8.546595,483.18
47.3848481,8.546595,483.18
47.3848484,8.5465966,483.041
47.3848484,8.5465966,483.041
47.3848499,8.5465989,483.298
47.3848499,8.5465989,483.298
47.3848502,8.5466004,483.122
47.3848502,8.5466004,483.122
47.3848509,8.5466023,483.207
47.3848509,8.5466023,483.207
47.3848512,8.5466036,483.104
47.3848512,8.5466036,483.104
47.3848512,8.5466047,482.934
47.3848512,8.5466047,482.934
47.3848522,8.5466055,482.917
47.3848522,8.5466055,482.917
47.3848534,8.5466075,483.127
47.3848534,8.5466075,483.127
47.3848538,8.5466102,483.115
47.3848538,8.5466102,483.115
47.3848539,8.546613,483.285
47.3848539,8.546613,483.285
47.3848539,8.546613,483.285
47.3848542,8.5466159,483.519
47.3848552,8.5466173,483.577
47.3848552,8.5466173,483.577
47.3848558,8.5466189,483.409
47.3848558,8.5466189,483.409
47.3848571,8.54662,483.399
47.3848571,8.54662,483.399
47.3848571,8.54662,483.399
47.3848577,8.5466213,483.274
47.3848577,8.5466213,483.274
47.3848584,8.5466234,483.283
47.3848584,8.5466234,483.283
47.3848595,8.5466249,483.365
47.3848595,8.5466249,483.365
47.3848609,8.5466259,483.409
47.3848609,8.5466259,483.409
47.3848614,8.5466276,483.378
47.3848614,8.5466276,483.378
47.3848621,8.5466297,483.517
47.3848621,8.5466297,483.517
47.3848626,8.5466311,483.389
47.3848626,8.5466311,483.389
47.384863,8.5466323,483.178
47.3848634,8.5466339,483.03
47.3848634,8.5466339,483.03
47.3848642,8.5466348,482.948
47.3848642,8.5466348,482.948
47.3848649,8.5466356,482.848
47.3848649,8.5466356,482.848
47.3848649,8.5466356,482.848
47.3848666,8.5466364,482.831
47.3848678,8.5466369,482.693
47.3848678,8.5466369,482.693
47.384869,8.546638,482.658
47.384869,8.546638,482.658
47.38487,8.5466393,482.537
47.38487,8.5466393,482.537
47.3848714,8.5466404,482.482
47.3848714,8.5466404,482.482
47.3848727,8.5466418,482.514
47.3848727,8.5466418,482.514
47.3848729,8.5466432,482.331
47.3848729,8.5466432,482.331
47.3848729,8.5466432,482.331
47.3848732,8.5466442,482.162
47.3848732,8.5466442,482.162
47.3848737,8.5466446,481.931
47.3848746,8.5466454,481.833
47.3848746,8.5466454,481.833
47.3848755,8.546646,481.564
47.3848755,8.546646,481.564
47.3848764,8.5466464,481.275
47.3848764,8.5466464,481.275
47.3848764,8.5466464,481.275
47.384877,8.5466475,481.218
47.384877,8.5466475,481.218
47.3848773,8.5466487,481.057
47.384877,8.5466506,480.928
47.384877,8.5466506,480.928
47.3848777,8.546653,481.094
47.3848777,8.546653,481.094
47.3848781,8.5466554,481.187
47.3848781,8.5466554,481.187
47.3848787,8.546658,481.334
47.3848787,8.546658,481.334
47.3848784,8.546661,481.507
47.3848784,8.546661,481.507
47.3848777,8.5466634,481.486
47.3848777,8.5466634,481.486
47.3848779,8.5466663,481.489
47.3848779,8.5466663,481.489
47.3848779,8.5466693,481.48
47.3848779,8.5466693,481.48
47.384878,8.5466728,481.508
47.384878,8.5466728,481.508
47.3848785,8.5466752,481.425
47.3848785,8.5466752,481.425
47.3848782,8.5466776,481.208
47.3848782,8.5466776,481.208
47.3848782,8.5466799,481.074
47.3848782,8.5466799,481.074
47.3848786,8.5466821,481.062
47.3848786,8.5466821,481.062
47.384879,8.5466842,481.022
47.384879,8.5466842,481.022
47.3848791,8.5466864,480.902
47.3848791,8.5466864,480.902
47.3848793,8.5466891,480.818
47.3848793,8.5466891,480.818
47.3848797,8.5466917,480.688
47.3848797,8.5466917,480.688
47.3848807,8.5466936,480.684
47.3848807,8.5466936,480.684
47.3848823,8.5466956,480.747
47.3848823,8.5466956,480.747
47.3848831,8.5466974,480.71
47.3848831,8.5466974,480.71
47.3848839,8.5466993,480.64
47.3848839,8.5466993,480.64
47.3848845,8.546701,480.485
47.3848845,8.546701,480.485
47.3848861,8.5467032,480.562
47.3848861,8.5467032,480.562
47.3848875,8.5467054,480.678
47.3848875,8.5467054,480.678
47.3848888,8.5467076,480.784
47.3848888,8.5467076,480.784
47.3848897,8.5467094,480.668
47.3848897,8.5467094,480.668
47.3848903,8.5467111,480.629
47.3848903,8.5467111,480.629
47.3848912,8.546712,480.627
47.3848912,8.546712,480.627
47.3848926,8.546713,480.656
47.3848926,8.546713,480.656
47.3848932,8.5467142,480.586
47.3848932,8.5467142,480.586
47.3848943,8.5467157,480.476
47.3848943,8.5467157,480.476
47.3848954,8.5467171,480.406
47.3848954,8.5467171,480.406
47.3848967,8.5467181,480.305
47.3848967,8.5467181,480.305
47.3848977,8.5467197,480.243
47.3848977,8.5467197,480.243
47.3848982,8.5467215,480.096
47.3848982,8.5467215,480.096
47.3848991,8.5467232,480.03
47.3848991,8.5467232,480.03
47.3848992,8.5467254,479.793
47.3848992,8.5467254,479.793
47.3849002,8.5467276,479.806
47.3849002,8.5467276,479.806
47.3849011,8.5467297,479.755
47.3849011,8.5467297,479.755
47.3849024,8.5467321,479.915
47.3849024,8.5467321,479.915
47.3849031,8.5467345,479.906
47.3849031,8.5467345,479.906
47.3849038,8.5467359,479.693
47.3849038,8.5467359,479.693
47.384905,8.5467377,479.706
47.384905,8.5467377,479.706
47.3849064,8.5467397,479.718
47.3849064,8.5467397,479.718
47.3849076,8.5467418,479.758
47.3849076,8.5467418,479.758
47.3849082,8.5467431,479.726
47.3849082,8.5467431,479.726
47.3849086,8.5467451,479.748
47.3849086,8.5467451,479.748
47.3849086,8.5467469,479.596
47.3849086,8.5467469,479.596
47.3849091,8.5467493,479.571
47.3849091,8.5467493,479.571
47.3849089,8.5467515,479.553
47.3849089,8.5467515,479.553
47.3849088,8.5467534,479.487
47.3849088,8.5467534,479.487
47.384909,8.5467551,479.419
47.384909,8.5467551,479.419
47.3849098,8.5467572,479.485
47.3849098,8.5467572,479.485
47.3849117,8.5467592,479.539
47.3849117,8.5467592,479.539
47.3849128,8.5467613,479.608
47.3849128,8.5467613,479.608
47.3849128,8.5467635,479.541
47.3849128,8.5467635,479.541
47.3849137,8.5467658,479.567
47.3849137,8.5467658,479.567
47.3849141,8.5467679,479.571
47.3849141,8.5467679,479.571
47.3849146,8.5467701,479.536
47.3849146,8.5467701,479.536
47.3849155,8.5467723,479.586
47.3849155,8.5467723,479.586
47.3849163,8.5467743,479.482
47.3849163,8.5467743,479.482
47.3849175,8.546776,479.566
47.3849175,8.546776,479.566
47.3849183,8.5467777,479.615
47.3849183,8.5467777,479.615
47.384919,8.5467793,479.536
47.384919,8.5467793,479.536
47.3849196,8.5467812,479.463
47.3849196,8.5467812,479.463
47.3849207,8.5467836,479.504
47.3849207,8.5467836,479.504
47.3849224,8.5467867,479.792
47.3849224,8.5467867,479.792
47.3849228,8.5467894,479.811
47.3849228,8.5467894,479.811
47.3849237,8.5467915,479.887
47.3849237,8.5467915,479.887
47.384924,8.5467938,479.993
47.384924,8.5467938,479.993
47.3849243,8.5467959,479.952
47.3849243,8.5467959,479.952
47.3849248,8.5467978,479.903
47.3849248,8.5467978,479.903
47.3849246,8.5468001,480.048
47.3849246,8.5468001,480.048
47.384924,8.5468021,480.137
47.384924,8.5468021,480.137
47.3849232,8.5468048,480.181
47.3849232,8.5468048,480.181
47.3849232,8.5468072,480.173
47.3849232,8.5468072,480.173
47.384924,8.5468085,480.21
47.384924,8.5468085,480.21
47.3849239,8.54681,479.98
47.3849239,8.54681,479.98
47.3849239,8.5468115,480.024
47.3849239,8.5468115,480.024
47.3849239,8.5468115,480.024
47.3849252,8.5468124,480.234
47.3849252,8.5468124,480.234
47.3849261,8.5468131,480.357
47.3849272,8.5468132,480.376
47.3849272,8.5468132,480.376
47.3849288,8.5468133,480.593
47.3849288,8.5468133,480.593
47.384929,8.5468131,480.502
47.384929,8.5468131,480.502
47.3849289,8.5468134,480.337
47.3849289,8.5468134,480.337
47.3849302,8.5468132,480.328
47.3849302,8.5468132,480.328
47.3849307,8.5468134,480.288
47.3849307,8.5468134,480.288
47.3849318,8.5468138,480.36
47.3849318,8.5468138,480.36
47.3849318,8.5468138,480.36
47.3849323,8.5468144,480.336
47.3849323,8.5468144,480.336
47.3849329,8.5468148,480.348
47.3849322,8.546815,480.188
47.3849322,8.546815,480.188
47.3849333,8.5468152,480.231
47.3849333,8.5468152,480.231
47.3849338,8.5468159,480.266
47.3849338,8.5468159,480.266
47.3849341,8.5468168,480.165
47.3849341,8.5468168,480.165
47.3849355,8.5468174,480.261
47.3849355,8.5468174,480.261
47.3849367,8.5468182,480.282
47.3849367,8.5468182,480.282
47.3849373,8.5468187,480.199
47.3849373,8.5468187,480.199
47.3849377,8.5468193,480.106
47.3849377,8.5468193,480.106
47.3849381,8.5468207,480.137
47.3849381,8.5468207,480.137
47.3849381,8.5468225,480.075
47.3849381,8.5468225,480.075
47.3849384,8.5468239,479.986
47.3849384,8.5468239,479.986
47.3849383,8.5468249,479.75
47.3849383,8.5468249,479.75
47.3849391,8.5468271,479.976
47.3849391,8.5468271,479.976
47.3849399,8.5468289,480.043
47.3849399,8.5468289,480.043
47.3849401,8.5468303,479.938
47.3849401,8.5468303,479.938
47.3849411,8.5468322,480.02
47.3849411,8.5468322,480.02
47.3849423,8.5468333,479.925
47.3849423,8.5468333,479.925
47.3849439,8.546834,479.972
47.3849439,8.546834,479.972
47.3849444,8.5468351,479.858
47.3849444,8.5468351,479.858
47.3849444,8.5468351,479.858
47.3849475,8.5468366,480.564
47.3849475,8.5468366,480.564
47.3849499,8.5468375,480.864
47.3849499,8.5468375,480.864
47.3849526,8.5468402,481.243
47.3849526,8.5468402,481.243
47.3849549,8.5468422,481.633
47.3849549,8.5468422,481.633
47.3849576,8.5468434,481.701
47.3849576,8.5468434,481.701
47.3849606,8.5468443,482.05
47.3849606,8.5468443,482.05
47.384963,8.5468466,482.308
47.384963,8.5468466,482.308
47.3849656,8.5468503,482.585
47.3849656,8.5468503,482.585
47.3849682,8.5468537,483.067
47.3849682,8.5468537,483.067
47.3849707,8.5468566,483.502
47.3849707,8.5468566,483.502
47.384972,8.5468597,483.496
47.3849726,8.5468625,483.603
47.3849726,8.5468625,483.603
47.3849736,8.546865,483.898
47.3849736,8.546865,483.898
47.3849753,8.5468677,484.198
47.3849753,8.5468677,484.198
47.3849769,8.5468701,484.035
47.3849769,8.5468701,484.035
47.3849788,8.5468719,483.991
47.3849788,8.5468719,483.991
47.3849788,8.5468719,483.991
47.3849806,8.5468731,483.821
47.3849806,8.5468731,483.821
47.3849821,8.5468748,483.943
47.3849821,8.5468748,483.943
47.3849836,8.5468766,483.687
47.3849836,8.5468766,483.687
47.3849849,8.5468774,483.751
47.3849849,8.5468774,483.751
47.3849864,8.5468788,483.717
47.3849864,8.5468788,483.717
47.384988,8.5468802,483.873
47.384988,8.5468802,483.873
47.3849894,8.5468822,483.893
47.3849894,8.5468822,483.893
47.3849896,8.5468834,483.876
47.3849896,8.5468834,483.876
47.3849906,8.5468851,483.926
47.3849906,8.5468851,483.926
47.3849915,8.5468866,483.842
47.3849915,8.5468866,483.842
47.3849925,8.5468877,483.937
47.3849925,8.5468877,483.937
47.3849936,8.5468885,484.017
47.3849949,8.5468889,484.301
47.3849949,8.5468889,484.301
47.3849962,8.5468897,484.464
47.3849962,8.5468897,484.464
47.3849977,8.5468911,484.839
47.3849977,8.5468911,484.839
47.3849977,8.5468911,484.839
47.3849992,8.5468922,485.034
47.3850008,8.5468933,485.127
47.3850008,8.5468933,485.127
47.3850021,8.5468949,485.422
47.3850021,8.5468949,485.422
47.3850034,8.5468957,485.526
47.3850034,8.5468957,485.526
47.3850051,8.5468978,485.408
47.3850051,8.5468978,485.408
47.3850069,8.5468994,485.47
47.3850069,8.5468994,485.47
47.3850085,8.5469017,485.506
47.3850085,8.5469017,485.506
47.3850085,8.5469017,485.506
47.3850112,8.546903,485.453
47.3850112,8.546903,485.453
47.3850132,8.5469044,485.403
47.3850132,8.5469044,485.403
47.3850146,8.5469056,485.295
47.3850159,8.546907,485.284
47.3850159,8.546907,485.284
47.3850172,8.5469074,485.1
47.3850172,8.5469074,485.1
47.3850189,8.5469082,484.879
47.3850189,8.5469082,484.879
47.3850201,8.5469099,484.986
47.3850201,8.5469099,484.986
47.3850196,8.5469112,485.166
47.3850196,8.5469112,485.166
47.3850203,8.5469142,485.173
47.3850203,8.5469142,485.173
47.3850209,8.5469164,485.098
47.3850209,8.5469164,485.098
47.385021,8.5469176,484.925
47.385021,8.5469176,484.925
47.3850213,8.5469185,484.557
47.3850213,8.5469185,484.557
47.3850213,8.5469201,484.517
47.3850213,8.5469201,484.517
47.3850215,8.5469226,484.53
47.3850215,8.5469226,484.53
47.3850217,8.5469245,484.438
47.3850217,8.5469245,484.438
47.3850215,8.5469266,484.676
47.3850215,8.5469266,484.676
47.3850211,8.5469281,484.698
47.3850211,8.5469281,484.698
47.3850211,8.5469303,484.755
47.3850211,8.5469303,484.755
47.3850219,8.5469318,484.778
47.3850219,8.5469318,484.778
47.3850226,8.5469337,484.842
47.3850226,8.5469337,484.842
47.3850227,8.5469358,484.959
47.3850227,8.5469358,484.959
47.385022,8.5469382,485.185
47.385022,8.5469382,485.185
47.3850218,8.5469399,485.174
47.3850218,8.5469399,485.174
47.3850218,8.5469399,485.174
47.3850221,8.5469422,485.414
47.3850223,8.5469444,485.634
47.3850223,8.5469444,485.634
47.3850224,8.5469466,485.761
47.3850224,8.5469466,485.761
47.3850227,8.5469486,485.772
47.3850227,8.5469486,485.772
47.385023,8.5469502,485.754
47.385023,8.5469502,485.754
47.3850228,8.5469509,486.042
47.3850228,8.5469509,486.042
47.3850228,8.5469507,486.221
47.3850228,8.5469507,486.221
47.3850227,8.5469512,486.206
47.3850227,8.5469512,486.206
47.3850227,8.5469512,486.206
47.3850228,8.5469521,486.159
47.3850234,8.546952,486.052
47.3850234,8.546952,486.052
47.3850237,8.5469529,486.026
47.3850237,8.5469529,486.026
47.3850236,8.5469545,486.081
47.3850236,8.5469545,486.081
47.3850242,8.5469569,486.082
47.3850242,8.5469569,486.082
47.3850247,8.5469587,486.099
47.3850247,8.5469587,486.099
47.3850246,8.5469607,486.111
47.3850246,8.5469607,486.111
47.3850243,8.5469626,486.212
47.3850243,8.5469626,486.212
47.3850252,8.5469652,486.461
47.3850252,8.5469652,486.461
47.3850253,8.5469679,486.567
47.3850253,8.5469679,486.567
47.3850261,8.5469709,486.546
47.3850261,8.5469709,486.546
47.3850264,8.5469723,486.62
47.3850264,8.5469723,486.62
47.3850265,8.5469735,486.663
47.3850265,8.5469735,486.663
47.3850265,8.5469753,486.746
47.3850265,8.5469753,486.746
47.385026,8.5469774,486.839
47.385026,8.5469774,486.839
47.3850257,8.5469786,486.61
47.3850257,8.5469786,486.61
47.385025,8.5469802,486.519
47.385025,8.5469802,486.519
47.3850251,8.5469814,486.278
47.3850251,8.5469814,486.278
47.3850254,8.5469814,486.074
47.3850254,8.5469814,486.074
47.3850256,8.5469826,486.035
47.3850256,8.5469826,486.035
47.385026,8.5469845,486.072
47.385026,8.5469845,486.072
47.3850264,8.5469859,486.045
47.3850264,8.5469859,486.045
47.3850259,8.5469878,485.881
47.3850259,8.5469878,485.881
47.3850257,8.5469898,485.903
47.3850257,8.5469898,485.903
47.3850259,8.5469925,485.851
47.3850259,8.5469925,485.851
47.3850276,8.5469954,486.305
47.3850276,8.5469954,486.305
47.3850288,8.5469965,486.226
47.3850288,8.5469965,486.226
47.3850302,8.5469967,486.09
47.3850302,8.5469967,486.09
47.3850304,8.5469971,485.774
47.3850304,8.5469971,485.774
47.3850318,8.5469984,485.763
47.3850318,8.5469984,485.763
47.3850318,8.5469996,485.526
47.3850318,8.5469996,485.526
47.3850309,8.547,485.083
47.3850309,8.547,485.083
47.3850298,8.5470009,484.576
47.3850298,8.5470009,484.576
47.3850298,8.5470021,484.295
47.3850298,8.5470021,484.295
47.3850287,8.5470041,484.051
47.3850287,8.5470041,484.051
47.3850274,8.5470056,483.677
47.3850274,8.5470056,483.677
47.3850277,8.5470068,483.61
47.3850277,8.5470068,483.61
47.3850282,8.5470076,483.532
47.3850282,8.5470076,483.532
47.3850282,8.5470084,483.649
47.3850282,8.5470084,483.649
47.3850289,8.5470098,483.67
47.3850289,8.5470098,483.67
47.3850297,8.547011,483.67
47.3850297,8.547011,483.67
47.3850304,8.5470128,483.639
47.3850304,8.5470128,483.639
47.3850319,8.5470141,483.666
47.3850319,8.5470141,483.666
47.3850324,8.547015,483.446
47.3850324,8.547015,483.446
47.3850334,8.5470173,483.599
47.3850334,8.5470173,483.599
47.3850339,8.5470205,483.932
47.3850339,8.5470205,483.932
47.3850342,8.547022,484.24
47.3850342,8.547022,484.24
47.3850348,8.5470226,484.221
47.3850348,8.5470226,484.221
47.3850357,8.5470237,484.604
47.3850357,8.5470237,484.604
47.3850369,8.5470238,484.714
47.3850369,8.5470238,484.714
47.3850369,8.5470244,484.842
47.3850369,8.5470244,484.842
47.3850356,8.5470245,484.782
47.3850356,8.5470245,484.782
47.3850335,8.5470245,484.449
47.3850335,8.5470245,484.449
47.3850339,8.5470248,484.236
47.3850339,8.5470248,484.236
47.3850354,8.5470255,484.183
47.3850354,8.5470255,484.183
47.3850365,8.5470252,484.078
47.3850365,8.5470252,484.078
47.3850378,8.547025,483.867
47.3850378,8.547025,483.867
47.3850386,8.5470249,483.629
47.3850386,8.5470249,483.629
47.3850396,8.5470247,483.483
47.3850396,8.5470247,483.483
47.3850412,8.5470247,483.318
47.3850412,8.5470247,483.318
47.3850429,8.5470262,483.198
47.3850429,8.5470262,483.198
47.3850442,8.5470279,483.197
47.3850442,8.5470279,483.197
47.3850458,8.5470298,483.164
47.3850458,8.5470298,483.164
47.3850466,8.5470319,483.219
47.3850466,8.5470319,483.219
47.385048,8.5470345,483.127
47.385048,8.5470345,483.127
47.3850489,8.5470357,483.103
47.3850489,8.5470357,483.103
47.3850498,8.5470364,482.965
47.3850498,8.5470364,482.965
47.3850512,8.5470374,482.729
47.3850512,8.5470374,482.729
47.3850522,8.5470382,482.841
47.3850522,8.5470382,482.841
47.3850541,8.5470399,482.718
47.3850541,8.5470399,482.718
47.3850554,8.5470419,482.898
47.3850554,8.5470419,482.898
47.385057,8.5470431,483.114
47.385057,8.5470431,483.114
47.3850585,8.5470444,482.994
47.3850585,8.5470444,482.994
47.3850588,8.547046,483.291
47.3850588,8.547046,483.291
47.3850601,8.5470481,483.129
47.3850601,8.5470481,483.129
47.3850608,8.5470498,483.238
47.3850608,8.5470498,483.238
47.3850621,8.5470509,483.022
47.3850621,8.5470509,483.022
47.3850621,8.5470509,483.022
47.3850641,8.5470521,482.972
47.3850641,8.5470521,482.972
47.3850659,8.5470533,482.784
47.3850673,8.5470542,482.566
47.3850673,8.5470542,482.566
47.385069,8.5470551,482.559
47.385069,8.5470551,482.559
47.3850702,8.5470567,482.594
47.3850702,8.5470567,482.594
47.3850704,8.5470585,482.75
47.3850704,8.5470585,482.75
47.385072,8.5470587,482.352
47.385072,8.5470587,482.352
47.3850738,8.5470589,481.928
47.3850738,8.5470589,481.928
47.3850747,8.5470595,482.003
47.3850747,8.5470595,482.003
47.3850754,8.5470605,482.195
47.3850754,8.5470605,482.195
47.3850763,8.5470618,482.162
47.3850763,8.5470618,482.162
47.3850773,8.5470637,482.349
47.3850773,8.5470637,482.349
47.3850792,8.5470645,482.361
47.3850792,8.5470645,482.361
47.3850811,8.5470655,482.308
47.3850811,8.5470655,482.308
47.3850811,8.5470655,482.308
47.3850829,8.5470672,482.498
47.3850847,8.5470681,482.299
47.3850847,8.5470681,482.299
47.3850861,8.547069,482.236
47.3850861,8.547069,482.236
47.3850876,8.54707,482.152
47.3850876,8.54707,482.152
47.3850891,8.5470716,482.321
47.3850891,8.5470716,482.321
47.3850906,8.5470727,482.386
47.3850906,8.5470727,482.386
47.3850923,8.5470731,482.398
47.3850923,8.5470731,482.398
47.3850937,8.5470738,482.411
47.3850937,8.5470738,482.411
47.3850937,8.5470738,482.411
47.385095,8.5470756,482.36
47.385095,8.5470756,482.36
47.3850968,8.5470771,482.349
47.3850968,8.5470771,482.349
47.3850986,8.547078,482.188
47.3850995,8.5470783,482.199
47.3850995,8.5470783,482.199
47.3851004,8.5470795,482.183
47.3851004,8.5470795,482.183
47.3851013,8.5470802,482.217
47.3851013,8.5470802,482.217
47.3851023,8.5470804,482.175
47.3851023,8.5470804,482.175
47.3851032,8.5470803,482.128
47.3851032,8.5470803,482.128
47.3851044,8.547081,482.024
47.3851044,8.547081,482.024
47.3851054,8.5470818,481.974
47.3851054,8.5470818,481.974
47.3851059,8.5470831,482.072
47.3851059,8.5470831,482.072
47.3851063,8.5470844,482.217
47.3851063,8.5470844,482.217
47.3851066,8.5470856,482.424
47.3851066,8.5470856,482.424
47.3851074,8.5470862,482.381
47.3851074,8.5470862,482.381
47.3851085,8.5470868,482.367
47.3851085,8.5470868,482.367
47.3851091,8.5470879,482.349
47.3851091,8.5470879,482.349
47.3851095,8.5470885,482.388
47.3851095,8.5470885,482.388
47.3851103,8.5470891,482.419
47.3851103,8.5470891,482.419
47.3851113,8.54709,482.458
47.3851113,8.54709,482.458
47.3851119,8.5470911,482.426
47.3851119,8.5470911,482.426
47.385112,8.5470923,482.536
47.385112,8.5470923,482.536
47.385112,8.5470923,482.536
47.3851126,8.5470935,482.586
47.3851126,8.5470935,482.586
47.3851136,8.5470947,482.576
47.3851153,8.5470967,482.538
47.3851153,8.5470967,482.538
47.3851161,8.5470991,482.716
47.3851161,8.5470991,482.716
47.3851168,8.5471008,482.836
47.3851168,8.5471008,482.836
47.3851172,8.5471027,482.964
47.3851172,8.5471027,482.964
47.3851175,8.5471049,483.08
47.3851175,8.5471049,483.08
47.3851184,8.5471058,483.04
47.3851184,8.5471058,483.04
47.3851196,8.5471066,482.94
47.3851196,8.5471066,482.94
47.3851204,8.5471076,482.947
47.3851204,8.5471076,482.947
47.385121,8.5471089,483.018
47.385121,8.5471089,483.018
47.3851212,8.5471108,483.313
47.3851212,8.5471108,483.313
47.385122,8.5471131,483.413
47.385122,8.5471131,483.413
47.385122,8.5471153,483.598
47.385122,8.5471153,483.598
47.3851206,8.5471184,484.021
47.3851206,8.5471184,484.021
47.3851196,8.5471219,484.432
47.3851196,8.5471219,484.432
47.3851206,8.5471242,484.505
47.3851206,8.5471242,484.505
47.3851213,8.5471258,484.575
47.3851213,8.5471258,484.575
47.3851216,8.5471275,484.794
47.3851216,8.5471275,484.794
47.3851221,8.54713,484.842
47.3851221,8.54713,484.842
47.3851233,8.5471321,484.805
47.3851233,8.5471321,484.805
47.3851251,8.5471349,484.73
47.3851251,8.5471349,484.73
47.3851251,8.5471349,484.73
47.3851265,8.5471379,484.8
47.3851265,8.5471379,484.8
47.3851269,8.5471395,484.995
47.3851269,8.5471395,484.995
47.3851269,8.5471418,485.141
47.3851269,8.5471418,485.141
47.3851284,8.547144,485.017
47.3851284,8.547144,485.017
47.3851285,8.5471458,485.122
47.3851285,8.5471458,485.122
47.3851287,8.5471477,485.163
47.3851287,8.5471477,485.163
47.3851299,8.5471496,485.04
47.3851299,8.5471496,485.04
47.3851315,8.547151,484.957
47.3851315,8.547151,484.957
47.3851322,8.5471523,484.956
47.3851322,8.5471523,484.956
47.3851327,8.5471539,484.972
47.385133,8.547155,485.08
47.385133,8.547155,485.08
47.385133,8.547155,485.08
47.3851332,8.5471553,485.176
47.3851332,8.5471553,485.176
47.3851336,8.5471557,485.226
47.3851342,8.5471571,485.377
47.3851342,8.5471571,485.377
47.3851343,8.5471588,485.58
47.3851343,8.5471588,485.58
47.3851351,8.5471611,485.607
47.3851351,8.5471611,485.607
47.3851351,8.5471611,485.607
47.3851364,8.5471635,485.643
47.3851364,8.5471635,485.643
47.3851369,8.5471656,485.724
47.3851369,8.5471656,485.724
47.3851374,8.5471676,485.782
47.3851374,8.5471676,485.782
47.3851375,8.5471696,485.914
47.3851375,8.5471696,485.914
47.385137,8.5471711,486.089
47.385137,8.5471711,486.089
47.3851382,8.5471733,485.939
47.3851382,8.5471733,485.939
47.3851392,8.5471762,485.969
47.3851392,8.5471762,485.969
47.3851401,8.5471788,485.977
47.3851401,8.5471788,485.977
47.3851408,8.5471809,485.975
47.3851408,8.5471809,485.975
47.3851411,8.5471825,486.079
47.3851411,8.5471825,486.079
47.385142,8.5471842,486.064
47.385142,8.5471842,486.064
47.3851434,8.547186,485.957
47.3851434,8.547186,485.957
47.3851438,8.5471872,486.039
47.3851438,8.5471872,486.039
47.3851435,8.547189,486.187
47.3851435,8.547189,486.187
47.3851445,8.5471912,486.178
47.3851445,8.5471912,486.178
47.3851461,8.5471937,486.111
47.3851461,8.5471937,486.111
47.3852065,8.5472415,486.414
47.3852065,8.5472415,486.414
47.3852074,8.5472432,486.431
47.3852074,8.5472432,486.431
47.3852072,8.5472449,486.364
47.3852072,8.5472449,486.364
47.385208,8.5472471,486.081
47.385208,8.5472471,486.081
47.3852079,8.5472498,486.117
47.3852079,8.5472498,486.117
47.3852088,8.5472528,486.11
47.3852088,8.5472528,486.11
47.3852091,8.5472548,486.051
47.3852091,8.5472548,486.051
47.38521,8.5472564,485.757
47.38521,8.5472564,485.757
47.3852103,8.5472571,485.696
47.3852103,8.5472571,485.696
47.3852115,8.547259,485.809
47.3852115,8.547259,485.809
47.3852116,8.5472602,485.758
47.3852116,8.5472602,485.758
47.3852115,8.5472609,485.617
47.3852115,8.5472609,485.617
47.3852114,8.5472626,485.587
47.3852114,8.5472626,485.587
47.3852122,8.5472639,485.13
47.3852122,8.5472639,485.13
47.3852122,8.5472656,484.983
47.3852122,8.5472656,484.983
47.3852123,8.5472679,485.241
47.3852123,8.5472679,485.241
47.385213,8.5472701,485.168
47.385213,8.5472701,485.168
47.3852129,8.5472727,485.215
47.3852129,8.5472727,485.215
47.3852129,8.5472752,485.265
47.3852129,8.5472752,485.265
47.3852125,8.5472773,485.266
47.3852125,8.5472773,485.266
47.3852134,8.5472803,485.592
47.3852134,8.5472803,485.592
47.3852129,8.5472815,485.783
47.3852129,8.5472815,485.783
47.3852138,8.5472815,485.634
47.3852138,8.5472815,485.634
47.3852144,8.5472825,485.613
47.3852144,8.5472825,485.613
47.3852159,8.5472845,485.523
47.3852159,8.5472845,485.523
47.3852172,8.5472864,485.472
47.3852172,8.5472864,485.472
47.3852186,8.5472867,485.4
47.3852186,8.5472867,485.4
47.3852204,8.5472872,485.365
47.3852204,8.5472872,485.365
47.3852216,8.5472878,485.474
47.3852216,8.5472878,485.474
47.3852221,8.5472906,485.748
47.3852221,8.5472906,485.748
47.3852233,8.5472925,485.918
47.3852233,8.5472925,485.918
47.3852239,8.5472943,486.078
47.3852239,8.5472943,486.078
47.3852256,8.5472968,485.989
47.3852256,8.5472968,485.989
47.3852275,8.5472978,485.9
47.3852275,8.5472978,485.9
47.385229,8.5472993,486.015
47.385229,8.5472993,486.015
47.3852306,8.5473002,485.889
47.3852306,8.5473002,485.889
47.3852317,8.5473013,485.85
47.3852317,8.5473013,485.85
47.3852324,8.5473022,485.884
47.3852324,8.5473022,485.884
47.3852329,8.5473049,486.03
47.3852329,8.5473049,486.03
47.3852343,8.5473043,485.936
47.3852343,8.5473043,485.936
47.3852349,8.5473042,486.047
47.3852349,8.5473042,486.047
47.3852349,8.5473052,486.155
47.3852349,8.5473052,486.155
47.3852356,8.5473067,486.126
47.3852356,8.5473067,486.126
47.3852361,8.5473093,486.196
47.3852361,8.5473093,486.196
47.3852373,8.5473115,486.072
47.3852373,8.5473115,486.072
47.3852389,8.5473135,485.868
47.3852389,8.5473135,485.868
47.3852394,8.5473163,485.794
47.3852394,8.5473163,485.794
47.3852401,8.5473191,485.821
47.3852401,8.5473191,485.821
47.3852417,8.547321,485.542
47.3852417,8.547321,485.542
47.3852417,8.5473238,485.594
47.3852417,8.5473238,485.594
47.3852418,8.547326,485.644
47.3852418,8.547326,485.644
47.3852424,8.5473285,485.576
47.3852424,8.5473285,485.576
47.3852434,8.5473299,485.434
47.3852434,8.5473299,485.434
47.3852444,8.5473327,485.393
47.3852444,8.5473327,485.393
47.3852447,8.5473328,485.333
47.3852447,8.5473328,485.333
47.3852438,8.5473336,485.213
47.3852438,8.5473336,485.213
47.3852436,8.5473343,485.248
47.3852436,8.5473343,485.248
47.3852431,8.5473358,485.262
47.3852431,8.5473358,485.262
47.3852428,8.5473374,485.285
47.3852428,8.5473374,485.285
47.3852427,8.5473387,485.36
47.3852427,8.5473387,485.36
47.3852433,8.5473389,485.12
47.3852433,8.5473389,485.12
47.3852435,8.5473403,485.103
47.3852435,8.5473403,485.103
47.385244,8.5473416,485.074
47.385244,8.5473416,485.074
47.3852449,8.5473432,485.001
47.3852449,8.5473432,485.001
47.3852458,8.5473443,484.859
47.3852458,8.5473443,484.859
47.3852462,8.5473459,485.055
47.3852462,8.5473459,485.055
47.3852456,8.5473467,484.966
47.3852456,8.5473467,484.966
47.3852451,8.547347,485.061
47.3852451,8.547347,485.061
47.3852458,8.5473476,485.025
47.3852458,8.5473476,485.025
47.3852468,8.5473478,484.603
47.3852468,8.5473478,484.603
47.3852479,8.5473489,484.465
47.3852479,8.5473489,484.465
47.3852489,8.54735,484.272
47.3852489,8.54735,484.272
47.3852499,8.5473511,483.961
47.3852499,8.5473511,483.961
47.3852507,8.5473521,483.848
47.3852507,8.5473521,483.848
47.3852512,8.5473536,483.987
47.3852512,8.5473536,483.987
47.3852527,8.547355,483.83
47.3852527,8.547355,483.83
47.385253,8.547356,483.623
47.385253,8.547356,483.623
47.3852535,8.5473577,483.617
47.3852535,8.5473577,483.617
47.3852546,8.5473578,483.449
47.3852546,8.5473578,483.449
47.385255,8.5473579,483.499
47.385255,8.5473579,483.499
47.3852552,8.547358,483.318
47.3852552,8.547358,483.318
47.3852559,8.5473576,483.18
47.3852559,8.5473576,483.18
47.3852559,8.5473578,483.119
47.3852559,8.5473578,483.119
47.3852556,8.5473577,483.078
47.3852556,8.5473577,483.078
47.3852555,8.547357,483.158
47.3852555,8.547357,483.158
47.3852544,8.5473569,483.378
47.3852544,8.5473569,483.378
47.3852543,8.5473567,483.421
47.3852543,8.5473567,483.421
47.3852545,8.547357,483.71
47.3852545,8.547357,483.71
47.385254,8.5473575,484.239
47.385254,8.5473575,484.239
47.3852542,8.5473572,484.313
47.3852542,8.5473572,484.313
47.3852543,8.5473568,484.615
47.3852543,8.5473568,484.615
47.3852536,8.5473562,484.993
47.3852536,8.5473562,484.993
47.3852532,8.5473556,485.401
47.3852532,8.5473556,485.401
47.3852523,8.5473548,485.95
47.3852523,8.5473548,485.95
47.3852513,8.5473545,486.665
47.3852513,8.5473545,486.665
47.3852499,8.5473527,487.633
47.3852499,8.5473527,487.633
47.385247,8.5473505,488.593
47.385247,8.5473505,488.593
47.3852428,8.5473467,489.27
47.3852428,8.5473467,489.27
47.3852387,8.5473418,489.869
47.3852387,8.5473418,489.869
47.3852355,8.5473364,490.148
47.3852355,8.5473364,490.148
47.3852324,8.5473303,490.713
47.3852324,8.5473303,490.713
47.3852286,8.547325,491.439
47.3852286,8.547325,491.439
47.3852278,8.5473226,491.512
47.3852278,8.5473226,491.512
47.3852275,8.5473212,491.791
47.3852275,8.5473212,491.791
47.3852269,8.5473211,492.082
47.3852269,8.5473211,492.082
47.3852267,8.5473205,492.077
47.3852267,8.5473205,492.077
47.3852273,8.5473196,491.975
47.3852273,8.5473196,491.975
47.3852271,8.5473187,492.267
47.3852271,8.5473187,492.267
47.3852275,8.5473185,492.624
47.3852275,8.5473185,492.624
47.3852283,8.5473178,492.725
47.3852283,8.5473178,492.725
47.3852287,8.5473166,492.523
47.3852287,8.5473166,492.523
47.3852284,8.5473159,492.663
47.3852284,8.5473159,492.663
47.3852288,8.5473147,492.698
47.3852288,8.5473147,492.698
47.3852286,8.5473139,492.908
47.3852286,8.5473139,492.908
47.3852291,8.5473125,492.864
47.3852291,8.5473125,492.864
47.3852287,8.5473111,492.785
47.3852287,8.5473111,492.785
47.3852281,8.5473102,492.878
47.3852281,8.5473102,492.878
47.3852277,8.5473093,492.637
47.3852277,8.5473093,492.637
47.3852281,8.5473086,492.563
47.3852281,8.5473086,492.563
47.3852285,8.5473081,492.632
47.3852285,8.5473081,492.632
47.3852289,8.5473077,492.535
47.3852289,8.5473077,492.535
47.3852292,8.5473075,492.704
47.3852292,8.5473075,492.704
47.3852304,8.5473076,492.82
47.3852304,8.5473076,492.82
47.3852317,8.547308,492.945
47.3852317,8.547308,492.945
47.3852325,8.5473084,493.041
47.3852325,8.5473084,493.041
47.3852332,8.5473089,492.925
47.3852332,8.5473089,492.925
47.3852341,8.5473097,493.017
47.3852341,8.5473097,493.017
47.3852309,8.5473065,493.816
47.3852309,8.5473065,493.816
47.3852273,8.5473033,494.634
47.3852273,8.5473033,494.634
47.3852235,8.5473,495.117
47.3852235,8.5473,495.117
47.3852196,8.5472968,495.979
47.3852196,8.5472968,495.979
47.3852157,8.5472932,496.762
47.3852157,8.5472932,496.762
47.3852115,8.5472893,497.681
47.3852115,8.5472893,497.681
47.3852078,8.5472853,498.727
47.3852078,8.5472853,498.727
47.3852037,8.5472802,499.722
47.3852037,8.5472802,499.722
47.3851992,8.5472752,500.64
47.3851992,8.5472752,500.64
47.3851989,8.5472747,500.492
47.3851989,8.5472747,500.492
47.3851988,8.5472747,500.292
47.3851988,8.5472747,500.292
47.3851988,8.5472742,500.604
47.3851988,8.5472742,500.604
47.3851994,8.5472742,500.549
47.3851994,8.5472742,500.549
47.3852,8.5472746,500.522
47.3852,8.5472746,500.522
47.3852006,8.5472743,500.569
47.3852006,8.5472743,500.569
47.3852017,8.5472739,500.704
47.3852017,8.5472739,500.704
47.3852022,8.5472732,500.621
47.3852022,8.5472732,500.621
47.3852026,8.547273,500.472
47.3852026,8.547273,500.472
47.3852037,8.5472731,500.522
47.3852037,8.5472731,500.522
47.3852049,8.5472728,500.6
47.3852049,8.5472728,500.6
47.3852056,8.5472727,500.352
47.3852056,8.5472727,500.352
47.3852065,8.5472726,500.362
47.3852065,8.5472726,500.362
47.3852072,8.5472724,500.161
47.3852072,8.5472724,500.161
47.3852079,8.5472719,499.961
47.3852079,8.5472719,499.961
47.3852091,8.547272,499.721
47.3852091,8.547272,499.721
47.3852105,8.5472719,499.783
47.3852105,8.5472719,499.783
47.3852118,8.5472725,499.599
47.3852118,8.5472725,499.599
47.3852125,8.5472726,499.501
47.3852125,8.5472726,499.501
47.3852129,8.547273,499.25
47.3852129,8.547273,499.25
47.385214,8.5472734,499.241
47.385214,8.5472734,499.241
47.3852152,8.5472736,499.299
47.3852152,8.5472736,499.299
47.3852162,8.5472741,499.015
47.3852162,8.5472741,499.015
47.3852172,8.5472749,498.811
47.3852172,8.5472749,498.811
47.3852182,8.5472753,498.622
47.3852182,8.5472753,498.622
47.3852199,8.5472765,498.569
47.3852199,8.5472765,498.569
47.3852216,8.5472775,498.453
47.3852216,8.5472775,498.453
47.385223,8.5472784,498.16
47.385223,8.5472784,498.16
47.3852239,8.547279,497.817
47.3852239,8.547279,497.817
47.385226,8.5472814,497.452
47.385226,8.5472814,497.452
47.3852265,8.5472819,497.366
47.3852265,8.5472819,497.366
47.3852271,8.5472827,497.182
47.3852271,8.5472827,497.182
47.3852292,8.5472846,497.299
47.3852292,8.5472846,497.299
47.3852316,8.5472863,497.5
47.3852316,8.5472863,497.5
47.3852341,8.5472876,497.496
47.3852341,8.5472876,497.496
47.3852349,8.5472871,497.411
47.3852349,8.5472871,497.411
47.3852364,8.5472871,497.366
47.3852364,8.5472871,497.366
47.3852396,8.5472881,497.486
47.3852396,8.5472881,497.486
47.3852424,8.54729,497.406
47.3852424,8.54729,497.406
47.3852444,8.5472911,497.534
47.3852444,8.5472911,497.534
47.3852461,8.5472922,497.501
47.3852461,8.5472922,497.501
47.3852467,8.5472915,497.669
47.3852467,8.5472915,497.669
47.3852485,8.5472924,497.693
47.3852485,8.5472924,497.693
47.3852513,8.5472939,497.798
47.3852513,8.5472939,497.798
47.385253,8.5472939,497.925
47.385253,8.5472939,497.925
47.3852533,8.547293,497.99
47.3852533,8.547293,497.99
47.3852563,8.547296,497.827
47.3852563,8.547296,497.827
47.3852578,8.5472964,497.775
47.3852578,8.5472964,497.775
47.3852599,8.547297,497.917
47.3852599,8.547297,497.917
47.3852609,8.5472966,497.731
47.3852609,8.5472966,497.731
47.3852624,8.547298,497.323
47.3852624,8.547298,497.323
47.3852622,8.5472972,497.064
47.3852622,8.5472972,497.064
47.3852634,8.5472974,496.889
47.3852634,8.5472974,496.889
47.3852663,8.547298,496.939
47.3852663,8.547298,496.939
47.3852673,8.5472974,496.805
47.3852673,8.5472974,496.805
47.3852671,8.5472964,496.47
47.3852671,8.5472964,496.47
47.3852673,8.5472948,496.472
47.3852673,8.5472948,496.472
47.3852679,8.5472943,496.212
47.3852679,8.5472943,496.212
47.3852677,8.547293,496.053
47.3852677,8.547293,496.053
47.3852695,8.5472932,496.101
47.3852695,8.5472932,496.101
47.3852718,8.5472951,495.978
47.3852718,8.5472951,495.978
47.3852739,8.5472963,496.056
47.3852739,8.5472963,496.056
47.3852758,8.5472973,496.026
47.3852758,8.5472973,496.026
47.3852767,8.5472966,496.025
47.3852767,8.5472966,496.025
47.3852788,8.5472971,496.048
47.3852788,8.5472971,496.048
47.3852799,8.5472972,495.852
47.3852799,8.5472972,495.852
47.3852816,8.5472972,495.935
47.3852816,8.5472972,495.935
47.3852822,8.5472964,495.908
47.3852822,8.5472964,495.908
47.385284,8.547298,495.468
47.385284,8.547298,495.468
47.3852837,8.5472973,495.205
47.3852837,8.5472973,495.205
47.3852843,8.5472975,494.911
47.3852843,8.5472975,494.911
47.3852843,8.547297,494.663
47.3852843,8.547297,494.663
47.3852833,8.5472955,494.283
47.3852833,8.5472955,494.283
47.3852829,8.5472947,493.921
47.3852829,8.5472947,493.921
47.3852837,8.5472945,493.841
47.3852837,8.5472945,493.841
47.3852841,8.5472934,493.768
47.3852841,8.5472934,493.768
47.3852859,8.5472945,493.503
47.3852859,8.5472945,493.503
47.3852878,8.547295,493.537
47.3852878,8.547295,493.537
47.3852883,8.5472937,493.66
47.3852883,8.5472937,493.66
47.3852907,8.5472947,493.51
47.3852907,8.5472947,493.51
47.3852925,8.5472947,493.347
47.3852925,8.5472947,493.347
47.385294,8.5472946,493.045
47.385294,8.5472946,493.045
47.3852948,8.5472944,492.886
47.3852948,8.5472944,492.886
47.3852957,8.547294,492.822
47.3852957,8.547294,492.822
47.3852976,8.5472942,492.866
47.3852976,8.5472942,492.866
47.385299,8.5472943,492.704
47.385299,8.5472943,492.704
47.3853008,8.5472945,492.83
47.3853008,8.5472945,492.83
47.3853025,8.5472949,492.775
47.3853025,8.5472949,492.775
47.3853042,8.547296,492.619
47.3853042,8.547296,492.619
47.3853064,8.5472977,492.464
47.3853064,8.5472977,492.464
47.3853098,8.5473005,492.243
47.3853098,8.5473005,492.243
47.3853138,8.5473043,492.068
47.3853138,8.5473043,492.068
47.3853167,8.5473072,491.796
47.3853167,8.5473072,491.796
47.3853194,8.5473101,491.436
47.3853194,8.5473101,491.436
47.3853219,8.5473127,491.039
47.3853219,8.5473127,491.039
47.3853248,8.5473156,490.624
47.3853248,8.5473156,490.624
47.3853268,8.5473171,490.33
47.3853268,8.5473171,490.33
47.3853289,8.5473186,489.994
47.3853289,8.5473186,489.994
47.3853312,8.5473203,489.55
47.3853312,8.5473203,489.55
47.3853343,8.5473218,489.344
47.3853343,8.5473218,489.344
47.3853364,8.5473225,489.172
47.3853364,8.5473225,489.172
47.3853384,8.5473233,489.21
47.3853384,8.5473233,489.21
47.3853399,8.5473237,489.286
47.3853399,8.5473237,489.286
47.3853411,8.5473244,489.47
47.3853411,8.5473244,489.47
47.3853408,8.5473239,489.438
47.3853408,8.5473239,489.438
47.3853408,8.5473235,489.31
47.3853408,8.5473235,489.31
47.3853413,8.5473237,489.104
47.3853413,8.5473237,489.104
47.3853423,8.5473243,488.965
47.3853423,8.5473243,488.965
47.3853433,8.5473241,488.797
47.3853433,8.5473241,488.797
47.3853444,8.5473237,488.542
47.3853444,8.5473237,488.542
47.3853456,8.5473231,488.315
47.3853456,8.5473231,488.315
47.3853459,8.5473223,488.121
47.3853459,8.5473223,488.121
47.385348,8.5473229,487.852
47.385348,8.5473229,487.852
47.3853493,8.5473229,487.649
47.3853493,8.5473229,487.649
47.3853497,8.5473223,487.391
47.3853497,8.5473223,487.391
47.3853498,8.5473211,487.232
47.3853498,8.5473211,487.232
47.38535,8.5473196,486.913
47.38535,8.5473196,486.913
47.385349,8.5473174,486.691
47.385349,8.5473174,486.691
47.3853481,8.5473162,486.337
47.3853481,8.5473162,486.337
47.385348,8.5473155,486.394
47.385348,8.5473155,486.394
47.3853485,8.5473149,486.334
47.3853485,8.5473149,486.334
47.3853485,8.5473141,486.048
47.3853485,8.5473141,486.048
47.3853498,8.547314,485.991
47.3853498,8.547314,485.991
47.3853508,8.5473138,485.723
47.3853508,8.5473138,485.723
47.3853525,8.5473136,485.885
47.3853525,8.5473136,485.885
47.3853557,8.5473139,486.332
47.3853557,8.5473139,486.332
47.3853579,8.547313,486.653
47.3853579,8.547313,486.653
47.3853597,8.5473119,486.897
47.3853597,8.5473119,486.897
47.385362,8.5473117,487.141
47.385362,8.5473117,487.141
47.385364,8.5473115,487.194
47.385364,8.5473115,487.194
47.3853655,8.5473105,487.379
47.3853655,8.5473105,487.379
47.3853669,8.5473105,487.417
47.3853669,8.5473105,487.417
47.3853684,8.5473099,487.433
47.3853684,8.5473099,487.433
47.3853688,8.5473083,487.423
47.3853688,8.5473083,487.423
47.3853701,8.5473076,487.506
47.3853701,8.5473076,487.506
47.3853726,8.5473078,487.722
47.3853726,8.5473078,487.722
47.3853736,8.5473073,487.605
47.3853736,8.5473073,487.605
47.385374,8.5473069,487.335
47.385374,8.5473069,487.335
47.3853747,8.5473059,487.461
47.3853747,8.5473059,487.461
47.3853751,8.547305,487.482
47.3853751,8.547305,487.482
47.3853747,8.5473037,487.426
47.3853747,8.5473037,487.426
47.3853743,8.5473026,487.322
47.3853743,8.5473026,487.322
47.3853742,8.5473009,487.51
47.3853742,8.5473009,487.51
47.3853754,8.5473001,487.856
47.3853754,8.5473001,487.856
47.3853747,8.5472983,487.856
47.3853747,8.5472983,487.856
47.3853751,8.5472974,487.972
47.3853751,8.5472974,487.972
47.3853755,8.5472958,488.132
47.3853755,8.5472958,488.132
47.3853753,8.5472939,488.13
47.3853753,8.5472939,488.13
47.3853748,8.5472915,488.065
47.3853748,8.5472915,488.065
47.3853751,8.5472905,487.841
47.3853751,8.5472905,487.841
47.3853749,8.5472889,487.597
47.3853749,8.5472889,487.597
47.3853748,8.5472875,487.476
47.3853748,8.5472875,487.476
47.3853756,8.5472864,487.645
47.3853756,8.5472864,487.645
47.3853763,8.547286,487.497
47.3853763,8.547286,487.497
47.3853781,8.5472868,487.381
47.3853781,8.5472868,487.381
47.3853789,8.5472863,487.336
47.3853789,8.5472863,487.336
47.3853811,8.5472864,487.336
47.3853811,8.5472864,487.336
47.3853819,8.5472856,487.147
47.3853819,8.5472856,487.147
47.3853829,8.5472848,487.171
47.3853829,8.5472848,487.171
47.3853845,8.5472846,487.307
47.3853845,8.5472846,487.307
47.3853853,8.5472843,487.19
47.3853853,8.5472843,487.19
47.385386,8.5472841,487.043
47.385386,8.5472841,487.043
47.3853859,8.5472835,486.738
47.3853859,8.5472835,486.738
47.3853855,8.5472821,486.67
47.3853855,8.5472821,486.67
47.3853859,8.5472808,486.767
47.3853859,8.5472808,486.767
47.3853859,8.5472794,486.629
47.3853859,8.5472794,486.629
47.3853864,8.5472784,486.647
47.3853864,8.5472784,486.647
47.3853874,8.5472779,486.829
47.3853874,8.5472779,486.829
47.385388,8.5472774,486.82
47.385388,8.5472774,486.82
47.3853891,8.5472773,486.865
47.3853891,8.5472773,486.865
47.3853898,8.5472773,486.987
47.3853898,8.5472773,486.987
47.3853894,8.5472759,487.061
47.3853894,8.5472759,487.061
47.3853882,8.5472736,487.049
47.3853882,8.5472736,487.049
47.3853878,8.5472717,487.109
47.3853878,8.5472717,487.109
47.3853868,8.5472695,487.303
47.3853868,8.5472695,487.303
47.385386,8.5472679,487.508
47.385386,8.5472679,487.508
47.3853853,8.5472659,487.888
47.3853853,8.5472659,487.888
47.3853851,8.5472642,488.146
47.3853851,8.5472642,488.146
47.3853844,8.5472624,488.316
47.3853844,8.5472624,488.316
47.3853833,8.5472601,488.704
47.3853833,8.5472601,488.704
47.3853827,8.5472592,488.753
47.3853827,8.5472592,488.753
47.3853822,8.5472585,488.78
47.3853822,8.5472585,488.78
47.3853819,8.5472575,489.074
47.3853819,8.5472575,489.074
47.3853821,8.5472566,489.3
47.3853821,8.5472566,489.3
47.385382,8.5472557,489.31
47.385382,8.5472557,489.31
47.3853814,8.5472546,489.303
47.3853814,8.5472546,489.303
47.3853813,8.5472541,489.017
47.3853813,8.5472541,489.017
47.3853812,8.5472532,489.103
47.3853812,8.5472532,489.103
47.3853805,8.5472522,489.109
47.3853805,8.5472522,489.109
47.3853798,8.5472514,489.089
47.3853798,8.5472514,489.089
47.3853795,8.5472514,489.123
47.3853795,8.5472514,489.123
47.385379,8.5472514,489.129
47.385379,8.5472514,489.129
47.3853786,8.5472514,488.969
47.3853786,8.5472514,488.969
47.3853787,8.5472514,488.969
47.3853787,8.5472514,488.969
47.385379,8.5472515,489.007
47.385379,8.5472515,489.007
47.3853781,8.5472507,488.996
47.3853781,8.5472507,488.996
47.3853775,8.5472502,489.049
47.3853775,8.5472502,489.049
47.3853768,8.54725,489.056
47.3853768,8.54725,489.056
47.3853757,8.5472494,489.025
47.3853757,8.5472494,489.025
47.3853747,8.547249,489.0
47.3853747,8.547249,489.0
47.3853735,8.5472485,488.987
47.3853735,8.5472485,488.987
47.3853733,8.5472483,489.017
47.3853733,8.5472483,489.017
47.385373,8.5472481,488.902
47.385373,8.5472481,488.902
47.3853728,8.5472477,488.749
47.3853728,8.5472477,488.749
47.385373,8.5472471,488.8
47.385373,8.5472471,488.8
47.3853734,8.5472466,488.733
47.3853734,8.5472466,488.733
47.3853739,8.5472469,488.692
47.3853739,8.5472469,488.692
47.3853739,8.5472467,488.693
47.3853739,8.5472467,488.693
47.3853741,8.5472468,488.541
47.3853741,8.5472468,488.541
47.3853733,8.5472461,488.384
47.3853733,8.5472461,488.384
47.385373,8.5472462,488.209
47.385373,8.5472462,488.209
47.3853726,8.5472456,487.961
47.3853726,8.5472456,487.961
47.3853727,8.5472449,487.719
47.3853727,8.5472449,487.719
47.3853733,8.5472445,487.46
47.3853733,8.5472445,487.46
47.3853735,8.5472447,487.13
47.3853735,8.5472447,487.13
47.3853735,8.5472451,486.973
47.3853735,8.5472451,486.973
47.3853742,8.5472452,486.929
47.3853742,8.5472452,486.929
47.3853754,8.5472453,486.887
47.3853754,8.5472453,486.887
47.385376,8.5472447,486.683
47.385376,8.5472447,486.683
47.3853766,8.5472442,486.667
47.3853766,8.5472442,486.667
47.3853773,8.5472441,486.605
47.3853773,8.5472441,486.605
47.3853777,8.5472436,486.587
47.3853777,8.5472436,486.587
47.3853783,8.5472436,486.374
47.3853783,8.5472436,486.374
47.3853784,8.5472435,486.096
47.3853784,8.5472435,486.096
47.3853789,8.547243,486.171
47.3853789,8.547243,486.171
47.3853795,8.5472417,486.162
47.3853795,8.5472417,486.162
47.3853807,8.5472416,486.094
47.3853807,8.5472416,486.094
47.3853806,8.5472403,486.115
47.3853806,8.5472403,486.115
47.3853803,8.5472393,486.093
47.3853803,8.5472393,486.093
47.3853811,8.5472397,486.077
47.3853811,8.5472397,486.077
47.385383,8.5472398,486.225
47.385383,8.5472398,486.225
47.3853852,8.5472389,486.499
47.3853852,8.5472389,486.499
47.3853862,8.5472377,486.489
47.3853862,8.5472377,486.489
47.3853871,8.5472369,486.465
47.3853871,8.5472369,486.465
47.3853866,8.5472359,486.331
47.3853866,8.5472359,486.331
47.3853864,8.5472352,486.197
47.3853864,8.5472352,486.197
47.3853861,8.547234,486.061
47.3853861,8.547234,486.061
47.3853865,8.5472334,485.837
47.3853865,8.5472334,485.837
47.3853867,8.5472321,485.814
47.3853867,8.5472321,485.814
47.3853873,8.5472308,485.74
47.3853873,8.5472308,485.74
47.3853885,8.5472303,485.592
47.3853885,8.5472303,485.592
47.3853892,8.54723,485.432
47.3853892,8.54723,485.432
47.3853897,8.5472288,485.487
47.3853897,8.5472288,485.487
47.3853907,8.5472284,485.49
47.3853907,8.5472284,485.49
47.385392,8.547228,485.425
47.385392,8.547228,485.425
47.3853932,8.5472273,485.27
47.3853932,8.5472273,485.27
47.3853944,8.5472265,485.129
47.3853944,8.5472265,485.129
47.3853953,8.547225,485.208
47.3853953,8.547225,485.208
47.3853968,8.5472248,485.094
47.3853968,8.5472248,485.094
47.3853978,8.5472235,485.125
47.3853978,8.5472235,485.125
47.3853991,8.5472234,485.083
47.3853991,8.5472234,485.083
47.3854008,8.5472234,485.194
47.3854008,8.5472234,485.194
47.3854023,8.5472238,485.154
47.3854023,8.5472238,485.154
47.3854038,8.5472236,485.263
47.3854038,8.5472236,485.263
47.3854049,8.5472233,485.193
47.3854049,8.5472233,485.193
47.3854063,8.5472231,485.211
47.3854063,8.5472231,485.211
47.3854078,8.5472226,485.435
47.3854078,8.5472226,485.435
47.3854088,8.547222,485.543
47.3854088,8.547222,485.543
47.3854096,8.5472212,485.643
47.3854096,8.5472212,485.643
47.3854108,8.5472205,485.831
47.3854108,8.5472205,485.831
47.3854121,8.5472199,485.741
47.3854121,8.5472199,485.741
47.3854139,8.5472204,485.692
47.3854139,8.5472204,485.692
47.3854146,8.5472193,485.672
47.3854146,8.5472193,485.672
47.3854156,8.5472183,485.703
47.3854156,8.5472183,485.703
47.3854168,8.5472172,485.675
47.3854168,8.5472172,485.675
47.3854177,8.5472163,485.627
47.3854177,8.5472163,485.627
47.3854187,8.5472161,485.545
47.3854187,8.5472161,485.545
47.3854198,8.5472162,485.479
47.3854198,8.5472162,485.479
47.3854207,8.5472154,485.615
47.3854207,8.5472154,485.615
47.3854215,8.5472149,485.658
47.3854215,8.5472149,485.658
47.3854219,8.5472142,485.629
47.3854219,8.5472142,485.629
47.3854225,8.5472138,485.658
47.3854225,8.5472138,485.658
47.3854228,8.5472124,485.658
47.3854228,8.5472124,485.658
47.3854234,8.5472109,485.821
47.3854234,8.5472109,485.821
47.3854249,8.5472101,485.74
47.3854249,8.5472101,485.74
47.3854258,8.5472091,485.601
47.3854258,8.5472091,485.601
47.3854265,8.5472075,485.651
47.3854265,8.5472075,485.651
47.3854268,8.5472055,485.77
47.3854268,8.5472055,485.77
47.3854285,8.5472046,485.882
47.3854285,8.5472046,485.882
47.3854296,8.5472031,485.813
47.3854296,8.5472031,485.813
47.3854306,8.547202,485.777
47.3854306,8.547202,485.777
47.3854314,8.5472015,485.575
47.3854314,8.5472015,485.575
47.3854318,8.5472009,485.388
47.3854318,8.5472009,485.388
47.3854319,8.5471996,485.336
47.3854319,8.5471996,485.336
47.3854325,8.5471982,485.379
47.3854325,8.5471982,485.379
47.385433,8.5471959,485.434
47.385433,8.5471959,485.434
47.3854332,8.5471933,485.324
47.3854332,8.5471933,485.324
47.3854335,8.547191,485.248
47.3854335,8.547191,485.248
47.3854346,8.5471903,485.118
47.3854346,8.5471903,485.118
47.3854346,8.5471882,485.068
47.3854346,8.5471882,485.068
47.3854347,8.5471861,485.151
47.3854347,8.5471861,485.151
47.3854358,8.5471851,485.19
47.3854358,8.5471851,485.19
47.3854364,8.5471834,485.091
47.3854364,8.5471834,485.091
47.3854366,8.5471822,484.883
47.3854366,8.5471822,484.883
47.3854369,8.5471808,484.684
47.3854369,8.5471808,484.684
47.3854374,8.547179,484.699
47.3854374,8.547179,484.699
47.3854379,8.5471772,484.771
47.3854379,8.5471772,484.771
47.3854389,8.5471759,484.734
47.3854389,8.5471759,484.734
47.3854395,8.547174,484.997
47.3854395,8.547174,484.997
47.3854404,8.5471726,485.195
47.3854404,8.5471726,485.195
47.3854415,8.5471722,485.199
47.3854415,8.5471722,485.199
47.3854416,8.5471718,485.086
47.3854416,8.5471718,485.086
47.3854418,8.5471715,485.064
47.3854418,8.5471715,485.064
47.385442,8.5471712,485.059
47.385442,8.5471712,485.059
47.3854425,8.5471705,485.263
47.3854425,8.5471705,485.263
47.3854433,8.5471692,485.635
47.3854433,8.5471692,485.635
47.3854449,8.5471686,485.976
47.3854449,8.5471686,485.976
47.3854461,8.5471675,486.186
47.3854461,8.5471675,486.186
47.3854467,8.5471666,486.165
47.3854467,8.5471666,486.165
47.3854464,8.5471655,485.933
47.3854464,8.5471655,485.933
47.3854469,8.5471644,486.102
47.3854469,8.5471644,486.102
47.3854474,8.5471637,486.001
47.3854474,8.5471637,486.001
47.3854473,8.5471627,486.008
47.3854473,8.5471627,486.008
47.3854475,8.5471621,486.096
47.3854475,8.5471621,486.096
47.3854475,8.5471614,486.235
47.3854475,8.5471614,486.235
47.3854467,8.5471601,486.201
47.3854467,8.5471601,486.201
47.3854465,8.5471587,486.491
47.3854465,8.5471587,486.491
47.3854461,8.5471574,486.586
47.3854461,8.5471574,486.586
47.3854459,8.5471565,486.712
47.3854459,8.5471565,486.712
47.3854459,8.5471552,487.023
47.3854459,8.5471552,487.023
47.3854455,8.5471538,487.113
47.3854455,8.5471538,487.113
47.3854446,8.5471529,486.934
47.3854446,8.5471529,486.934
47.3854439,8.5471515,487.091
47.3854439,8.5471515,487.091
47.3854433,8.5471502,487.251
47.3854433,8.5471502,487.251
47.3854425,8.5471484,487.321
47.3854425,8.5471484,487.321
47.3854424,8.5471471,487.398
47.3854424,8.5471471,487.398
47.3854425,8.547146,487.562
47.3854425,8.547146,487.562
47.3854424,8.547145,487.491
47.3854424,8.547145,487.491
47.3854425,8.547144,487.379
47.3854425,8.547144,487.379
47.3854426,8.5471427,487.444
47.3854426,8.5471427,487.444
47.3854429,8.5471418,487.343
47.3854429,8.5471418,487.343
47.385443,8.5471412,487.324
47.385443,8.5471412,487.324
47.3854433,8.5471403,487.472
47.3854433,8.5471403,487.472
47.3854441,8.5471401,487.551
47.3854441,8.5471401,487.551
47.3854437,8.5471392,487.526
47.3854437,8.5471392,487.526
47.3854427,8.5471378,487.461
47.3854427,8.5471378,487.461
47.3854425,8.5471366,487.448
47.3854425,8.5471366,487.448
47.3854421,8.5471355,487.352
47.3854421,8.5471355,487.352
47.3854418,8.5471347,487.385
47.3854418,8.5471347,487.385
47.3854413,8.5471342,487.446
47.3854413,8.5471342,487.446
47.3854412,8.547134,487.32
47.3854412,8.547134,487.32
47.385441,8.5471335,487.18
47.385441,8.5471335,487.18
47.3854409,8.5471332,487.055
47.3854409,8.5471332,487.055
47.3854404,8.5471322,487.047
47.3854404,8.5471322,487.047
47.3854399,8.5471308,487.331
47.3854399,8.5471308,487.331
47.3854393,8.5471301,487.348
47.3854393,8.5471301,487.348
47.3854385,8.5471298,487.225
47.3854385,8.5471298,487.225
47.3854375,8.5471295,487.079
47.3854375,8.5471295,487.079
47.3854364,8.5471291,486.969
47.3854364,8.5471291,486.969
47.3854354,8.5471288,486.821
47.3854354,8.5471288,486.821
47.3854352,8.5471286,486.802
47.3854352,8.5471286,486.802
47.3854355,8.5471283,486.847
47.3854355,8.5471283,486.847
47.385436,8.547128,486.958
47.385436,8.547128,486.958
47.3854363,8.547128,487.022
47.3854363,8.547128,487.022
47.3854366,8.5471279,487.241
47.3854366,8.5471279,487.241
47.3854365,8.5471278,487.298
47.3854365,8.5471278,487.298
47.3854369,8.5471278,487.472
47.3854369,8.5471278,487.472
47.3854376,8.5471277,487.655
47.3854376,8.5471277,487.655
47.385438,8.5471282,487.466
47.385438,8.5471282,487.466
47.3854383,8.5471291,487.301
47.3854383,8.5471291,487.301
47.3854394,8.5471303,487.196
47.3854394,8.5471303,487.196
47.3854398,8.54713,487.32
47.3854398,8.54713,487.32
47.3854405,8.5471301,487.381
47.3854405,8.5471301,487.381
47.3854411,8.54713,487.538
47.3854411,8.54713,487.538
47.3854425,8.5471305,487.712
47.3854425,8.5471305,487.712
47.3854441,8.5471308,487.95
47.3854441,8.5471308,487.95
47.3854458,8.5471315,488.053
47.3854458,8.5471315,488.053
47.3854477,8.5471326,488.257
47.3854477,8.5471326,488.257
47.3854491,8.5471331,488.535
47.3854491,8.5471331,488.535
47.3854508,8.5471335,488.833
47.3854508,8.5471335,488.833
47.385453,8.5471339,488.953
47.385453,8.5471339,488.953
47.3854538,8.547134,488.894
47.3854538,8.547134,488.894
47.385455,8.5471346,488.806
47.385455,8.5471346,488.806
47.3854558,8.547135,488.664
47.3854558,8.547135,488.664
47.3854564,8.5471352,488.597
47.3854564,8.5471352,488.597
47.3854582,8.5471362,488.571
47.3854582,8.5471362,488.571
47.3854598,8.5471364,488.665
47.3854598,8.5471364,488.665
47.3854619,8.5471368,488.773
47.3854619,8.5471368,488.773
47.3854637,8.5471374,488.93
47.3854637,8.5471374,488.93
47.3854658,8.5471383,489.219
47.3854658,8.5471383,489.219
47.3854673,8.5471387,489.137
47.3854673,8.5471387,489.137
47.3854693,8.5471382,489.353
47.3854693,8.5471382,489.353
47.3854713,8.5471382,489.382
47.3854713,8.5471382,489.382
47.3854731,8.5471381,489.395
47.3854731,8.5471381,489.395
47.3854748,8.5471379,489.612
47.3854748,8.5471379,489.612
47.3854763,8.5471374,489.819
47.3854763,8.5471374,489.819
47.3854782,8.547137,489.954
47.3854782,8.547137,489.954
47.3854793,8.5471367,490.005
47.3854793,8.5471367,490.005
47.3854798,8.5471358,490.076
47.3854798,8.5471358,490.076
47.3854811,8.5471353,490.206
47.3854811,8.5471353,490.206
47.3854827,8.5471349,490.29
47.3854827,8.5471349,490.29
47.3854832,8.5471346,490.155
47.3854832,8.5471346,490.155
47.3854833,8.5471342,489.993
47.3854833,8.5471342,489.993
47.3854836,8.5471336,489.825
47.3854836,8.5471336,489.825
47.3854842,8.5471331,489.641
47.3854842,8.5471331,489.641
47.3854849,8.547133,489.348
47.3854849,8.547133,489.348
47.3854841,8.5471329,488.755
47.3854841,8.5471329,488.755
47.3854834,8.5471332,488.275
47.3854834,8.5471332,488.275
47.3854822,8.5471324,487.824
47.3854822,8.5471324,487.824
47.3854812,8.5471317,487.279
47.3854812,8.5471317,487.279
47.38548,8.5471308,486.735
47.38548,8.5471308,486.735
47.3854798,8.54713,486.366
47.3854798,8.54713,486.366
47.38548,8.5471289,486.123
47.38548,8.5471289,486.123
47.3854802,8.5471284,485.838
47.3854802,8.5471284,485.838
47.3854809,8.5471276,485.941
47.3854809,8.5471276,485.941
47.3854815,8.5471272,485.776
47.3854815,8.5471272,485.776
47.3854826,8.5471266,485.723
47.3854826,8.5471266,485.723
47.385484,8.547126,485.795
47.385484,8.547126,485.795
47.3854848,8.5471254,485.724
47.3854848,8.5471254,485.724
47.3854861,8.5471247,485.678
47.3854861,8.5471247,485.678
47.3854871,8.5471238,485.482
47.3854871,8.5471238,485.482
47.385488,8.5471231,485.318
47.385488,8.5471231,485.318
47.3854887,8.5471222,485.188
47.3854887,8.5471222,485.188
47.3854897,8.547122,485.062
47.3854897,8.547122,485.062
47.3854904,8.5471213,484.997
47.3854904,8.5471213,484.997
47.385491,8.5471207,484.876
47.385491,8.5471207,484.876
47.3854922,8.5471198,485.099
47.3854922,8.5471198,485.099
47.3854927,8.5471186,485.037
47.3854927,8.5471186,485.037
47.3854943,8.547118,485.004
47.3854943,8.547118,485.004
47.3854954,8.5471172,484.999
47.3854954,8.5471172,484.999
47.3854963,8.5471165,484.959
47.3854963,8.5471165,484.959
47.3854976,8.5471154,485.082
47.3854976,8.5471154,485.082
47.3854984,8.5471138,484.944
47.3854984,8.5471138,484.944
47.3854989,8.5471121,485.092
47.3854989,8.5471121,485.092
47.3854998,8.5471112,485.071
47.3854998,8.5471112,485.071
47.3855001,8.54711,484.988
47.3855001,8.54711,484.988
47.3855007,8.547109,484.942
47.3855007,8.547109,484.942
47.3855011,8.5471077,484.873
47.3855011,8.5471077,484.873
47.3855018,8.547107,484.703
47.3855018,8.547107,484.703
47.385502,8.547106,484.534
47.385502,8.547106,484.534
47.3855024,8.5471049,484.346
47.3855024,8.5471049,484.346
47.3855029,8.5471043,484.213
47.3855029,8.5471043,484.213
47.3855036,8.5471034,484.212
47.3855036,8.5471034,484.212
47.385505,8.5471045,483.667
47.385505,8.5471045,483.667
47.3855054,8.5471048,483.279
47.3855054,8.5471048,483.279
47.3855068,8.5471057,482.767
47.3855068,8.5471057,482.767
47.3855083,8.5471062,482.473
47.3855083,8.5471062,482.473
47.3855099,8.5471075,481.903
47.3855099,8.5471075,481.903
47.3855107,8.5471072,481.501
47.3855107,8.5471072,481.501
47.3855114,8.5471075,481.052
47.3855114,8.5471075,481.052
47.3855119,8.5471073,480.789
47.3855119,8.5471073,480.789
47.385513,8.5471069,480.704
47.385513,8.5471069,480.704
47.3855152,8.5471072,480.661
47.3855152,8.5471072,480.661
47.3855175,8.5471071,480.611
47.3855175,8.5471071,480.611
47.3855195,8.5471058,480.834
47.3855195,8.5471058,480.834
47.3855207,8.5471037,481.213
47.3855207,8.5471037,481.213
47.3855225,8.5471031,481.164
47.3855225,8.5471031,481.164
47.3855242,8.5471025,481.273
47.3855242,8.5471025,481.273
47.3855244,8.5471008,481.274
47.3855244,8.5471008,481.274
47.3855252,8.5470992,481.422
47.3855252,8.5470992,481.422
47.3855262,8.5470974,481.547
47.3855262,8.5470974,481.547
47.385527,8.5470956,481.728
47.385527,8.5470956,481.728
47.3855276,8.5470932,481.879
47.3855276,8.5470932,481.879
47.3855278,8.5470906,482.225
47.3855278,8.5470906,482.225
47.3855285,8.547089,482.289
47.3855285,8.547089,482.289
47.3855288,8.5470865,482.397
47.3855288,8.5470865,482.397
47.3855289,8.5470842,482.405
47.3855289,8.5470842,482.405
47.3855289,8.5470819,482.474
47.3855289,8.5470819,482.474
47.3855286,8.5470796,482.562
47.3855286,8.5470796,482.562
47.3855285,8.5470773,482.728
47.3855285,8.5470773,482.728
47.3855282,8.5470749,482.859
47.3855282,8.5470749,482.859
47.385528,8.5470732,482.881
47.385528,8.5470732,482.881
47.3855279,8.5470709,483.006
47.3855279,8.5470709,483.006
47.3855286,8.5470694,483.016
47.3855286,8.5470694,483.016
47.3855305,8.5470686,482.925
47.3855305,8.5470686,482.925
47.3855318,8.5470673,482.954
47.3855318,8.5470673,482.954
47.3855323,8.5470657,483.006
47.3855323,8.5470657,483.006
47.385533,8.5470639,483.109
47.385533,8.5470639,483.109
47.3855335,8.5470618,483.245
47.3855335,8.5470618,483.245
47.3855341,8.5470598,483.354
47.3855341,8.5470598,483.354
47.385535,8.5470577,483.514
47.385535,8.5470577,483.514
47.3855363,8.5470555,483.658
47.3855363,8.5470555,483.658
47.3855376,8.5470537,483.723
47.3855376,8.5470537,483.723
47.3855392,8.5470519,483.901
47.3855392,8.5470519,483.901
47.3855408,8.5470503,484.024
47.3855408,8.5470503,484.024
47.3855423,8.5470485,484.28
47.3855423,8.5470485,484.28
47.3855433,8.5470464,484.515
47.3855433,8.5470464,484.515
47.385544,8.547044,484.776
47.385544,8.547044,484.776
47.3855449,8.547042,484.967
47.3855449,8.547042,484.967
47.3855462,8.5470397,485.302
47.3855462,8.5470397,485.302
47.3855474,8.5470384,485.311
47.3855474,8.5470384,485.311
47.3855487,8.5470369,485.354
47.3855487,8.5470369,485.354
47.3855499,8.5470351,485.414
47.3855499,8.5470351,485.414
47.3855512,8.5470331,485.641
47.3855512,8.5470331,485.641
47.3855522,8.5470314,485.619
47.3855522,8.5470314,485.619
47.3855544,8.5470305,485.69
47.3855544,8.5470305,485.69
47.3855563,8.5470288,485.827
47.3855563,8.5470288,485.827
47.3855579,8.5470274,486.029
47.3855579,8.5470274,486.029
47.3855602,8.5470266,486.159
47.3855602,8.5470266,486.159
47.385562,8.5470255,486.333
47.385562,8.5470255,486.333
47.3855635,8.5470244,486.368
47.3855635,8.5470244,486.368
47.3855653,8.5470229,486.475
47.3855653,8.5470229,486.475
47.3855673,8.5470218,486.514
47.3855673,8.5470218,486.514
47.3855693,8.5470208,486.523
47.3855693,8.5470208,486.523
47.385571,8.5470197,486.619
47.385571,8.5470197,486.619
47.3855733,8.5470194,486.692
47.3855733,8.5470194,486.692
47.3855758,8.5470192,486.821
47.3855758,8.5470192,486.821
47.3855779,8.5470191,486.859
47.3855779,8.5470191,486.859
47.3855803,8.5470192,487.061
47.3855803,8.5470192,487.061
47.3855828,8.5470198,487.123
47.3855828,8.5470198,487.123
47.3855849,8.54702,487.179
47.3855849,8.54702,487.179
47.3855872,8.5470199,487.334
47.3855872,8.5470199,487.334
47.3855894,8.5470194,487.475
47.3855894,8.5470194,487.475
47.3855923,8.5470189,487.708
47.3855923,8.5470189,487.708
47.3855953,8.5470189,487.881
47.3855953,8.5470189,487.881
47.3855983,8.5470185,488.146
47.3855983,8.5470185,488.146
47.3856011,8.5470185,488.303
47.3856011,8.5470185,488.303
47.385604,8.5470183,488.545
47.385604,8.5470183,488.545
47.3856068,8.5470179,488.842
47.3856068,8.5470179,488.842
47.3856101,8.5470181,489.152
47.3856101,8.5470181,489.152
47.3856124,8.5470173,489.308
47.3856124,8.5470173,489.308
47.3856147,8.5470163,489.476
47.3856147,8.5470163,489.476
47.3856172,8.5470155,489.615
47.3856172,8.5470155,489.615
47.3856194,8.5470143,489.709
47.3856194,8.5470143,489.709
47.3856217,8.5470136,489.867
47.3856217,8.5470136,489.867
47.3856237,8.5470122,489.983
47.3856237,8.5470122,489.983
47.385626,8.547011,490.081
47.385626,8.547011,490.081
47.3856281,8.5470103,490.17
47.3856281,8.5470103,490.17
47.3856305,8.5470096,490.247
47.3856305,8.5470096,490.247
47.3856328,8.5470094,490.232
47.3856328,8.5470094,490.232
47.3856348,8.5470092,490.417
47.3856348,8.5470092,490.417
47.3856369,8.5470091,490.52
47.3856369,8.5470091,490.52
47.3856388,8.5470091,490.587
47.3856388,8.5470091,490.587
47.3856406,8.5470086,490.672
47.3856406,8.5470086,490.672
47.385643,8.5470087,490.7
47.385643,8.5470087,490.7
47.3856441,8.5470077,490.768
47.3856441,8.5470077,490.768
47.3856453,8.5470067,490.768
47.3856453,8.5470067,490.768
47.3856467,8.5470062,490.754
47.3856467,8.5470062,490.754
47.3856483,8.547006,490.729
47.3856483,8.547006,490.729
47.3856489,8.5470053,490.615
47.3856489,8.5470053,490.615
47.3856499,8.547005,490.524
47.3856499,8.547005,490.524
47.3856517,8.5470052,490.454
47.3856517,8.5470052,490.454
47.3856536,8.5470057,490.433
47.3856536,8.5470057,490.433
47.3856551,8.5470059,490.382
47.3856551,8.5470059,490.382
47.3856569,8.5470058,490.284
47.3856569,8.5470058,490.284
47.3856582,8.5470053,490.248
47.3856582,8.5470053,490.248
47.3856589,8.5470047,489.963
47.3856589,8.5470047,489.963
47.3856606,8.5470045,489.962
47.3856606,8.5470045,489.962
47.3856611,8.5470034,489.766
47.3856611,8.5470034,489.766
47.3856621,8.5470025,489.57
47.3856621,8.5470025,489.57
47.385662,8.5470004,489.439
47.385662,8.5470004,489.439
47.3856628,8.5469995,489.477
47.3856628,8.5469995,489.477
47.3856643,8.5469994,489.493
47.3856643,8.5469994,489.493
47.3856643,8.5469977,489.351
47.3856643,8.5469977,489.351
47.3856663,8.5469974,489.413
47.3856663,8.5469974,489.413
47.3856669,8.5469963,489.369
47.3856669,8.5469963,489.369
47.385667,8.5469945,489.351
47.385667,8.5469945,489.351
47.3856668,8.5469933,489.231
47.3856668,8.5469933,489.231
47.3856668,8.546992,488.942
47.3856668,8.546992,488.942
47.3856665,8.5469901,488.773
47.3856665,8.5469901,488.773
47.3856674,8.5469889,488.675
47.3856674,8.5469889,488.675
47.3856673,8.5469872,488.494
47.3856673,8.5469872,488.494
47.3856676,8.546986,488.355
47.3856676,8.546986,488.355
47.3856678,8.5469843,488.198
47.3856678,8.5469843,488.198
47.3856681,8.5469826,488.221
47.3856681,8.5469826,488.221
47.3856687,8.5469812,488.175
47.3856687,8.5469812,488.175
47.3856692,8.5469799,488.145
47.3856692,8.5469799,488.145
47.3856694,8.5469785,488.08
47.3856694,8.5469785,488.08
47.3856698,8.5469772,488.011
47.3856698,8.5469772,488.011
47.3856699,8.5469759,487.971
47.3856699,8.5469759,487.971
47.3856707,8.5469744,487.969
47.3856707,8.5469744,487.969
47.3856712,8.5469729,488.01
47.3856712,8.5469729,488.01
47.385672,8.5469716,487.98
47.385672,8.5469716,487.98
47.3856718,8.5469695,487.928
47.3856718,8.5469695,487.928
47.3856721,8.5469672,487.939
47.3856721,8.5469672,487.939
47.3856727,8.5469651,487.907
47.3856727,8.5469651,487.907
47.3856727,8.5469624,487.823
47.3856727,8.5469624,487.823
47.3856727,8.5469603,487.682
47.3856727,8.5469603,487.682
47.3856722,8.5469578,487.635
47.3856722,8.5469578,487.635
47.3856717,8.5469552,487.597
47.3856717,8.5469552,487.597
47.3856727,8.5469534,487.717
47.3856727,8.5469534,487.717
47.3856735,8.5469516,487.775
47.3856735,8.5469516,487.775
47.3856744,8.5469496,487.816
47.3856744,8.5469496,487.816
47.3856759,8.5469473,487.906
47.3856759,8.5469473,487.906
47.3856764,8.5469446,487.779
47.3856764,8.5469446,487.779
47.3856774,8.5469427,487.753
47.3856774,8.5469427,487.753
47.3856782,8.5469401,487.916
47.3856782,8.5469401,487.916
47.3856793,8.5469379,487.96
47.3856793,8.5469379,487.96
47.385681,8.5469359,488.04
47.385681,8.5469359,488.04
47.3856819,8.5469337,488.048
47.3856819,8.5469337,488.048
47.385683,8.5469315,488.128
47.385683,8.5469315,488.128
47.3856833,8.5469291,488.043
47.3856833,8.5469291,488.043
47.385684,8.5469266,488.077
47.385684,8.5469266,488.077
47.3856848,8.546924,488.011
47.3856848,8.546924,488.011
47.385686,8.5469212,488.073
47.385686,8.5469212,488.073
47.3856869,8.5469193,487.877
47.3856869,8.5469193,487.877
47.3856879,8.5469172,487.765
47.3856879,8.5469172,487.765
47.3856885,8.5469152,487.553
47.3856885,8.5469152,487.553
47.385689,8.5469131,487.362
47.385689,8.5469131,487.362
47.3856896,8.5469112,487.151
47.3856896,8.5469112,487.151
47.3856901,8.5469093,486.894
47.3856901,8.5469093,486.894
47.3856911,8.5469082,486.626
47.3856911,8.5469082,486.626
47.3856924,8.5469067,486.534
47.3856924,8.5469067,486.534
47.3856931,8.5469054,486.311
47.3856931,8.5469054,486.311
47.3856942,8.546904,486.137
47.3856942,8.546904,486.137
47.3856952,8.5469022,485.925
47.3856952,8.5469022,485.925
47.3856962,8.546901,485.605
47.3856962,8.546901,485.605
47.3856971,8.5468998,485.304
47.3856971,8.5468998,485.304
47.3856984,8.5468987,485.117
47.3856984,8.5468987,485.117
47.3856993,8.5468979,484.878
47.3856993,8.5468979,484.878
47.3857001,8.5468969,484.688
47.3857001,8.5468969,484.688
47.3857008,8.5468955,484.513
47.3857008,8.5468955,484.513
47.3857011,8.5468934,484.39
47.3857011,8.5468934,484.39
47.3857015,8.5468909,484.292
47.3857015,8.5468909,484.292
47.3857021,8.5468892,484.144
47.3857021,8.5468892,484.144
47.3857029,8.5468881,483.934
47.3857029,8.5468881,483.934
47.3857032,8.5468861,483.868
47.3857032,8.5468861,483.868
47.3857038,8.5468844,483.712
47.3857038,8.5468844,483.712
47.3857046,8.5468831,483.415
47.3857046,8.5468831,483.415
47.3857057,8.546882,483.235
47.3857057,8.546882,483.235
47.3857059,8.5468804,482.987
47.3857059,8.5468804,482.987
47.3857072,8.5468794,482.769
47.3857072,8.5468794,482.769
47.3857078,8.5468778,482.52
47.3857078,8.5468778,482.52
47.3857085,8.5468762,482.272
47.3857085,8.5468762,482.272
47.3857093,8.546874,482.341
47.3857093,8.546874,482.341
47.3857093,8.5468716,482.221
47.3857093,8.5468716,482.221
47.3857098,8.5468693,482.119
47.3857098,8.5468693,482.119
47.3857104,8.5468672,482.17
47.3857104,8.5468672,482.17
47.3857111,8.5468647,482.25
47.3857111,8.5468647,482.25
47.3857117,8.5468621,482.409
47.3857117,8.5468621,482.409
47.3857113,8.5468594,482.301
47.3857113,8.5468594,482.301
47.3857118,8.5468572,482.497
47.3857118,8.5468572,482.497
47.3857124,8.5468554,482.388
47.3857124,8.5468554,482.388
47.3857127,8.5468538,482.192
47.3857127,8.5468538,482.192
47.385713,8.5468515,482.296
47.385713,8.5468515,482.296
47.3857135,8.5468495,482.166
47.3857135,8.5468495,482.166
47.3857144,8.5468483,481.992
47.3857144,8.5468483,481.992
47.3857158,8.5468471,481.893
47.3857158,8.5468471,481.893
47.3857173,8.5468465,481.896
47.3857173,8.5468465,481.896
47.3857186,8.5468453,482.002
47.3857186,8.5468453,482.002
47.3857196,8.5468439,481.963
47.3857196,8.5468439,481.963
47.3857198,8.5468418,481.87
47.3857198,8.5468418,481.87
47.3857204,8.54684,481.872
47.3857204,8.54684,481.872
47.3857204,8.546838,481.956
47.3857204,8.546838,481.956
47.3857207,8.546836,482.031
47.3857207,8.546836,482.031
47.3857215,8.5468343,482.07
47.3857215,8.5468343,482.07
47.3857226,8.5468329,482.024
47.3857226,8.5468329,482.024
47.3857232,8.5468309,482.018
47.3857232,8.5468309,482.018
47.3857238,8.5468289,481.999
47.3857238,8.5468289,481.999
47.3857245,8.5468269,482.0
47.3857245,8.5468269,482.0
47.385725,8.5468248,482.095
47.385725,8.5468248,482.095
47.3857248,8.5468224,482.259
47.3857248,8.5468224,482.259
47.3857245,8.5468197,482.418
47.3857245,8.5468197,482.418
47.3857247,8.5468175,482.298
47.3857247,8.5468175,482.298
47.3857255,8.5468156,482.187
47.3857255,8.5468156,482.187
47.385727,8.5468143,482.148
47.385727,8.5468143,482.148
47.3857289,8.5468136,482.055
47.3857289,8.5468136,482.055
47.3857304,8.5468127,482.028
47.3857304,8.5468127,482.028
47.3857311,8.5468112,481.836
47.3857311,8.5468112,481.836
47.3857315,8.5468089,481.907
47.3857315,8.5468089,481.907
47.385732,8.5468069,481.915
47.385732,8.5468069,481.915
47.3857324,8.5468042,482.125
47.3857324,8.5468042,482.125
47.3857325,8.5468014,482.246
47.3857325,8.5468014,482.246
47.3857331,8.5467995,482.265
47.3857331,8.5467995,482.265
47.3857337,8.5467978,482.213
47.3857337,8.5467978,482.213
47.3857348,8.5467965,482.366
47.3857348,8.5467965,482.366
47.3857356,8.5467956,482.202
47.3857356,8.5467956,482.202
47.3857363,8.5467944,481.967
47.3857363,8.5467944,481.967
47.3857378,8.5467935,481.816
47.3857378,8.5467935,481.816
47.3857386,8.5467936,481.42
47.3857386,8.5467936,481.42
47.3857402,8.5467936,481.238
47.3857402,8.5467936,481.238
47.3857425,8.5467932,481.248
47.3857425,8.5467932,481.248
47.3857439,8.5467928,480.994
47.3857439,8.5467928,480.994
47.3857454,8.5467916,481.061
47.3857454,8.5467916,481.061
47.3857465,8.5467902,481.004
47.3857465,8.5467902,481.004
47.3857477,8.546789,480.89
47.3857477,8.546789,480.89
47.3857487,8.5467876,480.631
47.3857487,8.5467876,480.631
47.3857493,8.5467852,480.486
47.3857493,8.5467852,480.486
47.38575,8.5467829,480.45
47.38575,8.5467829,480.45
47.3857511,8.5467814,480.424
47.3857511,8.5467814,480.424
47.3857525,8.5467803,480.318
47.3857525,8.5467803,480.318
47.3857539,8.5467793,480.098
47.3857539,8.5467793,480.098
47.3857554,8.5467785,479.882
47.3857554,8.5467785,479.882
47.3857566,8.5467769,479.771
47.3857566,8.5467769,479.771
47.3857576,8.5467751,479.747
47.3857576,8.5467751,479.747
47.3857588,8.546774,479.567
47.3857588,8.546774,479.567
47.3857604,8.5467725,479.469
47.3857604,8.5467725,479.469
47.3857623,8.5467705,479.612
47.3857623,8.5467705,479.612
47.3857637,8.5467685,479.669
47.3857637,8.5467685,479.669
47.3857653,8.5467664,479.892
47.3857653,8.5467664,479.892
47.3857664,8.5467643,479.923
47.3857664,8.5467643,479.923
47.3857671,8.5467623,479.9
47.3857671,8.5467623,479.9
47.3857681,8.5467613,479.786
47.3857681,8.5467613,479.786
47.3857692,8.5467593,479.787
47.3857692,8.5467593,479.787
47.3857701,8.5467568,479.894
47.3857701,8.5467568,479.894
47.3857707,8.5467557,479.495
47.3857707,8.5467557,479.495
47.3857729,8.5467549,479.661
47.3857729,8.5467549,479.661
47.3857747,8.5467546,479.382
47.3857747,8.5467546,479.382
47.3857765,8.5467542,479.286
47.3857765,8.5467542,479.286
47.3857779,8.5467528,479.412
47.3857779,8.5467528,479.412
47.3857788,8.5467512,479.433
47.3857788,8.5467512,479.433
47.38578,8.5467502,479.419
47.38578,8.5467502,479.419
47.3857818,8.5467492,479.42
47.3857818,8.5467492,479.42
47.3857836,8.5467481,479.499
47.3857836,8.5467481,479.499
47.3857851,8.5467472,479.417
47.3857851,8.5467472,479.417
47.3857862,8.5467462,479.351
47.3857862,8.5467462,479.351
47.3857877,8.5467456,479.279
47.3857877,8.5467456,479.279
47.3857875,8.5467442,479.169
47.3857875,8.5467442,479.169
47.385788,8.5467424,479.386
47.385788,8.5467424,479.386
47.3857891,8.5467415,479.32
47.3857891,8.5467415,479.32
47.3857906,8.5467418,479.163
47.3857906,8.5467418,479.163
47.3857934,8.5467428,479.34
47.3857934,8.5467428,479.34
47.3857954,8.5467426,479.664
47.3857954,8.5467426,479.664
47.3857967,8.5467418,479.893
47.3857967,8.5467418,479.893
47.3857966,8.546739,480.209
47.3857966,8.546739,480.209
47.3857963,8.5467363,480.125
47.3857963,8.5467363,480.125
47.3857961,8.5467341,479.975
47.3857961,8.5467341,479.975
47.3857971,8.5467331,479.951
47.3857971,8.5467331,479.951
47.3857983,8.546733,479.843
47.3857983,8.546733,479.843
47.3857995,8.5467333,479.575
47.3857995,8.5467333,479.575
47.3858003,8.5467325,479.149
47.3858003,8.5467325,479.149
47.3858027,8.5467325,479.105
47.3858027,8.5467325,479.105
47.3858026,8.5467302,478.904
47.3858026,8.5467302,478.904
47.3858042,8.5467287,479.166
47.3858042,8.5467287,479.166
47.3858053,8.5467276,479.225
47.3858053,8.5467276,479.225
47.3858062,8.5467256,479.487
47.3858062,8.5467256,479.487
47.3858074,8.5467237,479.719
47.3858074,8.5467237,479.719
47.3858091,8.5467223,479.916
47.3858091,8.5467223,479.916
47.3858109,8.5467214,479.923
47.3858109,8.5467214,479.923
47.3858125,8.5467202,479.892
47.3858125,8.5467202,479.892
47.3858134,8.5467185,479.762
47.3858134,8.5467185,479.762
47.3858146,8.5467175,479.723
47.3858146,8.5467175,479.723
47.3858162,8.5467169,479.708
47.3858162,8.5467169,479.708
47.3858166,8.5467157,479.678
47.3858166,8.5467157,479.678
47.3858174,8.5467148,479.595
47.3858174,8.5467148,479.595
47.385818,8.5467134,479.655
47.385818,8.5467134,479.655
47.3858192,8.5467122,479.653
47.3858192,8.5467122,479.653
47.3858201,8.5467106,479.577
47.3858201,8.5467106,479.577
47.385821,8.5467093,479.529
47.385821,8.5467093,479.529
47.3858217,8.5467079,479.524
47.3858217,8.5467079,479.524
47.3858221,8.5467059,479.625
47.3858221,8.5467059,479.625
47.3858231,8.5467048,479.563
47.3858231,8.5467048,479.563
47.3858239,8.5467034,479.71
47.3858239,8.5467034,479.71
47.385825,8.5467029,479.631
47.385825,8.5467029,479.631
47.3858266,8.5467011,479.815
47.3858266,8.5467011,479.815
47.3858276,8.5466995,479.84
47.3858276,8.5466995,479.84
47.3858288,8.5466985,479.858
47.3858288,8.5466985,479.858
47.3858301,8.5466974,479.869
47.3858301,8.5466974,479.869
47.3858319,8.5466967,479.765
47.3858319,8.5466967,479.765
47.3858331,8.5466957,479.727
47.3858331,8.5466957,479.727
47.3858342,8.5466944,479.792
47.3858342,8.5466944,479.792
47.3858349,8.5466923,480.063
47.3858349,8.5466923,480.063
47.3858353,8.5466902,480.38
47.3858353,8.5466902,480.38
47.385836,8.5466884,480.565
47.385836,8.5466884,480.565
47.3858373,8.5466869,480.938
47.3858373,8.5466869,480.938
47.3858384,8.5466854,480.941
47.3858384,8.5466854,480.941
47.3858394,8.5466839,480.934
47.3858394,8.5466839,480.934
47.3858403,8.5466824,480.918
47.3858403,8.5466824,480.918
47.3858414,8.546681,480.891
47.3858414,8.546681,480.891
47.3858428,8.5466798,480.903
47.3858428,8.5466798,480.903
47.3858433,8.5466774,480.773
47.3858433,8.5466774,480.773
47.3858445,8.5466754,480.899
47.3858445,8.5466754,480.899
47.3858458,8.5466741,480.86
47.3858458,8.5466741,480.86
47.3858473,8.546673,480.899
47.3858473,8.546673,480.899
47.3858483,8.5466713,481.054
47.3858483,8.5466713,481.054
47.3858495,8.5466698,481.136
47.3858495,8.5466698,481.136
47.3858512,8.5466683,481.294
47.3858512,8.5466683,481.294
47.3858511,8.5466658,481.224
47.3858511,8.5466658,481.224
47.3858507,8.5466623,481.202
47.3858507,8.5466623,481.202
47.3858515,8.5466594,481.195
47.3858515,8.5466594,481.195
47.3858519,8.5466562,481.257
47.3858519,8.5466562,481.257
47.3858525,8.5466535,481.265
47.3858525,8.5466535,481.265
47.3858534,8.5466509,481.296
47.3858534,8.5466509,481.296
47.3858554,8.5466497,481.342
47.3858554,8.5466497,481.342
47.3858557,8.5466477,481.185
47.3858557,8.5466477,481.185
47.3858571,8.5466464,481.24
47.3858571,8.5466464,481.24
47.3858572,8.5466439,481.16
47.3858572,8.5466439,481.16
47.3858571,8.5466416,481.065
47.3858571,8.5466416,481.065
47.3858568,8.5466394,481.037
47.3858568,8.5466394,481.037
47.385856,8.5466364,480.914
47.385856,8.5466364,480.914
47.3858556,8.5466337,480.911
47.3858556,8.5466337,480.911
47.3858551,8.5466316,480.749
47.3858551,8.5466316,480.749
47.3858547,8.5466291,480.553
47.3858547,8.5466291,480.553
47.3858553,8.5466269,480.548
47.3858553,8.5466269,480.548
47.3858551,8.5466246,480.341
47.3858551,8.5466246,480.341
47.3858552,8.5466226,480.222
47.3858552,8.5466226,480.222
47.3858551,8.5466207,480.022
47.3858551,8.5466207,480.022
47.3858556,8.546619,479.956
47.3858556,8.546619,479.956
47.3858566,8.5466173,479.971
47.3858566,8.5466173,479.971
47.3858573,8.5466162,479.833
47.3858573,8.5466162,479.833
47.3858575,8.5466144,479.783
47.3858575,8.5466144,479.783
47.3858582,8.5466134,479.722
47.3858582,8.5466134,479.722
47.3858592,8.5466119,479.774
47.3858592,8.5466119,479.774
47.3858609,8.5466108,479.902
47.3858609,8.5466108,479.902
47.3858627,8.5466094,480.091
47.3858627,8.5466094,480.091
47.3858643,8.5466083,480.141
47.3858643,8.5466083,480.141
47.3858664,8.5466071,480.306
47.3858664,8.5466071,480.306
47.3858676,8.5466059,480.223
47.3858676,8.5466059,480.223
47.3858686,8.5466044,480.279
47.3858686,8.5466044,480.279
47.38587,8.546603,480.408
47.38587,8.546603,480.408
47.3858721,8.5466018,480.56
47.3858721,8.5466018,480.56
47.3858728,8.5466004,480.458
47.3858728,8.5466004,480.458
47.3858738,8.5465981,480.43
47.3858738,8.5465981,480.43
47.3858756,8.5465961,480.553
47.3858756,8.5465961,480.553
47.3858776,8.5465946,480.756
47.3858776,8.5465946,480.756
47.3858796,8.5465939,480.726
47.3858796,8.5465939,480.726
47.38588,8.5465921,480.466
47.38588,8.5465921,480.466
47.3858822,8.546591,480.544
47.3858822,8.546591,480.544
47.3858828,8.5465887,480.363
47.3858828,8.5465887,480.363
47.3858845,8.5465874,480.258
47.3858845,8.5465874,480.258
47.3858858,8.5465857,480.086
47.3858858,8.5465857,480.086
47.3858877,8.5465847,480.152
47.3858877,8.5465847,480.152
47.3858888,8.5465831,480.112
47.3858888,8.5465831,480.112
47.3858894,8.5465807,480.07
47.3858894,8.5465807,480.07
47.3858896,8.5465789,479.715
47.3858896,8.5465789,479.715
47.3858909,8.546577,479.65
47.3858909,8.546577,479.65
47.3858929,8.546576,479.658
47.3858929,8.546576,479.658
47.3858941,8.5465755,479.309
47.3858941,8.5465755,479.309
47.3858957,8.5465752,479.221
47.3858957,8.5465752,479.221
47.3858968,8.5465738,479.146
47.3858968,8.5465738,479.146
47.385898,8.5465726,479.03
47.385898,8.5465726,479.03
47.385899,8.5465705,478.994
47.385899,8.5465705,478.994
47.3859004,8.546569,478.978
47.3859004,8.546569,478.978
47.3859017,8.5465671,479.029
47.3859017,8.5465671,479.029
47.3859031,8.5465652,479.084
47.3859031,8.5465652,479.084
47.3859045,8.5465641,479.096
47.3859045,8.5465641,479.096
47.3859061,8.5465625,479.113
47.3859061,8.5465625,479.113
47.3859083,8.5465611,479.156
47.3859083,8.5465611,479.156
47.3859094,8.5465591,479.087
47.3859094,8.5465591,479.087
47.3859111,8.5465578,479.104
47.3859111,8.5465578,479.104
47.3859125,8.5465568,479.031
47.3859125,8.5465568,479.031
47.3859132,8.5465559,478.872
47.3859132,8.5465559,478.872
47.3859125,8.546553,478.563
47.3859125,8.546553,478.563
47.3859141,8.5465514,478.658
47.3859141,8.5465514,478.658
47.3859147,8.5465495,478.633
47.3859147,8.5465495,478.633
47.3859157,8.5465475,478.643
47.3859157,8.5465475,478.643
47.3859166,8.5465455,478.707
47.3859166,8.5465455,478.707
47.3859169,8.5465435,478.706
47.3859169,8.5465435,478.706
47.3859183,8.5465421,478.862
47.3859183,8.5465421,478.862
47.3859193,8.5465397,478.858
47.3859193,8.5465397,478.858
47.3859194,8.5465377,478.713
47.3859194,8.5465377,478.713
47.3859205,8.5465359,478.837
47.3859205,8.5465359,478.837
47.3859206,8.5465331,478.807
47.3859206,8.5465331,478.807
47.385921,8.5465298,478.937
47.385921,8.5465298,478.937
47.3859222,8.5465273,479.099
47.3859222,8.5465273,479.099
47.3859243,8.5465255,479.454
47.3859243,8.5465255,479.454
47.3859246,8.5465223,479.528
47.3859246,8.5465223,479.528
47.3859253,8.5465189,479.692
47.3859253,8.5465189,479.692
47.3859253,8.5465156,479.735
47.3859253,8.5465156,479.735
47.3859257,8.5465131,479.767
47.3859257,8.5465131,479.767
47.3859262,8.5465105,479.793
47.3859262,8.5465105,479.793
47.3859268,8.5465083,479.808
47.3859268,8.5465083,479.808
47.3859271,8.5465058,479.89
47.3859271,8.5465058,479.89
47.3859274,8.5465035,480.006
47.3859274,8.5465035,480.006
47.3859286,8.5465025,480.189
47.3859286,8.5465025,480.189
47.3859293,8.5465011,480.238
47.3859293,8.5465011,480.238
47.3859283,8.5464983,480.081
47.3859283,8.5464983,480.081
47.3859287,8.5464961,480.193
47.3859287,8.5464961,480.193
47.385929,8.5464936,480.253
47.385929,8.5464936,480.253
47.3859296,8.5464915,480.295
47.3859296,8.5464915,480.295
47.3859305,8.5464894,480.49
47.3859305,8.5464894,480.49
47.3859316,8.5464876,480.621
47.3859316,8.5464876,480.621
47.3859328,8.5464856,480.803
47.3859328,8.5464856,480.803
47.3859338,8.5464837,480.868
47.3859338,8.5464837,480.868
47.3859355,8.5464816,481.008
47.3859355,8.5464816,481.008
47.3859372,8.5464803,480.907
47.3859372,8.5464803,480.907
47.3859385,8.5464786,480.896
47.3859385,8.5464786,480.896
47.3859406,8.5464765,481.263
47.3859406,8.5464765,481.263
47.3859423,8.5464748,481.297
47.3859423,8.5464748,481.297
47.3859441,8.5464736,481.248
47.3859441,8.5464736,481.248
47.3859459,8.5464721,481.314
47.3859459,8.5464721,481.314
47.3859482,8.5464705,481.52
47.3859482,8.5464705,481.52
47.3859506,8.5464691,481.673
47.3859506,8.5464691,481.673
47.3859525,8.5464674,481.855
47.3859525,8.5464674,481.855
47.3859543,8.5464657,481.942
47.3859543,8.5464657,481.942
47.385956,8.5464639,481.829
47.385956,8.5464639,481.829
47.3859579,8.5464622,481.995
47.3859579,8.5464622,481.995
47.3859594,8.5464602,481.96
47.3859594,8.5464602,481.96
47.3859613,8.5464582,482.292
47.3859613,8.5464582,482.292
47.3859629,8.5464568,482.36
47.3859629,8.5464568,482.36
47.3859645,8.5464548,482.507
47.3859645,8.5464548,482.507
47.3859659,8.5464527,482.633
47.3859659,8.5464527,482.633
47.3859675,8.5464504,482.843
47.3859675,8.5464504,482.843
47.3859683,8.5464477,482.708
47.3859683,8.5464477,482.708
47.38597,8.5464452,482.855
47.38597,8.5464452,482.855
47.3859715,8.5464426,482.94
47.3859715,8.5464426,482.94
47.3859723,8.54644,482.995
47.3859723,8.54644,482.995
47.3859734,8.5464378,482.925
47.3859734,8.5464378,482.925
47.3859739,8.546435,482.74
47.3859739,8.546435,482.74
47.3859747,8.5464315,482.76
47.3859747,8.5464315,482.76
47.3859757,8.5464285,482.687
47.3859757,8.5464285,482.687
47.3859769,8.5464256,482.711
47.3859769,8.5464256,482.711
47.3859771,8.546423,482.562
47.3859771,8.546423,482.562
47.3859775,8.546421,482.466
47.3859775,8.546421,482.466
47.3859783,8.5464189,482.414
47.3859783,8.5464189,482.414
47.3859798,8.5464173,482.4
47.3859798,8.5464173,482.4
47.3859813,8.5464156,482.369
47.3859813,8.5464156,482.369
47.3859824,8.5464136,482.364
47.3859824,8.5464136,482.364
47.3859836,8.5464115,482.323
47.3859836,8.5464115,482.323
47.3859847,8.546409,482.219
47.3859847,8.546409,482.219
47.3859859,8.5464071,482.229
47.3859859,8.5464071,482.229
47.3859868,8.5464048,482.03
47.3859868,8.5464048,482.03
47.3859881,8.5464023,481.969
47.3859881,8.5464023,481.969
47.3859888,8.5464,481.73
47.3859888,8.5464,481.73
47.3859901,8.5463984,481.618
47.3859901,8.5463984,481.618
47.3859913,8.5463965,481.465
47.3859913,8.5463965,481.465
47.3859924,8.546395,481.296
47.3859924,8.546395,481.296
47.3859933,8.5463938,481.012
47.3859933,8.5463938,481.012
47.385995,8.5463928,480.84
47.385995,8.5463928,480.84
47.3859968,8.5463918,480.589
47.3859968,8.5463918,480.589
47.3859981,8.5463904,480.375
47.3859981,8.5463904,480.375
47.3859997,8.5463887,480.284
47.3859997,8.5463887,480.284
47.3860009,8.5463875,480.083
47.3860009,8.5463875,480.083
47.386002,8.5463865,479.78
47.386002,8.5463865,479.78
47.3860032,8.5463846,479.649
47.3860032,8.5463846,479.649
47.3860051,8.5463836,479.662
47.3860051,8.5463836,479.662
47.386006,8.5463819,479.62
47.386006,8.5463819,479.62
47.3860072,8.5463803,479.43
47.3860072,8.5463803,479.43
47.3860088,8.5463788,479.409
47.3860088,8.5463788,479.409
47.3860112,8.5463789,479.464
47.3860112,8.5463789,479.464
47.3860136,8.546379,479.565
47.3860136,8.546379,479.565
47.3860152,8.5463785,479.431
47.3860152,8.5463785,479.431
47.3860173,8.5463771,479.441
47.3860173,8.5463771,479.441
47.3860189,8.5463756,479.361
47.3860189,8.5463756,479.361
47.3860203,8.5463744,479.332
47.3860203,8.5463744,479.332
47.3860214,8.5463722,479.283
47.3860214,8.5463722,479.283
47.3860221,8.5463695,479.251
47.3860221,8.5463695,479.251
47.386023,8.5463674,479.155
47.386023,8.5463674,479.155
47.3860243,8.5463654,479.108
47.3860243,8.5463654,479.108
47.3860254,8.5463635,479.083
47.3860254,8.5463635,479.083
47.3860261,8.5463633,478.699
47.3860261,8.5463633,478.699
47.3860278,8.5463625,478.744
47.3860278,8.5463625,478.744
47.3860292,8.5463607,478.76
47.3860292,8.5463607,478.76
47.3860301,8.5463586,478.65
47.3860301,8.5463586,478.65
47.386032,8.5463572,478.673
47.386032,8.5463572,478.673
47.3860326,8.546355,478.537
47.3860326,8.546355,478.537
47.3860335,8.5463528,478.581
47.3860335,8.5463528,478.581
47.3860349,8.5463508,478.602
47.3860349,8.5463508,478.602
47.3860359,8.5463489,478.591
47.3860359,8.5463489,478.591
47.3860374,8.5463471,478.798
47.3860374,8.5463471,478.798
47.3860379,8.5463452,478.696
47.3860379,8.5463452,478.696
47.3860384,8.546343,478.574
47.3860384,8.546343,478.574
47.3860386,8.5463408,478.63
47.3860386,8.5463408,478.63
47.3860392,8.546339,478.713
47.3860392,8.546339,478.713
47.3860396,8.546337,478.724
47.3860396,8.546337,478.724
47.3860396,8.5463349,478.679
47.3860396,8.5463349,478.679
47.3860401,8.5463329,478.77
47.3860401,8.5463329,478.77
47.3860403,8.5463317,478.732
47.3860403,8.5463317,478.732
47.3860404,8.5463301,478.791
47.3860404,8.5463301,478.791
47.3860403,8.5463283,478.761
47.3860403,8.5463283,478.761
47.3860405,8.5463263,478.802
47.3860405,8.5463263,478.802
47.3860408,8.5463241,478.904
47.3860408,8.5463241,478.904
47.3860411,8.5463221,478.9
47.3860411,8.5463221,478.9
47.3860413,8.5463203,478.779
47.3860413,8.5463203,478.779
47.3860419,8.5463192,478.861
47.3860419,8.5463192,478.861
47.3860429,8.5463183,478.825
47.3860429,8.5463183,478.825
47.3860441,8.5463176,478.706
47.3860441,8.5463176,478.706
47.3860452,8.5463173,478.596
47.3860452,8.5463173,478.596
47.3860458,8.5463168,478.371
47.3860458,8.5463168,478.371
47.3860469,8.5463163,478.382
47.3860469,8.5463163,478.382
47.3860478,8.546316,478.278
47.3860478,8.546316,478.278
47.3860486,8.5463153,478.218
47.3860486,8.5463153,478.218
47.3860494,8.5463149,478.078
47.3860494,8.5463149,478.078
47.3860499,8.5463147,477.79
47.3860499,8.5463147,477.79
47.38605,8.5463139,477.574
47.38605,8.5463139,477.574
47.3860508,8.5463136,477.436
47.3860508,8.5463136,477.436
47.3860514,8.5463127,476.896
47.3860514,8.5463127,476.896
47.3860527,8.5463094,476.014
47.3860527,8.5463094,476.014
47.3860548,8.5463048,475.027
47.3860548,8.5463048,475.027
47.3860564,8.5463002,473.977
47.3860564,8.5463002,473.977
47.3860575,8.5462949,473.104
47.3860575,8.5462949,473.104
47.3860583,8.5462923,472.953
47.3860583,8.5462923,472.953
47.3860586,8.5462908,472.799
47.3860586,8.5462908,472.799
47.3860593,8.5462898,472.586
47.3860593,8.5462898,472.586
47.3860598,8.5462887,472.425
47.3860598,8.5462887,472.425
47.3860598,8.546288,472.068
47.3860598,8.546288,472.068
47.3860594,8.546287,471.739
47.3860594,8.546287,471.739
47.3860601,8.5462869,471.518
47.3860601,8.5462869,471.518
47.386061,8.5462867,471.498
47.386061,8.5462867,471.498
47.3860613,8.5462872,471.254
47.3860613,8.5462872,471.254
47.3860612,8.5462874,471.029
47.3860612,8.5462874,471.029
47.3860616,8.5462877,470.816
47.3860616,8.5462877,470.816
47.3860622,8.546288,470.634
47.3860622,8.546288,470.634
47.3860633,8.5462885,470.476
47.3860633,8.5462885,470.476
47.3860638,8.5462884,470.417
47.3860638,8.5462884,470.417
47.3860644,8.5462884,470.254
47.3860644,8.5462884,470.254
47.3860633,8.5462869,469.876
47.3860633,8.5462869,469.876
47.3860642,8.5462864,469.791
47.3860642,8.5462864,469.791
47.3860641,8.5462856,469.601
47.3860641,8.5462856,469.601
47.3860637,8.5462849,469.391
47.3860637,8.5462849,469.391
47.3860633,8.5462841,469.262
47.3860633,8.5462841,469.262
47.3860632,8.5462839,469.302
47.3860632,8.5462839,469.302
47.3860629,8.5462839,469.109
47.3860629,8.5462839,469.109
47.386063,8.5462841,469.091
47.386063,8.5462841,469.091
47.3860643,8.5462849,469.188
47.3860643,8.5462849,469.188
47.3860655,8.5462853,469.21
47.3860655,8.5462853,469.21
47.386067,8.546286,469.395
47.386067,8.546286,469.395
47.3860672,8.5462863,469.061
47.3860672,8.5462863,469.061
47.3860678,8.546286,469.19
47.3860678,8.546286,469.19
47.3860682,8.5462859,469.239
47.3860682,8.5462859,469.239
47.3860679,8.5462857,469.02
47.3860679,8.5462857,469.02
47.3860679,8.5462853,469.022
47.3860679,8.5462853,469.022
47.3860676,8.5462851,468.902
47.3860676,8.5462851,468.902
47.3860679,8.5462847,468.81
47.3860679,8.5462847,468.81
47.3860676,8.5462841,468.634
47.3860676,8.5462841,468.634
47.3860679,8.5462835,468.618
47.3860679,8.5462835,468.618
47.3860681,8.5462832,468.34
47.3860681,8.5462832,468.34
47.3860682,8.5462829,468.13
47.3860682,8.5462829,468.13
47.3860682,8.5462823,467.844
47.3860682,8.5462823,467.844
47.3860681,8.5462819,467.564
47.3860681,8.5462819,467.564
47.3860685,8.5462807,467.375
47.3860685,8.5462807,467.375
47.3860689,8.54628,467.302
47.3860689,8.54628,467.302
47.3860692,8.5462794,467.139
47.3860692,8.5462794,467.139
47.3860698,8.5462779,466.961
47.3860698,8.5462779,466.961
47.38607,8.5462767,466.773
47.38607,8.5462767,466.773
47.3860701,8.5462755,466.674
47.3860701,8.5462755,466.674
47.3860703,8.5462734,466.653
47.3860703,8.5462734,466.653
47.3860707,8.5462716,466.813
47.3860707,8.5462716,466.813
47.3860701,8.5462702,466.751
47.3860701,8.5462702,466.751
47.3860703,8.5462688,466.895
47.3860703,8.5462688,466.895
47.3860704,8.5462676,466.972
47.3860704,8.5462676,466.972
47.3860707,8.5462665,467.107
47.3860707,8.5462665,467.107
47.3860713,8.5462655,467.26
47.3860713,8.5462655,467.26
47.3860708,8.5462642,467.355
47.3860708,8.5462642,467.355
47.3860708,8.546263,467.397
47.3860708,8.546263,467.397
47.3860713,8.5462612,467.484
47.3860713,8.5462612,467.484
47.3860715,8.5462592,467.51
47.3860715,8.5462592,467.51
47.3860722,8.5462572,467.601
47.3860722,8.5462572,467.601
47.3860728,8.5462551,467.815
47.3860728,8.5462551,467.815
47.3860727,8.5462531,467.93
47.3860727,8.5462531,467.93
47.3860727,8.5462521,467.911
47.3860727,8.5462521,467.911
47.3860742,8.5462502,468.276
47.3860742,8.5462502,468.276
47.3860749,8.5462483,468.347
47.3860749,8.5462483,468.347
47.3860756,8.5462463,468.605
47.3860756,8.5462463,468.605
47.3860757,8.5462447,468.644
47.3860757,8.5462447,468.644
47.386076,8.5462433,468.856
47.386076,8.5462433,468.856
47.3860763,8.5462416,469.101
47.3860763,8.5462416,469.101
47.3860758,8.5462401,469.176
47.3860758,8.5462401,469.176
47.3860758,8.5462388,469.367
47.3860758,8.5462388,469.367
47.3860757,8.5462372,469.547
47.3860757,8.5462372,469.547
47.3860754,8.5462355,469.606
47.3860754,8.5462355,469.606
47.3860754,8.5462336,469.779
47.3860754,8.5462336,469.779
47.3860752,8.5462312,469.977
47.3860752,8.5462312,469.977
47.3860739,8.5462284,470.273
47.3860739,8.5462284,470.273
47.3860733,8.5462264,470.545
47.3860733,8.5462264,470.545
47.3860732,8.546224,470.992
47.3860732,8.546224,470.992
47.3860726,8.5462213,471.325
47.3860726,8.5462213,471.325
47.3860723,8.5462186,471.917
47.3860723,8.5462186,471.917
47.3860716,8.5462157,472.277
47.3860716,8.5462157,472.277
47.386071,8.5462127,472.932
47.386071,8.5462127,472.932
47.3860708,8.5462101,473.649
47.3860708,8.5462101,473.649
47.3860703,8.5462079,473.954
47.3860703,8.5462079,473.954
47.3860708,8.546206,474.372
47.3860708,8.546206,474.372
47.3860712,8.5462036,474.535
47.3860712,8.5462036,474.535
47.3860715,8.5462022,474.934
47.3860715,8.5462022,474.934
47.3860717,8.5462011,475.334
47.3860717,8.5462011,475.334
47.3860723,8.5461993,475.764
47.3860723,8.5461993,475.764
47.3860728,8.546197,476.082
47.3860728,8.546197,476.082
47.3860732,8.5461952,476.568
47.3860732,8.5461952,476.568
47.3860728,8.5461931,476.707
47.3860728,8.5461931,476.707
47.3860728,8.5461908,476.828
47.3860728,8.5461908,476.828
47.3860739,8.5461883,477.095
47.3860739,8.5461883,477.095
47.3860734,8.5461865,477.331
47.3860734,8.5461865,477.331
47.3860729,8.5461854,477.473
47.3860729,8.5461854,477.473
47.3860725,8.5461845,477.596
47.3860725,8.5461845,477.596
47.3860723,8.5461842,477.758
47.3860723,8.5461842,477.758
47.3860721,8.546183,478.002
47.3860721,8.546183,478.002
47.3860721,8.5461816,478.016
47.3860721,8.5461816,478.016
47.3860724,8.5461804,478.422
47.3860724,8.5461804,478.422
47.3860723,8.5461798,478.44
47.3860723,8.5461798,478.44
47.3860728,8.5461783,478.658
47.3860728,8.5461783,478.658
47.3860727,8.5461758,478.738
47.3860727,8.5461758,478.738
47.3860712,8.5461741,478.806
47.3860712,8.5461741,478.806
47.3860704,8.546174,479.128
47.3860704,8.546174,479.128
47.3860695,8.5461741,479.426
47.3860695,8.5461741,479.426
47.3860691,8.5461734,479.42
47.3860691,8.5461734,479.42
47.3860685,8.5461721,479.616
47.3860685,8.5461721,479.616
47.3860683,8.546171,479.805
47.3860683,8.546171,479.805
47.3860685,8.5461705,480.31
47.3860685,8.5461705,480.31
47.3860688,8.5461697,480.675
47.3860688,8.5461697,480.675
47.3860696,8.5461685,480.841
47.3860696,8.5461685,480.841
47.3860696,8.5461668,480.649
47.3860696,8.5461668,480.649
47.3860702,8.5461655,480.95
47.3860702,8.5461655,480.95
47.3860706,8.546164,481.125
47.3860706,8.546164,481.125
47.386071,8.5461627,481.102
47.386071,8.5461627,481.102
47.3860711,8.5461613,481.466
47.3860711,8.5461613,481.466
47.3860715,8.5461591,481.456
47.3860715,8.5461591,481.456
47.386072,8.5461578,481.673
47.386072,8.5461578,481.673
47.3860724,8.546156,481.776
47.3860724,8.546156,481.776
47.386073,8.5461537,481.703
47.386073,8.5461537,481.703
47.3860737,8.5461514,481.552
47.3860737,8.5461514,481.552
47.3860743,8.5461493,481.496
47.3860743,8.5461493,481.496
47.3860749,8.5461471,481.404
47.3860749,8.5461471,481.404
47.3860757,8.5461455,481.647
47.3860757,8.5461455,481.647
47.3860766,8.5461449,481.759
47.3860766,8.5461449,481.759
47.3860776,8.5461427,481.472
47.3860776,8.5461427,481.472
47.3860787,8.5461414,481.498
47.3860787,8.5461414,481.498
47.3860796,8.546139,481.235
47.3860796,8.546139,481.235
47.3860811,8.5461362,481.058
47.3860811,8.5461362,481.058
47.3860819,8.5461343,481.051
47.3860819,8.5461343,481.051
47.386082,8.5461328,480.943
47.386082,8.5461328,480.943
47.3860822,8.5461322,480.8
47.3860822,8.5461322,480.8
47.3860827,8.5461302,480.702
47.3860827,8.5461302,480.702
47.3860821,8.5461286,480.717
47.3860821,8.5461286,480.717
47.3860821,8.5461258,480.573
47.3860821,8.5461258,480.573
47.3860821,8.546124,480.92
47.3860821,8.546124,480.92
47.3860817,8.546122,480.82
47.3860817,8.546122,480.82
47.3860819,8.5461208,480.595
47.3860819,8.5461208,480.595
47.3860814,8.5461203,480.298
47.3860814,8.5461203,480.298
47.3860802,8.5461196,480.422
47.3860802,8.5461196,480.422
47.3860797,8.5461189,480.195
47.3860797,8.5461189,480.195
47.3860795,8.5461191,479.649
47.3860795,8.5461191,479.649
47.3860798,8.5461191,479.843
47.3860798,8.5461191,479.843
47.3860798,8.546118,479.672
47.3860798,8.546118,479.672
47.3860801,8.5461185,479.866
47.3860801,8.5461185,479.866
47.38608,8.5461184,480.024
47.38608,8.5461184,480.024
47.3860797,8.5461182,479.993
47.3860797,8.5461182,479.993
47.3860794,8.5461194,479.929
47.3860794,8.5461194,479.929
47.3860797,8.5461213,480.047
47.3860797,8.5461213,480.047
47.3860795,8.5461229,480.322
47.3860795,8.5461229,480.322
47.3860788,8.546125,480.605
47.3860788,8.546125,480.605
47.3860778,8.5461254,480.756
47.3860778,8.5461254,480.756
47.3860759,8.5461249,481.298
47.3860759,8.5461249,481.298
47.3860744,8.5461228,481.316
47.3860744,8.5461228,481.316
47.3860729,8.546122,481.053
47.3860729,8.546122,481.053
47.3860719,8.5461204,480.836
47.3860719,8.5461204,480.836
47.3860707,8.5461208,480.875
47.3860707,8.5461208,480.875
47.3860702,8.5461204,480.661
47.3860702,8.5461204,480.661
47.3860703,8.546118,480.117
47.3860703,8.546118,480.117
47.3860695,8.5461172,479.935
47.3860695,8.5461172,479.935
47.3860696,8.5461166,479.987
47.3860696,8.5461166,479.987
47.3860694,8.5461157,479.831
47.3860694,8.5461157,479.831
47.3860692,8.5461145,479.144
47.3860692,8.5461145,479.144
47.3860695,8.5461138,479.064
47.3860695,8.5461138,479.064
47.3860688,8.5461135,478.885
47.3860688,8.5461135,478.885
47.3860692,8.5461141,479.169
47.3860692,8.5461141,479.169
47.3860704,8.546114,479.431
47.3860704,8.546114,479.431
47.3860708,8.5461136,479.646
47.3860708,8.5461136,479.646
47.3860717,8.546113,479.708
47.3860717,8.546113,479.708
47.3860722,8.5461132,479.849
47.3860722,8.5461132,479.849
47.3860718,8.5461133,479.765
47.3860718,8.5461133,479.765
47.3860711,8.5461135,479.768
47.3860711,8.5461135,479.768
47.3860706,8.5461139,479.663
47.3860706,8.5461139,479.663
47.3860704,8.5461137,479.59
47.3860704,8.5461137,479.59
47.3860704,8.5461132,479.629
47.3860704,8.5461132,479.629
47.38607,8.5461124,479.478
47.38607,8.5461124,479.478
47.3860696,8.5461118,479.436
47.3860696,8.5461118,479.436
47.3860694,8.5461115,479.382
47.3860694,8.5461115,479.382
47.3860696,8.5461109,479.632
47.3860696,8.5461109,479.632
47.3860696,8.5461106,479.514
47.3860696,8.5461106,479.514
47.3860702,8.5461098,479.353
47.3860702,8.5461098,479.353
47.3860694,8.5461098,479.297
47.3860694,8.5461098,479.297
47.3860688,8.54611,479.216
47.3860688,8.54611,479.216
47.3860686,8.5461104,479.242
47.3860686,8.5461104,479.242
47.3860683,8.546111,479.081
47.3860683,8.546111,479.081
47.3860683,8.5461117,479.078
47.3860683,8.5461117,479.078
47.386068,8.5461125,478.997
47.386068,8.5461125,478.997
47.3860681,8.546113,478.902
47.3860681,8.546113,478.902
47.3860687,8.5461135,478.949
47.3860687,8.5461135,478.949
47.386069,8.5461138,478.975
47.386069,8.5461138,478.975
47.3860694,8.5461146,478.95
47.3860694,8.5461146,478.95
47.3860697,8.5461144,479.069
47.3860697,8.5461144,479.069
47.3860701,8.5461148,479.042
47.3860701,8.5461148,479.042
47.3860706,8.546116,479.01
47.3860706,8.546116,479.01
47.3860711,8.5461168,478.987
47.3860711,8.5461168,478.987
47.386072,8.5461173,479.081
47.386072,8.5461173,479.081
47.386073,8.5461179,479.225
47.386073,8.5461179,479.225
47.3860731,8.5461192,479.13
47.3860731,8.5461192,479.13
47.3860737,8.5461203,479.089
47.3860737,8.5461203,479.089
47.3860742,8.5461215,479.059
47.3860742,8.5461215,479.059
47.3860755,8.546122,479.126
47.3860755,8.546122,479.126
47.3860762,8.5461228,479.056
47.3860762,8.5461228,479.056
47.3860759,8.5461243,478.844
47.3860759,8.5461243,478.844
47.3860761,8.5461252,478.854
47.3860761,8.5461252,478.854
47.3860763,8.546126,478.855
47.3860763,8.546126,478.855
47.3860767,8.5461269,478.838
47.3860767,8.5461269,478.838
47.3860767,8.5461278,478.763
47.3860767,8.5461278,478.763
47.3860769,8.546129,478.628
47.3860769,8.546129,478.628
47.3860769,8.5461302,478.461
47.3860769,8.5461302,478.461
47.386077,8.5461311,478.331
47.386077,8.5461311,478.331
47.3860775,8.5461319,478.292
47.3860775,8.5461319,478.292
47.3860784,8.5461324,478.377
47.3860784,8.5461324,478.377
47.3860789,8.546133,478.383
47.3860789,8.546133,478.383
47.386079,8.5461339,478.311
47.386079,8.5461339,478.311
47.3860794,8.5461345,478.242
47.3860794,8.5461345,478.242
47.3860796,8.5461348,478.164
47.3860796,8.5461348,478.164
47.3860805,8.5461351,478.037
47.3860805,8.5461351,478.037
47.386081,8.5461356,477.97
47.386081,8.5461356,477.97
47.3860813,8.546136,477.901
47.3860813,8.546136,477.901
47.3860815,8.5461365,477.824
47.3860815,8.5461365,477.824
47.3860816,8.5461368,477.806
47.3860816,8.5461368,477.806
47.3860829,8.5461364,477.839
47.3860829,8.5461364,477.839
47.3860839,8.5461362,477.847
47.3860839,8.5461362,477.847
47.3860842,8.5461369,477.827
47.3860842,8.5461369,477.827
47.386084,8.5461374,477.814
47.386084,8.5461374,477.814
47.3860838,8.5461373,477.755
47.3860838,8.5461373,477.755
47.3860836,8.5461372,477.71
47.3860836,8.5461372,477.71
47.3860839,8.5461366,477.645
47.3860839,8.5461366,477.645
47.3860844,8.5461354,477.779
47.3860844,8.5461354,477.779
47.3860852,8.5461348,477.731
47.3860852,8.5461348,477.731
47.3860856,8.5461343,477.652
47.3860856,8.5461343,477.652
47.3860857,8.5461338,477.54
47.3860857,8.5461338,477.54
47.3860861,8.5461329,477.527
47.3860861,8.5461329,477.527
47.3860869,8.5461323,477.501
47.3860869,8.5461323,477.501
47.3860876,8.5461322,477.319
47.3860876,8.5461322,477.319
47.3860878,8.5461317,477.224
47.3860878,8.5461317,477.224
47.386088,8.5461314,477.153
47.386088,8.5461314,477.153
47.3860885,8.5461313,477.102
47.3860885,8.5461313,477.102
47.3860883,8.5461317,476.967
47.3860883,8.5461317,476.967
47.3860886,8.5461314,476.897
47.3860886,8.5461314,476.897
47.3860893,8.5461308,476.96
47.3860893,8.5461308,476.96
47.3860903,8.5461298,476.999
47.3860903,8.5461298,476.999
47.3860913,8.5461287,476.954
47.3860913,8.5461287,476.954
47.3860922,8.5461275,476.911
47.3860922,8.5461275,476.911
47.3860931,8.5461261,476.896
47.3860931,8.5461261,476.896
47.3860939,8.5461252,476.801
47.3860939,8.5461252,476.801
47.3860942,8.5461238,476.888
47.3860942,8.5461238,476.888
47.3860947,8.5461227,476.906
47.3860947,8.5461227,476.906
47.3860951,8.5461214,476.851
47.3860951,8.5461214,476.851
47.3860958,8.5461192,476.984
47.3860958,8.5461192,476.984
47.3860959,8.5461179,477.011
47.3860959,8.5461179,477.011
47.3860969,8.5461176,476.843
47.3860969,8.5461176,476.843
47.3860977,8.5461159,476.863
47.3860977,8.5461159,476.863
47.3860979,8.5461132,477.031
47.3860979,8.5461132,477.031
47.3860979,8.5461132,477.031
47.3860984,8.5461081,477.077
47.3860984,8.5461081,477.077
47.3860987,8.5461059,477.118
47.3860987,8.5461059,477.118
47.3860993,8.5461042,477.029
47.3860993,8.5461042,477.029
47.3860999,8.5461025,476.992
47.3860999,8.5461025,476.992
47.3861005,8.5461005,477.029
47.3861005,8.5461005,477.029
47.3861001,8.5460978,477.194
47.3861001,8.5460978,477.194
47.3861003,8.546096,477.15
47.3861003,8.546096,477.15
47.3861009,8.5460942,477.044
47.3861009,8.5460942,477.044
47.3861017,8.5460918,476.983
47.3861017,8.5460918,476.983
47.3861025,8.5460898,476.983
47.3861025,8.5460898,476.983
47.386103,8.5460876,476.963
47.386103,8.5460876,476.963
47.3861039,8.5460861,476.755
47.3861039,8.5460861,476.755
47.386104,8.5460846,476.613
47.386104,8.5460846,476.613
47.3861045,8.5460836,476.494
47.3861045,8.5460836,476.494
47.3861052,8.546083,476.351
47.3861052,8.546083,476.351
47.3861061,8.5460823,476.135
47.3861061,8.5460823,476.135
47.3861069,8.5460811,475.94
47.3861069,8.5460811,475.94
47.3861076,8.5460798,475.779
47.3861076,8.5460798,475.779
47.3861081,8.5460791,475.579
47.3861081,8.5460791,475.579
47.3861088,8.5460786,475.268
47.3861088,8.5460786,475.268
47.3861101,8.5460778,475.011
47.3861101,8.5460778,475.011
47.3861119,8.5460767,474.881
47.3861119,8.5460767,474.881
47.386113,8.546076,474.628
47.386113,8.546076,474.628
47.3861141,8.5460753,474.346
47.3861141,8.5460753,474.346
47.386115,8.5460742,474.066
47.386115,8.5460742,474.066
47.3861158,8.5460734,473.736
47.3861158,8.5460734,473.736
47.386116,8.5460728,473.414
47.386116,8.5460728,473.414
47.386117,8.5460716,473.178
47.386117,8.5460716,473.178
47.3861181,8.5460703,472.917
47.3861181,8.5460703,472.917
47.3861192,8.5460697,472.654
47.3861192,8.5460697,472.654
47.3861192,8.546069,472.447
47.3861192,8.546069,472.447
47.3861195,8.5460678,472.266
47.3861195,8.5460678,472.266
47.3861197,8.5460664,472.11
47.3861197,8.5460664,472.11
47.3861199,8.546065,471.945
47.3861199,8.546065,471.945
47.3861201,8.5460636,471.782
47.3861201,8.5460636,471.782
47.3861208,8.5460624,471.648
47.3861208,8.5460624,471.648
47.3861209,8.5460612,471.536
47.3861209,8.5460612,471.536
47.3861212,8.5460597,471.393
47.3861212,8.5460597,471.393
47.3861209,8.5460581,471.24
47.3861209,8.5460581,471.24
47.3861214,8.5460571,471.413
47.3861214,8.5460571,471.413
47.3861203,8.5460565,471.301
47.3861203,8.5460565,471.301
47.3861197,8.5460555,471.275
47.3861197,8.5460555,471.275
47.3861184,8.5460543,471.179
47.3861184,8.5460543,471.179
47.3861172,8.5460528,471.193
47.3861172,8.5460528,471.193
47.3861175,8.5460514,471.222
47.3861175,8.5460514,471.222
47.3861164,8.5460498,471.25
47.3861164,8.5460498,471.25
47.386116,8.5460483,471.281
47.386116,8.5460483,471.281
47.3861151,8.5460465,471.457
47.3861151,8.5460465,471.457
47.3861131,8.5460455,471.508
47.3861131,8.5460455,471.508
47.3861114,8.5460458,471.417
47.3861114,8.5460458,471.417
47.3861104,8.5460459,471.439
47.3861104,8.5460459,471.439
47.3861093,8.5460455,471.347
47.3861093,8.5460455,471.347
47.3861077,8.546045,471.433
47.3861077,8.546045,471.433
47.3861065,8.5460451,471.538
47.3861065,8.5460451,471.538
47.3861058,8.546045,471.685
47.3861058,8.546045,471.685
47.3861057,8.546045,471.706
47.3861057,8.546045,471.706
47.3861062,8.5460452,471.7
47.3861062,8.5460452,471.7
47.3861058,8.5460451,471.713
47.3861058,8.5460451,471.713
47.3861054,8.5460448,471.74
47.3861054,8.5460448,471.74
47.3861048,8.5460447,471.846
47.3861048,8.5460447,471.846
47.386105,8.5460445,471.939
47.386105,8.5460445,471.939
47.3861051,8.5460447,471.912
47.3861051,8.5460447,471.912
47.3861053,8.5460452,471.855
47.3861053,8.5460452,471.855
47.386106,8.5460454,471.818
47.386106,8.5460454,471.818
47.3861067,8.5460459,471.607
47.3861067,8.5460459,471.607
47.3861078,8.5460465,471.484
47.3861078,8.5460465,471.484
47.3861097,8.5460473,471.235
47.3861097,8.5460473,471.235
47.3861097,8.5460478,470.983
47.3861097,8.5460478,470.983
47.3861097,8.5460479,470.833
47.3861097,8.5460479,470.833
47.3861096,8.5460479,470.652
47.3861096,8.5460479,470.652
47.3861095,8.5460478,470.411
47.3861095,8.5460478,470.411
47.3861093,8.5460476,470.322
47.3861093,8.5460476,470.322
47.3861088,8.5460474,470.045
47.3861088,8.5460474,470.045
47.3861083,8.5460467,469.881
47.3861083,8.5460467,469.881
47.3861073,8.5460461,469.989
47.3861073,8.5460461,469.989
47.3861064,8.5460456,470.049
47.3861064,8.5460456,470.049
47.386105,8.546045,470.096
47.386105,8.546045,470.096
47.3861038,8.5460444,470.078
47.3861038,8.5460444,470.078
47.3861026,8.5460433,470.04
47.3861026,8.5460433,470.04
47.386102,8.5460425,469.947
47.386102,8.5460425,469.947
47.3861015,8.5460417,469.657
47.3861015,8.5460417,469.657
47.3861003,8.5460416,469.473
47.3861003,8.5460416,469.473
47.3860993,8.5460411,469.382
47.3860993,8.5460411,469.382
47.3860988,8.5460402,469.159
47.3860988,8.5460402,469.159
47.3860978,8.5460386,469.141
47.3860978,8.5460386,469.141
47.3860971,8.5460375,469.139
47.3860971,8.5460375,469.139
47.3860968,8.5460365,469.135
47.3860968,8.5460365,469.135
47.3860961,8.5460352,469.152
47.3860961,8.5460352,469.152
47.3860952,8.5460336,469.223
47.3860952,8.5460336,469.223
47.3860946,8.5460321,469.132
47.3860946,8.5460321,469.132
47.3860943,8.5460307,469.037
47.3860943,8.5460307,469.037
47.3860936,8.54603,468.827
47.3860936,8.54603,468.827
47.3860925,8.5460292,468.661
47.3860925,8.5460292,468.661
47.3860913,8.5460281,468.504
47.3860913,8.5460281,468.504
47.3860906,8.5460268,468.187
47.3860906,8.5460268,468.187
47.3860896,8.5460258,467.983
47.3860896,8.5460258,467.983
47.3860896,8.5460248,467.992
47.3860896,8.5460248,467.992
47.3860899,8.5460237,467.969
47.3860899,8.5460237,467.969
47.3860903,8.5460227,467.961
47.3860903,8.5460227,467.961
47.3860906,8.5460218,467.893
47.3860906,8.5460218,467.893
47.3860909,8.5460205,467.859
47.3860909,8.5460205,467.859
47.3860912,8.5460195,467.838
47.3860912,8.5460195,467.838
47.386091,8.5460181,467.863
47.386091,8.5460181,467.863
47.386091,8.5460166,467.891
47.386091,8.5460166,467.891
47.386091,8.5460154,467.884
47.386091,8.5460154,467.884
47.3860904,8.5460142,467.948
47.3860904,8.5460142,467.948
47.3860892,8.5460124,467.993
47.3860892,8.5460124,467.993
47.3860886,8.5460107,468.034
47.3860886,8.5460107,468.034
47.3860875,8.5460087,468.179
47.3860875,8.5460087,468.179
47.3860865,8.5460072,468.252
47.3860865,8.5460072,468.252
47.3860857,8.546006,468.283
47.3860857,8.546006,468.283
47.3860846,8.5460044,468.215
47.3860846,8.5460044,468.215
47.3860836,8.5460026,468.238
47.3860836,8.5460026,468.238
47.3860832,8.5460015,468.211
47.3860832,8.5460015,468.211
47.3860824,8.5459996,468.273
47.3860824,8.5459996,468.273
47.3860818,8.5459977,468.461
47.3860818,8.5459977,468.461
47.3860813,8.5459954,468.64
47.3860813,8.5459954,468.64
47.3860812,8.5459935,468.676
47.3860812,8.5459935,468.676
47.3860807,8.5459913,468.723
47.3860807,8.5459913,468.723
47.38608,8.5459887,468.817
47.38608,8.5459887,468.817
47.3860789,8.545986,469.047
47.3860789,8.545986,469.047
47.3860781,8.5459832,469.23
47.3860781,8.5459832,469.23
47.3860767,8.5459809,469.36
47.3860767,8.5459809,469.36
47.386075,8.545979,469.548
47.386075,8.545979,469.548
47.3860714,8.5459776,469.828
47.3860714,8.5459776,469.828
47.3860686,8.5459761,470.148
47.3860686,8.5459761,470.148
47.3860674,8.5459741,470.371
47.3860674,8.5459741,470.371
47.3860657,8.5459726,470.533
47.3860657,8.5459726,470.533
47.3860631,8.5459704,470.849
47.3860631,8.5459704,470.849
47.386061,8.5459692,471.17
47.386061,8.5459692,471.17
47.3860582,8.545968,471.504
47.3860582,8.545968,471.504
47.3860558,8.5459667,471.887
47.3860558,8.5459667,471.887
47.3860529,8.5459655,472.429
47.3860529,8.5459655,472.429
47.386051,8.5459654,472.891
47.386051,8.5459654,472.891
47.3860486,8.5459655,473.351
47.3860486,8.5459655,473.351
47.3860471,8.5459648,473.645
47.3860471,8.5459648,473.645
47.386046,8.5459644,473.807
47.386046,8.5459644,473.807
47.3860454,8.545965,474.013
47.3860454,8.545965,474.013
47.3860437,8.5459632,474.037
47.3860437,8.5459632,474.037
47.386043,8.5459628,474.387
47.386043,8.5459628,474.387
47.3860438,8.5459639,474.788
47.3860438,8.5459639,474.788
47.3860429,8.5459641,475.106
47.3860429,8.5459641,475.106
47.3860422,8.5459641,475.521
47.3860422,8.5459641,475.521
47.3860413,8.5459633,475.731
47.3860413,8.5459633,475.731
47.3860413,8.5459625,475.953
47.3860413,8.5459625,475.953
47.3860431,8.5459623,476.137
47.3860431,8.5459623,476.137
47.3860417,8.5459614,476.275
47.3860417,8.5459614,476.275
47.3860407,8.5459602,476.547
47.3860407,8.5459602,476.547
47.3860399,8.5459586,476.713
47.3860399,8.5459586,476.713
47.3860383,8.5459565,476.997
47.3860383,8.5459565,476.997
47.3860377,8.5459539,477.198
47.3860377,8.5459539,477.198
47.3860352,8.5459509,477.334
47.3860352,8.5459509,477.334
47.3860344,8.5459487,477.38
47.3860344,8.5459487,477.38
47.3860332,8.5459467,477.443
47.3860332,8.5459467,477.443
47.3860333,8.5459446,477.465
47.3860333,8.5459446,477.465
47.3860336,8.545943,477.433
47.3860336,8.545943,477.433
47.3860331,8.5459409,477.426
47.3860331,8.5459409,477.426
47.3860321,8.5459386,477.519
47.3860321,8.5459386,477.519
47.3860325,8.5459368,477.534
47.3860325,8.5459368,477.534
47.3860314,8.5459343,477.64
47.3860314,8.5459343,477.64
47.3860303,8.5459314,477.806
47.3860303,8.5459314,477.806
47.3860289,8.5459286,477.845
47.3860289,8.5459286,477.845
47.3860287,8.5459264,477.919
47.3860287,8.5459264,477.919
47.3860284,8.5459244,477.947
47.3860284,8.5459244,477.947
47.3860284,8.5459221,477.935
47.3860284,8.5459221,477.935
47.3860288,8.5459191,477.961
47.3860288,8.5459191,477.961
47.3860281,8.5459165,477.94
47.3860281,8.5459165,477.94
47.3860279,8.5459136,478.058
47.3860279,8.5459136,478.058
47.3860281,8.5459117,477.929
47.3860281,8.5459117,477.929
47.386027,8.5459089,478.131
47.386027,8.5459089,478.131
47.3860259,8.5459065,478.147
47.3860259,8.5459065,478.147
47.3860247,8.545904,478.249
47.3860247,8.545904,478.249
47.3860245,8.5459018,478.283
47.3860245,8.5459018,478.283
47.3860238,8.5458995,478.368
47.3860238,8.5458995,478.368
47.3860235,8.5458981,478.248
47.3860235,8.5458981,478.248
47.3860247,8.5458967,478.127
47.3860247,8.5458967,478.127
47.3860248,8.5458957,477.933
47.3860248,8.5458957,477.933
47.3860248,8.5458925,478.3
47.3860248,8.5458925,478.3
47.3860256,8.5458908,478.296
47.3860256,8.5458908,478.296
47.3860267,8.5458895,478.262
47.3860267,8.5458895,478.262
47.3860273,8.5458878,478.244
47.3860273,8.5458878,478.244
47.3860268,8.5458865,478.336
47.3860268,8.5458865,478.336
47.3860282,8.5458854,478.227
47.3860282,8.5458854,478.227
47.3860316,8.5458846,478.019
47.3860316,8.5458846,478.019
47.3860335,8.5458832,478.083
47.3860335,8.5458832,478.083
47.3860352,8.5458819,478.175
47.3860352,8.5458819,478.175
47.3860368,8.5458812,478.118
47.3860368,8.5458812,478.118
47.3860364,8.5458792,478.245
47.3860364,8.5458792,478.245
47.3860368,8.5458777,478.242
47.3860368,8.5458777,478.242
47.3860373,8.5458754,478.41
47.3860373,8.5458754,478.41
47.3860384,8.5458726,478.485
47.3860384,8.5458726,478.485
47.386038,8.5458698,478.672
47.386038,8.5458698,478.672
47.3860403,8.5458683,478.766
47.3860403,8.5458683,478.766
47.3860415,8.5458667,478.978
47.3860415,8.5458667,478.978
47.3860427,8.5458656,478.743
47.3860427,8.5458656,478.743
47.3860436,8.5458639,478.574
47.3860436,8.5458639,478.574
47.386044,8.5458621,478.61
47.386044,8.5458621,478.61
47.3860452,8.545861,478.647
47.3860452,8.545861,478.647
47.3860458,8.54586,478.689
47.3860458,8.54586,478.689
47.3860488,8.54586,478.426
47.3860488,8.54586,478.426
47.3860493,8.5458589,478.415
47.3860493,8.5458589,478.415
47.3860507,8.5458583,478.436
47.3860507,8.5458583,478.436
47.3860519,8.5458543,479.066
47.3860519,8.5458543,479.066
47.3860529,8.5458471,480.154
47.3860529,8.5458471,480.154
47.3860545,8.5458407,480.909
47.3860545,8.5458407,480.909
47.3860567,8.5458365,481.321
47.3860567,8.5458365,481.321
47.3860579,8.545834,481.582
47.3860579,8.545834,481.582
47.3860587,8.5458334,481.626
47.3860587,8.5458334,481.626
47.3860593,8.5458323,481.776
47.3860593,8.5458323,481.776
47.3860604,8.5458322,481.716
47.3860604,8.5458322,481.716
47.3860605,8.5458315,481.716
47.3860605,8.5458315,481.716
47.3860609,8.5458309,481.741
47.3860609,8.5458309,481.741
47.3860619,8.5458304,481.623
47.3860619,8.5458304,481.623
47.3860627,8.5458297,481.618
47.3860627,8.5458297,481.618
47.3860632,8.5458293,481.682
47.3860632,8.5458293,481.682
47.3860638,8.5458295,481.784
47.3860638,8.5458295,481.784
47.3860652,8.54583,481.734
47.3860652,8.54583,481.734
47.3860654,8.5458298,481.8
47.3860654,8.5458298,481.8
47.386066,8.5458297,481.803
47.386066,8.5458297,481.803
47.3860662,8.5458296,481.834
47.3860662,8.5458296,481.834
47.3860663,8.5458296,481.869
47.3860663,8.5458296,481.869
47.3860665,8.5458299,481.902
47.3860665,8.5458299,481.902
47.3860669,8.5458303,481.857
47.3860669,8.5458303,481.857
47.3860678,8.5458312,481.683
47.3860678,8.5458312,481.683
47.3860686,8.5458334,481.434
47.3860686,8.5458334,481.434
47.3860701,8.5458346,481.275
47.3860701,8.5458346,481.275
47.3860713,8.545835,481.349
47.3860713,8.545835,481.349
47.3860719,8.5458358,481.291
47.3860719,8.5458358,481.291
47.3860726,8.5458364,481.323
47.3860726,8.5458364,481.323
47.3860735,8.545837,481.247
47.3860735,8.545837,481.247
47.3860738,8.5458372,481.214
47.3860738,8.5458372,481.214
47.3860741,8.5458375,481.143
47.3860741,8.5458375,481.143
47.3860738,8.5458371,481.157
47.3860738,8.5458371,481.157
47.386074,8.5458364,481.225
47.386074,8.5458364,481.225
47.3860745,8.5458357,481.361
47.3860745,8.5458357,481.361
47.3860747,8.5458339,481.609
47.3860747,8.5458339,481.609
47.3860758,8.5458338,481.488
47.3860758,8.5458338,481.488
47.3860763,8.5458337,481.448
47.3860763,8.5458337,481.448
47.3860767,8.5458336,481.397
47.3860767,8.5458336,481.397
47.386077,8.5458331,481.405
47.386077,8.5458331,481.405
47.3860766,8.5458319,481.573
47.3860766,8.5458319,481.573
47.386077,8.5458316,481.495
47.386077,8.5458316,481.495
47.386077,8.5458306,481.516
47.386077,8.5458306,481.516
47.3860775,8.5458299,481.429
47.3860775,8.5458299,481.429
47.3860779,8.5458286,481.472
47.3860779,8.5458286,481.472
47.3860786,8.5458275,481.459
47.3860786,8.5458275,481.459
47.3860781,8.5458256,481.642
47.3860781,8.5458256,481.642
47.3860778,8.5458242,481.54
47.3860778,8.5458242,481.54
47.3860777,8.5458225,481.579
47.3860777,8.5458225,481.579
47.3860772,8.5458221,481.435
47.3860772,8.5458221,481.435
47.3860763,8.5458213,481.389
47.3860763,8.5458213,481.389
47.3860751,8.5458196,481.43
47.3860751,8.5458196,481.43
47.3860746,8.5458179,481.394
47.3860746,8.5458179,481.394
47.3860745,8.5458158,481.318
47.3860745,8.5458158,481.318
47.3860746,8.5458136,481.203
47.3860746,8.5458136,481.203
47.3860744,8.5458116,481.222
47.3860744,8.5458116,481.222
47.3860743,8.5458099,481.058
47.3860743,8.5458099,481.058
47.3860744,8.5458077,480.899
47.3860744,8.5458077,480.899
47.3860745,8.5458052,480.869
47.3860745,8.5458052,480.869
47.3860746,8.5458033,480.724
47.3860746,8.5458033,480.724
47.3860747,8.5458018,480.58
47.3860747,8.5458018,480.58
47.3860745,8.5458,480.518
47.3860745,8.5458,480.518
47.3860752,8.5457994,480.122
47.3860752,8.5457994,480.122
47.386075,8.5457972,480.084
47.386075,8.5457972,480.084
47.3860751,8.5457945,480.124
47.3860751,8.5457945,480.124
47.3860748,8.5457923,480.175
47.3860748,8.5457923,480.175
47.3860748,8.5457909,480.079
47.3860748,8.5457909,480.079
47.3860748,8.5457904,479.813
47.3860748,8.5457904,479.813
47.3860742,8.5457896,479.67
47.3860742,8.5457896,479.67
47.3860743,8.5457888,479.393
47.3860743,8.5457888,479.393
47.3860755,8.5457881,478.994
47.3860755,8.5457881,478.994
47.3860786,8.5457885,478.154
47.3860786,8.5457885,478.154
47.3860798,8.5457868,477.96
47.3860798,8.5457868,477.96
47.3860802,8.5457862,477.652
47.3860802,8.5457862,477.652
47.386079,8.5457851,477.604
47.386079,8.5457851,477.604
47.3860775,8.5457836,477.694
47.3860775,8.5457836,477.694
47.386076,8.5457822,477.786
47.386076,8.5457822,477.786
47.3860748,8.5457812,477.732
47.3860748,8.5457812,477.732
47.3860735,8.54578,477.686
47.3860735,8.54578,477.686
47.3860727,8.5457798,477.606
47.3860727,8.5457798,477.606
47.386072,8.5457789,477.421
47.386072,8.5457789,477.421
47.3860701,8.5457773,477.531
47.3860701,8.5457773,477.531
47.3860685,8.5457763,477.597
47.3860685,8.5457763,477.597
47.3860667,8.5457754,477.627
47.3860667,8.5457754,477.627
47.3860653,8.5457744,477.56
47.3860653,8.5457744,477.56
47.3860636,8.5457733,477.659
47.3860636,8.5457733,477.659
47.3860625,8.5457726,477.581
47.3860625,8.5457726,477.581
47.3860607,8.545771,477.629
47.3860607,8.545771,477.629
47.3860588,8.5457696,477.792
47.3860588,8.5457696,477.792
47.386057,8.5457687,477.857
47.386057,8.5457687,477.857
47.3860557,8.5457679,477.801
47.3860557,8.5457679,477.801
47.3860546,8.5457669,477.773
47.3860546,8.5457669,477.773
47.3860532,8.5457658,477.734
47.3860532,8.5457658,477.734
47.3860515,8.5457642,477.918
47.3860515,8.5457642,477.918
47.3860502,8.5457628,478.025
47.3860502,8.5457628,478.025
47.3860494,8.5457617,477.983
47.3860494,8.5457617,477.983
47.3860474,8.54576,478.302
47.3860474,8.54576,478.302
47.3860468,8.5457596,478.133
47.3860468,8.5457596,478.133
47.3860463,8.5457597,477.774
47.3860463,8.5457597,477.774
47.3860453,8.545759,477.574
47.3860453,8.545759,477.574
47.386045,8.5457592,477.197
47.386045,8.5457592,477.197
47.3860442,8.5457591,476.94
47.3860442,8.5457591,476.94
47.386043,8.5457586,476.798
47.386043,8.5457586,476.798
47.386042,8.5457585,476.608
47.386042,8.5457585,476.608
47.3860413,8.5457586,476.404
47.3860413,8.5457586,476.404
47.3860405,8.5457582,476.242
47.3860405,8.5457582,476.242
47.3860396,8.5457578,476.144
47.3860396,8.5457578,476.144
47.3860383,8.5457569,476.226
47.3860383,8.5457569,476.226
47.3860374,8.5457566,476.031
47.3860374,8.5457566,476.031
47.3860362,8.5457554,475.999
47.3860362,8.5457554,475.999
47.3860354,8.5457544,475.882
47.3860354,8.5457544,475.882
47.3860343,8.5457533,475.761
47.3860343,8.5457533,475.761
47.3860336,8.5457522,475.707
47.3860336,8.5457522,475.707
47.3860333,8.5457514,475.584
47.3860333,8.5457514,475.584
47.3860325,8.5457493,475.699
47.3860325,8.5457493,475.699
47.3860314,8.5457474,475.662
47.3860314,8.5457474,475.662
47.3860307,8.5457461,475.609
47.3860307,8.5457461,475.609
47.3860297,8.5457443,475.677
47.3860297,8.5457443,475.677
47.3860292,8.5457424,475.592
47.3860292,8.5457424,475.592
47.3860287,8.5457404,475.609
47.3860287,8.5457404,475.609
47.3860281,8.5457394,475.639
47.3860281,8.5457394,475.639
47.3860274,8.5457386,475.744
47.3860274,8.5457386,475.744
47.3860269,8.5457371,475.706
47.3860269,8.5457371,475.706
47.3860262,8.5457352,475.729
47.3860262,8.5457352,475.729
47.3860255,8.5457335,475.722
47.3860255,8.5457335,475.722
47.3860245,8.5457318,475.823
47.3860245,8.5457318,475.823
47.3860242,8.545731,475.886
47.3860242,8.545731,475.886
47.3860242,8.5457305,475.836
47.3860242,8.5457305,475.836
47.3860241,8.5457295,475.814
47.3860241,8.5457295,475.814
47.3860237,8.5457284,475.676
47.3860237,8.5457284,475.676
47.3860239,8.5457276,475.562
47.3860239,8.5457276,475.562
47.3860242,8.5457266,475.503
47.3860242,8.5457266,475.503
47.3860245,8.545725,475.583
47.3860245,8.545725,475.583
47.386025,8.5457235,475.646
47.386025,8.5457235,475.646
47.3860255,8.545722,475.608
47.3860255,8.545722,475.608
47.3860262,8.5457212,475.523
47.3860262,8.5457212,475.523
47.3860265,8.5457203,475.443
47.3860265,8.5457203,475.443
47.3860265,8.5457185,475.512
47.3860265,8.5457185,475.512
47.3860267,8.545717,475.521
47.3860267,8.545717,475.521
47.3860272,8.5457159,475.481
47.3860272,8.5457159,475.481
47.3860274,8.5457148,475.493
47.3860274,8.5457148,475.493
47.3860277,8.5457136,475.487
47.3860277,8.5457136,475.487
47.3860279,8.545712,475.42
47.3860279,8.545712,475.42
47.3860278,8.5457102,475.407
47.3860278,8.5457102,475.407
47.3860278,8.5457084,475.431
47.3860278,8.5457084,475.431
47.386028,8.5457069,475.289
47.386028,8.5457069,475.289
47.3860276,8.5457048,475.333
47.3860276,8.5457048,475.333
47.3860274,8.5457031,475.388
47.3860274,8.5457031,475.388
47.3860274,8.5457019,475.325
47.3860274,8.5457019,475.325
47.386027,8.5457004,475.388
47.386027,8.5457004,475.388
47.3860267,8.5456993,475.423
47.3860267,8.5456993,475.423
47.3860265,8.5456985,475.357
47.3860265,8.5456985,475.357
47.3860262,8.545697,475.468
47.3860262,8.545697,475.468
47.3860262,8.545696,475.493
47.3860262,8.545696,475.493
47.386026,8.545695,475.605
47.386026,8.545695,475.605
47.3860263,8.5456941,475.706
47.3860263,8.5456941,475.706
47.3860267,8.5456936,475.733
47.3860267,8.5456936,475.733
47.3860267,8.5456924,475.934
47.3860267,8.5456924,475.934
47.3860271,8.5456915,475.99
47.3860271,8.5456915,475.99
47.3860276,8.5456903,476.027
47.3860276,8.5456903,476.027
47.3860277,8.5456889,476.09
47.3860277,8.5456889,476.09
47.3860282,8.5456872,476.174
47.3860282,8.5456872,476.174
47.3860285,8.5456855,476.237
47.3860285,8.5456855,476.237
47.386029,8.5456845,476.149
47.386029,8.5456845,476.149
47.386029,8.5456829,476.171
47.386029,8.5456829,476.171
47.3860292,8.5456819,476.127
47.3860292,8.5456819,476.127
47.3860292,8.5456804,476.238
47.3860292,8.5456804,476.238
47.3860298,8.5456797,476.136
47.3860298,8.5456797,476.136
47.3860304,8.5456787,476.115
47.3860304,8.5456787,476.115
47.3860311,8.5456779,476.13
47.3860311,8.5456779,476.13
47.3860315,8.5456771,476.166
47.3860315,8.5456771,476.166
47.3860324,8.5456771,476.09
47.3860324,8.5456771,476.09
47.3860328,8.545676,476.206
47.3860328,8.545676,476.206
47.3860339,8.5456753,476.144
47.3860339,8.5456753,476.144
47.3860349,8.5456746,476.144
47.3860349,8.5456746,476.144
47.3860358,8.5456737,476.217
47.3860358,8.5456737,476.217
47.3860371,8.5456738,476.102
47.3860371,8.5456738,476.102
47.3860385,8.5456737,476.058
47.3860385,8.5456737,476.058
47.3860399,8.5456738,475.964
47.3860399,8.5456738,475.964
47.3860411,8.5456743,475.955
47.3860411,8.5456743,475.955
47.3860421,8.5456745,475.898
47.3860421,8.5456745,475.898
47.3860432,8.5456749,475.716
47.3860432,8.5456749,475.716
47.3860437,8.5456747,475.671
47.3860437,8.5456747,475.671
47.386044,8.5456746,475.807
47.386044,8.5456746,475.807
47.3860446,8.5456751,475.731
47.3860446,8.5456751,475.731
47.3860451,8.5456755,475.67
47.3860451,8.5456755,475.67
47.3860455,8.5456761,475.537
47.3860455,8.5456761,475.537
47.3860457,8.5456763,475.511
47.3860457,8.5456763,475.511
47.3860457,8.5456768,475.533
47.3860457,8.5456768,475.533
47.3860458,8.5456774,475.425
47.3860458,8.5456774,475.425
47.3860459,8.545678,475.347
47.3860459,8.545678,475.347
47.3860459,8.5456787,475.255
47.3860459,8.5456787,475.255
47.3860457,8.5456791,475.249
47.3860457,8.5456791,475.249
47.3860459,8.5456802,475.096
47.3860459,8.5456802,475.096
47.3860456,8.5456806,475.052
47.3860456,8.5456806,475.052
47.3860455,8.5456813,474.989
47.3860455,8.5456813,474.989
47.3860457,8.5456823,474.92
47.3860457,8.5456823,474.92
47.3860455,8.5456828,474.894
47.3860455,8.5456828,474.894
47.3860451,8.5456831,474.904
47.3860451,8.5456831,474.904
47.3860448,8.5456835,474.848
47.3860448,8.5456835,474.848
47.3860447,8.5456841,474.955
47.3860447,8.5456841,474.955
47.3860443,8.5456855,474.89
47.3860443,8.5456855,474.89
47.3860436,8.545686,474.939
47.3860436,8.545686,474.939
47.3860432,8.5456879,474.791
47.3860432,8.5456879,474.791
47.3860433,8.5456885,474.87
47.3860433,8.5456885,474.87
47.3860441,8.5456888,474.861
47.3860441,8.5456888,474.861
47.3860443,8.5456887,474.891
47.3860443,8.5456887,474.891
47.3860441,8.5456875,475.065
47.3860441,8.5456875,475.065
47.3860452,8.5456882,474.938
47.3860452,8.5456882,474.938
47.3860457,8.5456886,474.794
47.3860457,8.5456886,474.794
47.3860466,8.5456882,474.968
47.3860466,8.5456882,474.968
47.3860478,8.5456898,474.717
47.3860478,8.5456898,474.717
47.3860488,8.5456908,474.69
47.3860488,8.5456908,474.69
47.3860494,8.5456917,474.559
47.3860494,8.5456917,474.559
47.3860497,8.5456922,474.492
47.3860497,8.5456922,474.492
47.3860502,8.5456929,474.386
47.3860502,8.5456929,474.386
47.3860496,8.5456921,474.538
47.3860496,8.5456921,474.538
47.3860497,8.5456927,474.454
47.3860497,8.5456927,474.454
47.3860497,8.5456935,474.389
47.3860497,8.5456935,474.389
47.3860498,8.5456938,474.494
47.3860498,8.5456938,474.494
47.3860494,8.545694,474.441
47.3860494,8.545694,474.441
47.3860496,8.5456947,474.343
47.3860496,8.5456947,474.343
47.3860497,8.5456947,474.348
47.3860497,8.5456947,474.348
47.3860498,8.5456948,474.232
47.3860498,8.5456948,474.232
47.3860502,8.5456949,474.124
47.3860502,8.5456949,474.124
47.3860507,8.5456954,474.082
47.3860507,8.5456954,474.082
47.3860501,8.5456954,474.047
47.3860501,8.5456954,474.047
47.3860483,8.5456934,474.107
47.3860483,8.5456934,474.107
47.3860477,8.5456935,473.943
47.3860477,8.5456935,473.943
47.3860474,8.5456935,473.873
47.3860474,8.5456935,473.873
47.3860474,8.5456936,473.85
47.3860474,8.5456936,473.85
47.3860471,8.5456927,474.048
47.3860471,8.5456927,474.048
47.3860473,8.5456928,474.071
47.3860473,8.5456928,474.071
47.3860473,8.5456917,474.303
47.3860473,8.5456917,474.303
47.3860476,8.5456913,474.235
47.3860476,8.5456913,474.235
47.3860478,8.5456913,474.144
47.3860478,8.5456913,474.144
47.3860475,8.5456904,474.046
47.3860475,8.5456904,474.046
47.3860471,8.5456887,474.16
47.3860471,8.5456887,474.16
47.3860472,8.5456885,473.945
47.3860472,8.5456885,473.945
47.3860477,8.5456888,473.704
47.3860477,8.5456888,473.704
47.3860482,8.5456876,473.674
47.3860482,8.5456876,473.674
47.3860491,8.5456871,473.614
47.3860491,8.5456871,473.614
47.3860496,8.5456868,473.639
47.3860496,8.5456868,473.639
47.3860497,8.5456861,473.647
47.3860497,8.5456861,473.647
47.3860508,8.5456853,473.97
47.3860508,8.5456853,473.97
47.3860513,8.5456852,473.821
47.3860513,8.5456852,473.821
47.3860518,8.5456845,473.773
47.3860518,8.5456845,473.773
47.3860537,8.5456836,473.872
47.3860537,8.5456836,473.872
47.3860549,8.5456824,473.848
47.3860549,8.5456824,473.848
47.3860568,8.5456817,473.923
47.3860568,8.5456817,473.923
47.3860579,8.5456809,473.902
47.3860579,8.5456809,473.902
47.386059,8.5456797,473.803
47.386059,8.5456797,473.803
47.38606,8.5456782,473.814
47.38606,8.5456782,473.814
47.3860616,8.5456776,473.633
47.3860616,8.5456776,473.633
47.3860628,8.5456763,473.595
47.3860628,8.5456763,473.595
47.3860634,8.5456747,473.725
47.3860634,8.5456747,473.725
47.3860638,8.5456717,473.987
47.3860638,8.5456717,473.987
47.3860633,8.5456699,474.123
47.3860633,8.5456699,474.123
47.3860625,8.5456687,474.329
47.3860625,8.5456687,474.329
47.3860628,8.5456684,474.638
47.3860628,8.5456684,474.638
47.3860625,8.5456672,474.626
47.3860625,8.5456672,474.626
47.3860628,8.545666,474.802
47.3860628,8.545666,474.802
47.3860634,8.5456656,474.957
47.3860634,8.5456656,474.957
47.3860645,8.5456649,475.187
47.3860645,8.5456649,475.187
47.3860651,8.5456633,475.437
47.3860651,8.5456633,475.437
47.3860653,8.5456624,475.504
47.3860653,8.5456624,475.504
47.3860651,8.5456609,475.423
47.3860651,8.5456609,475.423
47.3860664,8.5456605,475.519
47.3860664,8.5456605,475.519
47.3860672,8.5456594,475.496
47.3860672,8.5456594,475.496
47.3860681,8.5456584,475.559
47.3860681,8.5456584,475.559
47.3860686,8.5456573,475.57
47.3860686,8.5456573,475.57
47.3860698,8.5456567,475.57
47.3860698,8.5456567,475.57
47.386071,8.5456563,475.672
47.386071,8.5456563,475.672
47.3860719,8.5456562,475.625
47.3860719,8.5456562,475.625
47.3860711,8.545654,475.582
47.3860711,8.545654,475.582
47.3860715,8.5456525,475.569
47.3860715,8.5456525,475.569
47.3860723,8.5456517,475.466
47.3860723,8.5456517,475.466
47.3860728,8.5456505,475.462
47.3860728,8.5456505,475.462
47.386073,8.5456487,475.469
47.386073,8.5456487,475.469
47.3860738,8.5456475,475.558
47.3860738,8.5456475,475.558
47.3860756,8.5456463,475.737
47.3860756,8.5456463,475.737
47.3860765,8.5456451,475.634
47.3860765,8.5456451,475.634
47.3860762,8.545643,475.52
47.3860762,8.545643,475.52
47.3860752,8.5456406,475.427
47.3860752,8.5456406,475.427
47.3860744,8.5456385,475.393
47.3860744,8.5456385,475.393
47.3860743,8.5456371,475.463
47.3860743,8.5456371,475.463
47.3860745,8.5456362,475.548
47.3860745,8.5456362,475.548
47.3860753,8.5456356,475.597
47.3860753,8.5456356,475.597
47.3860763,8.5456353,475.494
47.3860763,8.5456353,475.494
47.3860767,8.5456349,475.35
47.3860767,8.5456349,475.35
47.3860778,8.5456352,475.23
47.3860778,8.5456352,475.23
47.3860787,8.5456353,475.321
47.3860787,8.5456353,475.321
47.3860791,8.5456348,475.277
47.3860791,8.5456348,475.277
47.3860801,8.5456345,475.201
47.3860801,8.5456345,475.201
47.3860813,8.5456342,475.245
47.3860813,8.5456342,475.245
47.3860815,8.5456338,475.193
47.3860815,8.5456338,475.193
47.3860818,8.5456335,475.13
47.3860818,8.5456335,475.13
47.3860827,8.545633,475.171
47.3860827,8.545633,475.171
47.3860839,8.5456333,474.967
47.3860839,8.5456333,474.967
47.3860856,8.5456337,475.058
47.3860856,8.5456337,475.058
47.386087,8.5456342,475.168
47.386087,8.5456342,475.168
47.3860885,8.5456346,475.314
47.3860885,8.5456346,475.314
47.3860889,8.5456346,475.305
47.3860889,8.5456346,475.305
47.3860896,8.5456344,475.236
47.3860896,8.5456344,475.236
47.3860898,8.5456335,475.236
47.3860898,8.5456335,475.236
47.3860895,8.545632,475.156
47.3860895,8.545632,475.156
47.3860908,8.5456316,475.206
47.3860908,8.5456316,475.206
47.3860919,8.5456313,475.202
47.3860919,8.5456313,475.202
47.3860921,8.5456308,475.235
47.3860921,8.5456308,475.235
47.3860926,8.5456302,475.328
47.3860926,8.5456302,475.328
47.3860929,8.5456296,475.227
47.3860929,8.5456296,475.227
47.386094,8.5456292,475.454
47.386094,8.5456292,475.454
47.3860959,8.5456297,475.631
47.3860959,8.5456297,475.631
47.3860962,8.545629,475.807
47.3860962,8.545629,475.807
47.3860962,8.5456278,475.903
47.3860962,8.5456278,475.903
47.3860962,8.5456263,475.938
47.3860962,8.5456263,475.938
47.3860969,8.5456269,475.911
47.3860969,8.5456269,475.911
47.3860972,8.5456273,475.975
47.3860972,8.5456273,475.975
47.3860971,8.5456266,476.047
47.3860971,8.5456266,476.047
47.386098,8.545627,475.961
47.386098,8.545627,475.961
47.3860992,8.5456278,475.886
47.3860992,8.5456278,475.886
47.3860998,8.5456279,475.774
47.3860998,8.5456279,475.774
47.3861008,8.5456278,475.685
47.3861008,8.5456278,475.685
47.386103,8.5456277,475.761
47.386103,8.5456277,475.761
47.3861036,8.545626,475.809
47.3861036,8.545626,475.809
47.386103,8.5456242,475.617
47.386103,8.5456242,475.617
47.386104,8.5456239,475.615
47.386104,8.5456239,475.615
47.3861057,8.5456244,475.717
47.3861057,8.5456244,475.717
47.3861074,8.5456249,475.673
47.3861074,8.5456249,475.673
47.3861094,8.5456255,475.712
47.3861094,8.5456255,475.712
47.3861108,8.5456263,475.775
47.3861108,8.5456263,475.775
47.3861119,8.5456267,475.786
47.3861119,8.5456267,475.786
47.3861127,8.5456269,475.845
47.3861127,8.5456269,475.845
47.3861132,8.5456272,475.924
47.3861132,8.5456272,475.924
47.3861141,8.5456278,476.065
47.3861141,8.5456278,476.065
47.3861149,8.545628,476.145
47.3861149,8.545628,476.145
47.3861156,8.5456271,476.366
47.3861156,8.5456271,476.366
47.3861159,8.5456264,476.31
47.3861159,8.5456264,476.31
47.386117,8.5456257,476.433
47.386117,8.5456257,476.433
47.386117,8.5456244,476.317
47.386117,8.5456244,476.317
47.3861172,8.5456234,476.211
47.3861172,8.5456234,476.211
47.3861178,8.5456227,476.251
47.3861178,8.5456227,476.251
47.3861188,8.5456223,476.326
47.3861188,8.5456223,476.326
47.3861201,8.5456219,476.385
47.3861201,8.5456219,476.385
47.3861213,8.545622,476.324
47.3861213,8.545622,476.324
47.3861215,8.545621,476.205
47.3861215,8.545621,476.205
47.386121,8.5456186,476.233
47.386121,8.5456186,476.233
47.3861205,8.5456171,476.239
47.3861205,8.5456171,476.239
47.3861205,8.5456171,476.239
47.3861223,8.5456146,476.142
47.3861223,8.5456146,476.142
47.3861227,8.5456152,476.263
47.3861227,8.5456152,476.263
47.3861236,8.5456155,476.402
47.3861236,8.5456155,476.402
47.3861252,8.5456154,476.368
47.3861252,8.5456154,476.368
47.3861262,8.5456156,476.179
47.3861262,8.5456156,476.179
47.3861271,8.5456153,476.224
47.3861271,8.5456153,476.224
47.3861278,8.5456153,476.337
47.3861278,8.5456153,476.337
47.3861291,8.5456168,476.133
47.3861291,8.5456168,476.133
47.3861303,8.5456169,475.97
47.3861303,8.5456169,475.97
47.3861315,8.5456166,475.717
47.3861315,8.5456166,475.717
47.3861334,8.5456166,475.661
47.3861334,8.5456166,475.661
47.3861346,8.5456166,475.61
47.3861346,8.5456166,475.61
47.3861365,8.5456169,475.563
47.3861365,8.5456169,475.563
47.3861375,8.5456166,475.424
47.3861375,8.5456166,475.424
47.3861391,8.5456173,475.392
47.3861391,8.5456173,475.392
47.386141,8.5456178,475.317
47.386141,8.5456178,475.317
47.3861426,8.5456182,475.411
47.3861426,8.5456182,475.411
47.3861428,8.5456164,475.64
47.3861428,8.5456164,475.64
47.3861437,8.5456162,475.587
47.3861437,8.5456162,475.587
47.3861447,8.545616,475.558
47.3861447,8.545616,475.558
47.386146,8.5456151,475.571
47.386146,8.5456151,475.571
47.3861484,8.5456142,475.715
47.3861484,8.5456142,475.715
47.38615,8.5456137,475.772
47.38615,8.5456137,475.772
47.3861502,8.5456129,475.497
47.3861502,8.5456129,475.497
47.3861516,8.5456129,475.509
47.3861516,8.5456129,475.509
47.3861528,8.5456128,475.412
47.3861528,8.5456128,475.412
47.3861539,8.5456119,475.545
47.3861539,8.5456119,475.545
47.3861548,8.5456107,475.584
47.3861548,8.5456107,475.584
47.3861549,8.5456088,475.58
47.3861549,8.5456088,475.58
47.3861568,8.5456082,475.516
47.3861568,8.5456082,475.516
47.3861575,8.5456068,475.503
47.3861575,8.5456068,475.503
47.3861581,8.5456055,475.552
47.3861581,8.5456055,475.552
47.3861601,8.5456058,475.543
47.3861601,8.5456058,475.543
47.386163,8.545606,475.949
47.386163,8.545606,475.949
47.3861634,8.5456033,476.276
47.3861634,8.5456033,476.276
47.3861653,8.545603,476.348
47.3861653,8.545603,476.348
47.3861664,8.5456018,476.571
47.3861664,8.5456018,476.571
47.3861684,8.545602,476.559
47.3861684,8.545602,476.559
47.3861697,8.545602,476.495
47.3861697,8.545602,476.495
47.3861705,8.5456012,476.595
47.3861705,8.5456012,476.595
47.3861708,8.5455998,476.651
47.3861708,8.5455998,476.651
47.3861718,8.5455992,476.714
47.3861718,8.5455992,476.714
47.3861729,8.5455986,476.735
47.3861729,8.5455986,476.735
47.3861733,8.5455978,476.86
47.3861733,8.5455978,476.86
47.3861748,8.5455976,477.084
47.3861748,8.5455976,477.084
47.3861768,8.5455984,477.067
47.3861768,8.5455984,477.067
47.3861778,8.5455979,477.0
47.3861778,8.5455979,477.0
47.3861796,8.5455981,476.938
47.3861796,8.5455981,476.938
47.3861814,8.5455985,476.928
47.3861814,8.5455985,476.928
47.3861828,8.5455985,476.914
47.3861828,8.5455985,476.914
47.3861844,8.545599,476.909
47.3861844,8.545599,476.909
47.3861859,8.5455991,476.961
47.3861859,8.5455991,476.961
47.3861875,8.5455989,477.112
47.3861875,8.5455989,477.112
47.3861893,8.5455991,477.12
47.3861893,8.5455991,477.12
47.3861911,8.5455988,477.18
47.3861911,8.5455988,477.18
47.3861922,8.5455979,477.211
47.3861922,8.5455979,477.211
47.3861926,8.5455964,477.251
47.3861926,8.5455964,477.251
47.3861931,8.5455946,477.414
47.3861931,8.5455946,477.414
47.3861945,8.5455937,477.405
47.3861945,8.5455937,477.405
47.386195,8.5455923,477.375
47.386195,8.5455923,477.375
47.3861968,8.5455919,477.398
47.3861968,8.5455919,477.398
47.3861987,8.5455915,477.55
47.3861987,8.5455915,477.55
47.3862002,8.5455917,477.348
47.3862002,8.5455917,477.348
47.3862016,8.5455919,477.198
47.3862016,8.5455919,477.198
47.3862037,8.5455923,477.189
47.3862037,8.5455923,477.189
47.3862035,8.5455908,476.973
47.3862035,8.5455908,476.973
47.3862042,8.5455899,476.851
47.3862042,8.5455899,476.851
47.3862055,8.5455893,476.743
47.3862055,8.5455893,476.743
47.3862091,8.5455912,476.577
47.3862091,8.5455912,476.577
47.3862105,8.5455913,476.255
47.3862105,8.5455913,476.255
47.3862109,8.5455909,476.021
47.3862109,8.5455909,476.021
47.3862104,8.5455899,475.715
47.3862104,8.5455899,475.715
47.3862095,8.5455883,475.506
47.3862095,8.5455883,475.506
47.3862094,8.5455871,475.467
47.3862094,8.5455871,475.467
47.3862107,8.5455876,475.331
47.3862107,8.5455876,475.331
47.3862114,8.545587,475.255
47.3862114,8.545587,475.255
47.386211,8.5455846,475.173
47.386211,8.5455846,475.173
47.3862119,8.5455835,475.239
47.3862119,8.5455835,475.239
47.386213,8.545583,475.324
47.386213,8.545583,475.324
47.3862136,8.5455816,475.25
47.3862136,8.5455816,475.25
47.3862142,8.5455801,475.275
47.3862142,8.5455801,475.275
47.3862146,8.5455785,475.234
47.3862146,8.5455785,475.234
47.3862155,8.5455768,475.296
47.3862155,8.5455768,475.296
47.3862148,8.545573,475.287
47.3862148,8.545573,475.287
47.3862142,8.5455692,475.307
47.3862142,8.5455692,475.307
47.3862146,8.5455659,475.434
47.3862146,8.5455659,475.434
47.386215,8.5455631,475.38
47.386215,8.5455631,475.38
47.386216,8.5455612,475.53
47.386216,8.5455612,475.53
47.3862179,8.5455602,475.771
47.3862179,8.5455602,475.771
47.3862182,8.5455583,475.639
47.3862182,8.5455583,475.639
47.3862191,8.5455572,475.586
47.3862191,8.5455572,475.586
47.386219,8.545555,475.433
47.386219,8.545555,475.433
47.3862176,8.5455515,475.51
47.3862176,8.5455515,475.51
47.3862184,8.5455507,475.506
47.3862184,8.5455507,475.506
47.3862192,8.5455499,475.565
47.3862192,8.5455499,475.565
47.3862195,8.5455486,475.476
47.3862195,8.5455486,475.476
47.3862185,8.5455461,475.385
47.3862185,8.5455461,475.385
47.3862187,8.5455443,475.607
47.3862187,8.5455443,475.607
47.3862194,8.5455429,475.718
47.3862194,8.5455429,475.718
47.3862213,8.5455426,475.834
47.3862213,8.5455426,475.834
47.3862224,8.545541,475.817
47.3862224,8.545541,475.817
47.3862246,8.5455403,475.951
47.3862246,8.5455403,475.951
47.3862264,8.5455393,475.93
47.3862264,8.5455393,475.93
47.3862266,8.545537,475.932
47.3862266,8.545537,475.932
47.3862279,8.5455361,475.946
47.3862279,8.5455361,475.946
47.386228,8.5455342,475.803
47.386228,8.5455342,475.803
47.3862269,8.5455309,475.737
47.3862269,8.5455309,475.737
47.3862251,8.5455268,475.826
47.3862251,8.5455268,475.826
47.3862253,8.5455253,475.936
47.3862253,8.5455253,475.936
47.3862259,8.5455241,476.003
47.3862259,8.5455241,476.003
47.3862266,8.5455228,475.937
47.3862266,8.5455228,475.937
47.3862276,8.545522,475.988
47.3862276,8.545522,475.988
47.3862282,8.5455208,475.916
47.3862282,8.5455208,475.916
47.3862286,8.5455189,475.939
47.3862286,8.5455189,475.939
47.3862294,8.5455176,475.88
47.3862294,8.5455176,475.88
47.3862306,8.5455167,475.919
47.3862306,8.5455167,475.919
47.3862312,8.5455156,475.967
47.3862312,8.5455156,475.967
47.3862313,8.545514,476.045
47.3862313,8.545514,476.045
47.3862312,8.5455123,476.083
47.3862312,8.5455123,476.083
47.3862319,8.545511,476.184
47.3862319,8.545511,476.184
47.3862335,8.5455099,476.361
47.3862335,8.5455099,476.361
47.3862336,8.5455078,476.495
47.3862336,8.5455078,476.495
47.3862337,8.5455058,476.638
47.3862337,8.5455058,476.638
47.3862341,8.5455041,476.73
47.3862341,8.5455041,476.73
47.3862348,8.5455024,476.899
47.3862348,8.5455024,476.899
47.3862352,8.5455006,477.002
47.3862352,8.5455006,477.002
47.3862355,8.5454991,476.954
47.3862355,8.5454991,476.954
47.3862359,8.5454975,476.873
47.3862359,8.5454975,476.873
47.3862365,8.5454957,477.026
47.3862365,8.5454957,477.026
47.3862369,8.545494,476.996
47.3862369,8.545494,476.996
47.3862375,8.5454927,476.888
47.3862375,8.5454927,476.888
47.3862383,8.5454915,476.987
47.3862383,8.5454915,476.987
47.3862395,8.5454899,476.966
47.3862395,8.5454899,476.966
47.3862407,8.5454883,476.737
47.3862407,8.5454883,476.737
47.3862414,8.5454866,476.749
47.3862414,8.5454866,476.749
47.3862421,8.5454854,476.815
47.3862421,8.5454854,476.815
47.3862426,8.5454836,476.845
47.3862426,8.5454836,476.845
47.386244,8.5454824,477.029
47.386244,8.5454824,477.029
47.386244,8.5454809,477.192
47.386244,8.5454809,477.192
47.3862443,8.5454797,477.107
47.3862443,8.5454797,477.107
47.386245,8.5454776,476.916
47.386245,8.5454776,476.916
47.3862451,8.5454754,476.848
47.3862451,8.5454754,476.848
47.3862455,8.5454738,476.99
47.3862455,8.5454738,476.99
47.3862455,8.545472,476.969
47.3862455,8.545472,476.969
47.3862459,8.5454702,477.153
47.3862459,8.5454702,477.153
47.3862459,8.545468,477.403
47.3862459,8.545468,477.403
47.3862457,8.5454658,477.582
47.3862457,8.5454658,477.582
47.3862462,8.5454643,477.637
47.3862462,8.5454643,477.637
47.3862468,8.5454621,477.715
47.3862468,8.5454621,477.715
47.3862471,8.5454594,477.904
47.3862471,8.5454594,477.904
47.3862477,8.5454574,477.944
47.3862477,8.5454574,477.944
47.3862482,8.5454553,477.83
47.3862482,8.5454553,477.83
47.3862482,8.5454531,477.863
47.3862482,8.5454531,477.863
47.3862476,8.5454508,477.791
47.3862476,8.5454508,477.791
47.3862472,8.5454488,477.93
47.3862472,8.5454488,477.93
47.3862473,8.5454472,477.92
47.3862473,8.5454472,477.92
47.3862475,8.5454454,477.938
47.3862475,8.5454454,477.938
47.3862477,8.5454439,477.918
47.3862477,8.5454439,477.918
47.386248,8.5454424,478.09
47.386248,8.5454424,478.09
47.3862484,8.5454414,477.984
47.3862484,8.5454414,477.984
47.3862485,8.5454399,478.019
47.3862485,8.5454399,478.019
47.3862489,8.5454386,478.008
47.3862489,8.5454386,478.008
47.3862487,8.5454367,478.019
47.3862487,8.5454367,478.019
47.3862499,8.5454356,478.163
47.3862499,8.5454356,478.163
47.3862508,8.5454346,478.112
47.3862508,8.5454346,478.112
47.3862515,8.5454337,478.027
47.3862515,8.5454337,478.027
47.3862523,8.5454327,478.155
47.3862523,8.5454327,478.155
47.3862534,8.545432,478.194
47.3862534,8.545432,478.194
47.3862541,8.5454315,478.144
47.3862541,8.5454315,478.144
47.3862553,8.5454306,478.239
47.3862553,8.5454306,478.239
47.3862564,8.5454292,478.275
47.3862564,8.5454292,478.275
47.3862578,8.5454278,478.498
47.3862578,8.5454278,478.498
47.3862585,8.5454267,478.561
47.3862585,8.5454267,478.561
47.3862594,8.5454258,478.587
47.3862594,8.5454258,478.587
47.3862602,8.5454245,478.73
47.3862602,8.5454245,478.73
47.3862602,8.5454231,478.84
47.3862602,8.5454231,478.84
47.3862612,8.5454224,478.957
47.3862612,8.5454224,478.957
47.3862621,8.5454214,479.075
47.3862621,8.5454214,479.075
47.3862632,8.5454209,479.068
47.3862632,8.5454209,479.068
47.3862639,8.5454201,478.943
47.3862639,8.5454201,478.943
47.3862651,8.5454194,478.99
47.3862651,8.5454194,478.99
47.3862657,8.5454185,478.891
47.3862657,8.5454185,478.891
47.3862668,8.5454179,478.877
47.3862668,8.5454179,478.877
47.3862686,8.5454177,478.911
47.3862686,8.5454177,478.911
47.38627,8.5454176,478.82
47.38627,8.5454176,478.82
47.386271,8.5454174,478.731
47.386271,8.5454174,478.731
47.3862715,8.5454165,478.732
47.3862715,8.5454165,478.732
47.3862721,8.5454155,478.725
47.3862721,8.5454155,478.725
47.3862725,8.545415,478.509
47.3862725,8.545415,478.509
47.3862731,8.545414,478.666
47.3862731,8.545414,478.666
47.3862742,8.5454134,478.752
47.3862742,8.5454134,478.752
47.3862745,8.5454128,478.746
47.3862745,8.5454128,478.746
47.3862748,8.5454122,478.649
47.3862748,8.5454122,478.649
47.3862755,8.5454119,478.566
47.3862755,8.5454119,478.566
47.3862763,8.5454121,478.219
47.3862763,8.5454121,478.219
47.3862764,8.5454114,478.136
47.3862764,8.5454114,478.136
47.3862772,8.5454116,477.997
47.3862772,8.5454116,477.997
47.3862786,8.5454116,478.053
47.3862786,8.5454116,478.053
47.3862794,8.5454111,477.878
47.3862794,8.5454111,477.878
47.3862809,8.545411,477.733
47.3862809,8.545411,477.733
47.3862821,8.5454103,477.567
47.3862821,8.5454103,477.567
47.386283,8.5454087,477.679
47.386283,8.5454087,477.679
47.3862836,8.545407,477.848
47.3862836,8.545407,477.848
47.3862837,8.5454047,477.865
47.3862837,8.5454047,477.865
47.3862843,8.5454024,477.92
47.3862843,8.5454024,477.92
47.3862851,8.5454005,477.883
47.3862851,8.5454005,477.883
47.3862864,8.5453993,477.949
47.3862864,8.5453993,477.949
47.3862878,8.5453981,477.908
47.3862878,8.5453981,477.908
47.3862889,8.5453967,478.052
47.3862889,8.5453967,478.052
47.3862895,8.5453953,477.998
47.3862895,8.5453953,477.998
47.3862895,8.5453935,477.812
47.3862895,8.5453935,477.812
47.3862899,8.5453922,477.805
47.3862899,8.5453922,477.805
47.386291,8.5453913,477.876
47.386291,8.5453913,477.876
47.3862921,8.5453907,477.952
47.3862921,8.5453907,477.952
47.3862933,8.5453898,478.007
47.3862933,8.5453898,478.007
47.3862947,8.5453888,478.041
47.3862947,8.5453888,478.041
47.3862961,8.545388,478.031
47.3862961,8.545388,478.031
47.3862971,8.5453873,478.152
47.3862971,8.5453873,478.152
47.3862981,8.5453864,478.2
47.3862981,8.5453864,478.2
47.3862988,8.5453856,478.281
47.3862988,8.5453856,478.281
47.3862993,8.5453849,478.502
47.3862993,8.5453849,478.502
47.3863004,8.545385,478.503
47.3863004,8.545385,478.503
47.3863013,8.5453847,478.414
47.3863013,8.5453847,478.414
47.3863024,8.545385,478.15
47.3863024,8.545385,478.15
47.3863036,8.5453851,477.935
47.3863036,8.5453851,477.935
47.3863044,8.545385,477.827
47.3863044,8.545385,477.827
47.3863052,8.5453848,477.645
47.3863052,8.5453848,477.645
47.3863059,8.5453842,477.696
47.3863059,8.5453842,477.696
47.3863066,8.5453841,477.702
47.3863066,8.5453841,477.702
47.3863084,8.5453844,477.662
47.3863084,8.5453844,477.662
47.3863097,8.5453839,477.672
47.3863097,8.5453839,477.672
47.38631,8.545383,477.575
47.38631,8.545383,477.575
47.3863105,8.5453816,477.664
47.3863105,8.5453816,477.664
47.3863114,8.5453812,477.579
47.3863114,8.5453812,477.579
47.3863133,8.5453813,477.421
47.3863133,8.5453813,477.421
47.3863148,8.5453801,477.379
47.3863148,8.5453801,477.379
47.3863163,8.5453789,477.43
47.3863163,8.5453789,477.43
47.3863171,8.5453767,477.411
47.3863171,8.5453767,477.411
47.3863182,8.5453752,477.247
47.3863182,8.5453752,477.247
47.3863191,8.5453739,477.079
47.3863191,8.5453739,477.079
47.3863203,8.5453726,476.975
47.3863203,8.5453726,476.975
47.3863215,8.5453712,477.065
47.3863215,8.5453712,477.065
47.3863212,8.545369,476.992
47.3863212,8.545369,476.992
47.3863225,8.5453684,476.933
47.3863225,8.5453684,476.933
47.3863242,8.5453678,476.828
47.3863242,8.5453678,476.828
47.3863259,8.5453669,476.828
47.3863259,8.5453669,476.828
47.386327,8.5453657,476.926
47.386327,8.5453657,476.926
47.3863289,8.545365,476.943
47.3863289,8.545365,476.943
47.3863303,8.5453629,476.932
47.3863303,8.5453629,476.932
47.3863307,8.5453596,476.905
47.3863307,8.5453596,476.905
47.3863329,8.5453581,476.886
47.3863329,8.5453581,476.886
47.3863341,8.5453561,476.866
47.3863341,8.5453561,476.866
47.3863354,8.5453544,476.788
47.3863354,8.5453544,476.788
47.3863367,8.5453531,476.683
47.3863367,8.5453531,476.683
47.3863383,8.5453523,476.518
47.3863383,8.5453523,476.518
47.3863401,8.5453514,476.337
47.3863401,8.5453514,476.337
47.3863407,8.5453487,476.398
47.3863407,8.5453487,476.398
47.3863428,8.5453481,476.388
47.3863428,8.5453481,476.388
47.3863447,8.5453476,476.436
47.3863447,8.5453476,476.436
47.3863473,8.5453464,476.601
47.3863473,8.5453464,476.601
47.3863487,8.5453441,476.507
47.3863487,8.5453441,476.507
47.3863484,8.5453409,476.279
47.3863484,8.5453409,476.279
47.3863488,8.5453386,476.175
47.3863488,8.5453386,476.175
47.3863508,8.5453376,476.287
47.3863508,8.5453376,476.287
47.3863523,8.5453366,476.248
47.3863523,8.5453366,476.248
47.3863537,8.5453356,476.264
47.3863537,8.5453356,476.264
47.3863554,8.5453344,476.409
47.3863554,8.5453344,476.409
47.3863577,8.5453341,476.323
47.3863577,8.5453341,476.323
47.38636,8.5453341,476.423
47.38636,8.5453341,476.423
47.3863618,8.5453334,476.438
47.3863618,8.5453334,476.438
47.3863635,8.5453326,476.463
47.3863635,8.5453326,476.463
47.3863661,8.5453327,476.429
47.3863661,8.5453327,476.429
47.3863681,8.545333,476.143
47.3863681,8.545333,476.143
47.3863696,8.5453327,476.105
47.3863696,8.5453327,476.105
47.3863714,8.5453329,475.935
47.3863714,8.5453329,475.935
47.3863721,8.545332,475.972
47.3863721,8.545332,475.972
47.386373,8.5453315,475.792
47.386373,8.5453315,475.792
47.3863743,8.5453303,475.902
47.3863743,8.5453303,475.902
47.3863762,8.5453293,476.112
47.3863762,8.5453293,476.112
47.3863775,8.5453283,476.186
47.3863775,8.5453283,476.186
47.3863794,8.5453276,476.273
47.3863794,8.5453276,476.273
47.3863804,8.5453266,476.2
47.3863804,8.5453266,476.2
47.386381,8.5453252,476.278
47.386381,8.5453252,476.278
47.3863819,8.5453241,476.237
47.3863819,8.5453241,476.237
47.3863822,8.5453225,476.18
47.3863822,8.5453225,476.18
47.3863822,8.5453203,476.186
47.3863822,8.5453203,476.186
47.3863839,8.5453194,476.293
47.3863839,8.5453194,476.293
47.3863853,8.5453175,476.549
47.3863853,8.5453175,476.549
47.3863864,8.5453155,476.656
47.3863864,8.5453155,476.656
47.3863885,8.5453148,476.91
47.3863885,8.5453148,476.91
47.3863915,8.5453156,476.978
47.3863915,8.5453156,476.978
47.3863933,8.545315,477.046
47.3863933,8.545315,477.046
47.3863944,8.5453138,476.948
47.3863944,8.5453138,476.948
47.386396,8.5453127,476.928
47.386396,8.5453127,476.928
47.3863965,8.5453104,476.986
47.3863965,8.5453104,476.986
47.3863967,8.5453085,476.826
47.3863967,8.5453085,476.826
47.3863971,8.5453067,476.74
47.3863971,8.5453067,476.74
47.3863974,8.5453048,476.73
47.3863974,8.5453048,476.73
47.3863988,8.545304,476.754
47.3863988,8.545304,476.754
47.3864,8.5453024,476.821
47.3864,8.5453024,476.821
47.3864022,8.5453019,476.875
47.3864022,8.5453019,476.875
47.3864044,8.5453014,476.914
47.3864044,8.5453014,476.914
47.3864072,8.5453017,477.042
47.3864072,8.5453017,477.042
47.3864101,8.5453021,477.088
47.3864101,8.5453021,477.088
47.3864114,8.5453008,477.103
47.3864114,8.5453008,477.103
47.3864118,8.5452992,477.024
47.3864118,8.5452992,477.024
47.3864134,8.5452986,477.039
47.3864134,8.5452986,477.039
47.386415,8.5452973,477.174
47.386415,8.5452973,477.174
47.3864167,8.5452963,477.27
47.3864167,8.5452963,477.27
47.3864186,8.545295,477.42
47.3864186,8.545295,477.42
47.3864236,8.5452959,477.624
47.3864236,8.5452959,477.624
47.3864281,8.5452958,477.969
47.3864281,8.5452958,477.969
47.3864325,8.5452957,478.214
47.3864325,8.5452957,478.214
47.3864347,8.5452941,478.333
47.3864347,8.5452941,478.333
47.3864362,8.5452931,478.503
47.3864362,8.5452931,478.503
47.3864384,8.5452935,478.696
47.3864384,8.5452935,478.696
47.386441,8.5452938,478.877
47.386441,8.5452938,478.877
47.3864424,8.5452925,478.962
47.3864424,8.5452925,478.962
47.3864435,8.5452908,479.055
47.3864435,8.5452908,479.055
47.3864453,8.5452903,479.072
47.3864453,8.5452903,479.072
47.386447,8.5452895,479.31
47.386447,8.5452895,479.31
47.3864482,8.5452878,479.394
47.3864482,8.5452878,479.394
47.3864485,8.5452848,479.639
47.3864485,8.5452848,479.639
47.3864498,8.545283,479.727
47.3864498,8.545283,479.727
47.3864515,8.545281,479.981
47.3864515,8.545281,479.981
47.3864523,8.545278,480.17
47.3864523,8.545278,480.17
47.386454,8.5452761,480.358
47.386454,8.5452761,480.358
47.3864552,8.5452735,480.743
47.3864552,8.5452735,480.743
47.3864558,8.545271,480.754
47.3864558,8.545271,480.754
47.3864562,8.5452689,480.879
47.3864562,8.5452689,480.879
47.3864576,8.5452671,481.125
47.3864576,8.5452671,481.125
47.3864576,8.5452638,481.272
47.3864576,8.5452638,481.272
47.3864587,8.5452614,481.486
47.3864587,8.5452614,481.486
47.3864595,8.5452582,481.778
47.3864595,8.5452582,481.778
47.3864601,8.545255,482.039
47.3864601,8.545255,482.039
47.3864607,8.5452513,482.371
47.3864607,8.5452513,482.371
47.3864614,8.5452483,482.446
47.3864614,8.5452483,482.446
47.3864621,8.5452439,482.712
47.3864621,8.5452439,482.712
47.3864625,8.5452394,483.015
47.3864625,8.5452394,483.015
47.3864626,8.5452356,483.119
47.3864626,8.5452356,483.119
47.3864637,8.5452329,483.224
47.3864637,8.5452329,483.224
47.3864654,8.5452311,483.235
47.3864654,8.5452311,483.235
47.3864667,8.5452284,483.506
47.3864667,8.5452284,483.506
47.3864685,8.5452265,483.848
47.3864685,8.5452265,483.848
47.3864693,8.5452239,484.044
47.3864693,8.5452239,484.044
47.3864699,8.545222,484.076
47.3864699,8.545222,484.076
47.3864711,8.5452206,484.167
47.3864711,8.5452206,484.167
47.3864721,8.5452196,484.021
47.3864721,8.5452196,484.021
47.3864728,8.5452184,483.91
47.3864728,8.5452184,483.91
47.3864737,8.5452172,483.901
47.3864737,8.5452172,483.901
47.3864752,8.5452167,483.754
47.3864752,8.5452167,483.754
47.3864764,8.545216,483.668
47.3864764,8.545216,483.668
47.3864772,8.545214,483.894
47.3864772,8.545214,483.894
47.386479,8.5452137,483.996
47.386479,8.5452137,483.996
47.3864804,8.5452136,483.879
47.3864804,8.5452136,483.879
47.3864806,8.5452122,483.905
47.3864806,8.5452122,483.905
47.3864809,8.5452114,483.643
47.3864809,8.5452114,483.643
47.3864811,8.5452105,483.509
47.3864811,8.5452105,483.509
47.3864818,8.5452097,483.506
47.3864818,8.5452097,483.506
47.386483,8.5452095,483.62
47.386483,8.5452095,483.62
47.3864835,8.5452095,483.588
47.3864835,8.5452095,483.588
47.3864838,8.5452093,483.466
47.3864838,8.5452093,483.466
47.3864841,8.5452085,483.285
47.3864841,8.5452085,483.285
47.3864843,8.5452063,483.327
47.3864843,8.5452063,483.327
47.3864848,8.5452057,483.048
47.3864848,8.5452057,483.048
47.3864852,8.545205,482.97
47.3864852,8.545205,482.97
47.3864853,8.5452043,482.802
47.3864853,8.5452043,482.802
47.3864854,8.5452029,482.799
47.3864854,8.5452029,482.799
47.3864858,8.5452017,482.732
47.3864858,8.5452017,482.732
47.3864861,8.545201,482.426
47.3864861,8.545201,482.426
47.3864864,8.5452004,482.205
47.3864864,8.5452004,482.205
47.3864861,8.5451983,482.206
47.3864861,8.5451983,482.206
47.3864865,8.5451959,482.318
47.3864865,8.5451959,482.318
47.3864873,8.5451938,482.447
47.3864873,8.5451938,482.447
47.3864873,8.5451918,482.312
47.3864873,8.5451918,482.312
47.3864876,8.5451904,482.162
47.3864876,8.5451904,482.162
47.3864878,8.5451892,481.94
47.3864878,8.5451892,481.94
47.3864882,8.5451878,481.98
47.3864882,8.5451878,481.98
47.3864895,8.5451875,481.989
47.3864895,8.5451875,481.989
47.3864906,8.5451863,482.037
47.3864906,8.5451863,482.037
47.3864919,8.5451856,482.043
47.3864919,8.5451856,482.043
47.3864938,8.5451859,482.172
47.3864938,8.5451859,482.172
47.3864956,8.5451864,482.348
47.3864956,8.5451864,482.348
47.3864979,8.5451873,482.494
47.3864979,8.5451873,482.494
47.3865005,8.5451885,482.569
47.3865005,8.5451885,482.569
47.3865026,8.5451887,482.679
47.3865026,8.5451887,482.679
47.3865041,8.5451885,482.734
47.3865041,8.5451885,482.734
47.3865055,8.5451882,482.982
47.3865055,8.5451882,482.982
47.3865066,8.5451886,482.948
47.3865066,8.5451886,482.948
47.3865068,8.5451882,482.778
47.3865068,8.5451882,482.778
47.3865067,8.545187,482.63
47.3865067,8.545187,482.63
47.3865064,8.545186,482.517
47.3865064,8.545186,482.517
47.3865078,8.5451866,482.508
47.3865078,8.5451866,482.508
47.3865082,8.5451853,482.478
47.3865082,8.5451853,482.478
47.3865108,8.5451857,482.58
47.3865108,8.5451857,482.58
47.3865134,8.5451861,482.699
47.3865134,8.5451861,482.699
47.386515,8.5451856,482.634
47.386515,8.5451856,482.634
47.3865164,8.5451849,482.497
47.3865164,8.5451849,482.497
47.3865168,8.5451828,482.427
47.3865168,8.5451828,482.427
47.3865186,8.5451826,482.329
47.3865186,8.5451826,482.329
47.3865195,8.5451815,482.369
47.3865195,8.5451815,482.369
47.3865205,8.5451806,482.222
47.3865205,8.5451806,482.222
47.3865232,8.5451818,482.161
47.3865232,8.5451818,482.161
47.3865258,8.5451827,482.096
47.3865258,8.5451827,482.096
47.3865287,8.5451836,482.026
47.3865287,8.5451836,482.026
47.3865304,8.5451839,481.837
47.3865304,8.5451839,481.837
47.3865323,8.5451838,481.852
47.3865323,8.5451838,481.852
47.386533,8.545183,481.704
47.386533,8.545183,481.704
47.3865332,8.5451814,481.677
47.3865332,8.5451814,481.677
47.3865346,8.5451816,481.512
47.3865346,8.5451816,481.512
47.3865359,8.5451816,481.243
47.3865359,8.5451816,481.243
47.386537,8.5451804,481.45
47.386537,8.5451804,481.45
47.3865382,8.5451804,481.252
47.3865382,8.5451804,481.252
47.3865392,8.54518,481.055
47.3865392,8.54518,481.055
47.3865404,8.5451792,481.157
47.3865404,8.5451792,481.157
47.3865425,8.5451802,481.056
47.3865425,8.5451802,481.056
47.3865443,8.5451809,481.004
47.3865443,8.5451809,481.004
47.3865464,8.5451824,480.713
47.3865464,8.5451824,480.713
47.3865475,8.545183,480.43
47.3865475,8.545183,480.43
47.3865491,8.5451835,480.333
47.3865491,8.5451835,480.333
47.386551,8.5451839,480.238
47.386551,8.5451839,480.238
47.3865527,8.5451848,479.995
47.3865527,8.5451848,479.995
47.3865543,8.5451855,479.876
47.3865543,8.5451855,479.876
47.3865551,8.5451846,479.925
47.3865551,8.5451846,479.925
47.3865562,8.5451838,479.994
47.3865562,8.5451838,479.994
47.3865577,8.5451844,479.794
47.3865577,8.5451844,479.794
47.3865579,8.5451839,479.709
47.3865579,8.5451839,479.709
47.3865579,8.5451832,479.522
47.3865579,8.5451832,479.522
47.386558,8.5451825,479.53
47.386558,8.5451825,479.53
47.3865588,8.5451827,479.373
47.3865588,8.5451827,479.373
47.3865598,8.5451832,479.214
47.3865598,8.5451832,479.214
47.3865601,8.5451824,479.087
47.3865601,8.5451824,479.087
47.3865607,8.5451826,478.666
47.3865607,8.5451826,478.666
47.3865609,8.5451823,478.461
47.3865609,8.5451823,478.461
47.3865608,8.5451819,478.292
47.3865608,8.5451819,478.292
47.3865614,8.5451816,478.18
47.3865614,8.5451816,478.18
47.3865621,8.5451815,478.0
47.3865621,8.5451815,478.0
47.3865624,8.5451806,478.12
47.3865624,8.5451806,478.12
47.3865633,8.5451801,478.191
47.3865633,8.5451801,478.191
47.386564,8.5451791,478.42
47.386564,8.5451791,478.42
47.3865648,8.545179,478.352
47.3865648,8.545179,478.352
47.3865655,8.5451791,478.333
47.3865655,8.5451791,478.333
47.3865662,8.5451795,478.271
47.3865662,8.5451795,478.271
47.3865671,8.545179,478.42
47.3865671,8.545179,478.42
47.3865675,8.5451778,478.403
47.3865675,8.5451778,478.403
47.3865677,8.5451776,478.121
47.3865677,8.5451776,478.121
47.3865677,8.5451776,477.966
47.3865677,8.5451776,477.966
47.3865675,8.5451765,478.06
47.3865675,8.5451765,478.06
47.3865676,8.5451758,478.044
47.3865676,8.5451758,478.044
47.3865678,8.545175,478.186
47.3865678,8.545175,478.186
47.3865681,8.5451747,478.11
47.3865681,8.5451747,478.11
47.3865683,8.5451745,478.174
47.3865683,8.5451745,478.174
47.3865682,8.5451738,478.283
47.3865682,8.5451738,478.283
47.3865686,8.5451741,478.03
47.3865686,8.5451741,478.03
47.3865681,8.5451735,477.882
47.3865681,8.5451735,477.882
47.3865677,8.5451726,477.848
47.3865677,8.5451726,477.848
47.3865676,8.5451716,477.914
47.3865676,8.5451716,477.914
47.3865677,8.5451713,477.834
47.3865677,8.5451713,477.834
47.3865679,8.5451713,477.719
47.3865679,8.5451713,477.719
47.386568,8.5451709,477.589
47.386568,8.5451709,477.589
47.3865678,8.5451698,477.505
47.3865678,8.5451698,477.505
47.3865672,8.5451684,477.393
47.3865672,8.5451684,477.393
47.3865667,8.5451668,477.305
47.3865667,8.5451668,477.305
47.3865662,8.5451644,477.328
47.3865662,8.5451644,477.328
47.3865662,8.5451625,477.471
47.3865662,8.5451625,477.471
47.3865668,8.5451611,477.481
47.3865668,8.5451611,477.481
47.3865672,8.545159,477.637
47.3865672,8.545159,477.637
47.3865676,8.5451577,477.404
47.3865676,8.5451577,477.404
47.3865672,8.5451555,477.418
47.3865672,8.5451555,477.418
47.3865676,8.5451537,477.354
47.3865676,8.5451537,477.354
47.3865677,8.545152,477.204
47.3865677,8.545152,477.204
47.386568,8.5451503,477.171
47.386568,8.5451503,477.171
47.3865691,8.5451489,477.192
47.3865691,8.5451489,477.192
47.3865698,8.5451479,477.061
47.3865698,8.5451479,477.061
47.3865705,8.5451477,476.844
47.3865705,8.5451477,476.844
47.3865713,8.5451472,476.774
47.3865713,8.5451472,476.774
47.3865722,8.545146,476.778
47.3865722,8.545146,476.778
47.3865735,8.5451447,476.854
47.3865735,8.5451447,476.854
47.3865753,8.5451443,476.838
47.3865753,8.5451443,476.838
47.3865763,8.5451433,476.811
47.3865763,8.5451433,476.811
47.3865774,8.5451426,476.666
47.3865774,8.5451426,476.666
47.3865783,8.5451423,476.418
47.3865783,8.5451423,476.418
47.3865787,8.5451418,476.285
47.3865787,8.5451418,476.285
47.3865795,8.5451413,476.094
47.3865795,8.5451413,476.094
47.3865806,8.5451405,476.036
47.3865806,8.5451405,476.036
47.3865815,8.5451396,476.072
47.3865815,8.5451396,476.072
47.3865826,8.5451386,476.142
47.3865826,8.5451386,476.142
47.3865837,8.5451376,476.18
47.3865837,8.5451376,476.18
47.3865844,8.545136,476.342
47.3865844,8.545136,476.342
47.3865854,8.5451345,476.419
47.3865854,8.5451345,476.419
47.3865875,8.5451336,476.289
47.3865875,8.5451336,476.289
47.386589,8.5451322,476.393
47.386589,8.5451322,476.393
47.3865902,8.5451304,476.596
47.3865902,8.5451304,476.596
47.3865915,8.5451288,476.508
47.3865915,8.5451288,476.508
47.386593,8.5451277,476.391
47.386593,8.5451277,476.391
47.3865941,8.5451261,476.477
47.3865941,8.5451261,476.477
47.3865958,8.5451245,476.487
47.3865958,8.5451245,476.487
47.386597,8.5451229,476.387
47.386597,8.5451229,476.387
47.3865986,8.5451219,476.505
47.3865986,8.5451219,476.505
47.3865997,8.5451203,476.542
47.3865997,8.5451203,476.542
47.3865995,8.5451184,476.766
47.3865995,8.5451184,476.766
47.3866,8.5451172,476.981
47.3866,8.5451172,476.981
47.3866012,8.5451155,477.276
47.3866012,8.5451155,477.276
47.3866035,8.5451148,477.492
47.3866035,8.5451148,477.492
47.3866049,8.5451132,477.907
47.3866049,8.5451132,477.907
47.3866053,8.5451114,478.315
47.3866053,8.5451114,478.315
47.3866052,8.5451099,478.485
47.3866052,8.5451099,478.485
47.386605,8.5451085,478.644
47.386605,8.5451085,478.644
47.3866053,8.5451077,478.716
47.3866053,8.5451077,478.716
47.3866059,8.5451055,479.056
47.3866059,8.5451055,479.056
47.386606,8.5451032,479.531
47.386606,8.5451032,479.531
47.3866075,8.5451014,479.904
47.3866075,8.5451014,479.904
47.3866106,8.545101,479.981
47.3866106,8.545101,479.981
47.3866132,8.5451018,480.286
47.3866132,8.5451018,480.286
47.3866157,8.5451027,480.431
47.3866157,8.5451027,480.431
47.3866179,8.5451039,480.586
47.3866179,8.5451039,480.586
47.3866202,8.545105,480.744
47.3866202,8.545105,480.744
47.3866218,8.5451059,480.881
47.3866218,8.5451059,480.881
47.3866235,8.5451071,480.812
47.3866235,8.5451071,480.812
47.3866246,8.5451082,480.996
47.3866246,8.5451082,480.996
47.3866255,8.5451105,481.183
47.3866255,8.5451105,481.183
47.3866271,8.5451123,481.336
47.3866271,8.5451123,481.336
47.3866288,8.5451135,481.556
47.3866288,8.5451135,481.556
47.3866304,8.5451135,481.716
47.3866304,8.5451135,481.716
47.3866317,8.5451148,481.771
47.3866317,8.5451148,481.771
47.3866327,8.5451157,481.71
47.3866327,8.5451157,481.71
47.3866328,8.5451173,481.624
47.3866328,8.5451173,481.624
47.3866327,8.5451184,481.743
47.3866327,8.5451184,481.743
47.3866328,8.545119,481.877
47.3866328,8.545119,481.877
47.3866329,8.5451194,481.961
47.3866329,8.5451194,481.961
47.3866323,8.5451185,482.101
47.3866323,8.5451185,482.101
47.3866324,8.5451183,482.02
47.3866324,8.5451183,482.02
47.386632,8.5451176,481.76
47.386632,8.5451176,481.76
47.3866313,8.545117,481.62
47.3866313,8.545117,481.62
47.3866308,8.5451161,481.661
47.3866308,8.5451161,481.661
47.3866304,8.5451155,481.571
47.3866304,8.5451155,481.571
47.386631,8.5451161,480.961
47.386631,8.5451161,480.961
47.386631,8.5451157,480.817
47.386631,8.5451157,480.817
47.3866304,8.5451143,480.834
47.3866304,8.5451143,480.834
47.3866306,8.5451136,480.895
47.3866306,8.5451136,480.895
47.3866303,8.5451127,480.851
47.3866303,8.5451127,480.851
47.3866302,8.5451124,480.71
47.3866302,8.5451124,480.71
47.3866301,8.5451122,480.539
47.3866301,8.5451122,480.539
47.3866297,8.545112,480.404
47.3866297,8.545112,480.404
47.3866298,8.545112,480.152
47.3866298,8.545112,480.152
47.3866301,8.5451117,480.11
47.3866301,8.5451117,480.11
47.3866308,8.5451115,479.996
47.3866308,8.5451115,479.996
47.3866312,8.5451114,479.851
47.3866312,8.5451114,479.851
47.3866315,8.5451106,479.791
47.3866315,8.5451106,479.791
47.3866321,8.5451105,479.656
47.3866321,8.5451105,479.656
47.3866323,8.5451104,479.349
47.3866323,8.5451104,479.349
47.3866323,8.5451107,479.07
47.3866323,8.5451107,479.07
47.3866334,8.5451113,478.779
47.3866334,8.5451113,478.779
47.3866333,8.5451115,478.617
47.3866333,8.5451115,478.617
47.3866331,8.5451113,478.413
47.3866331,8.5451113,478.413
47.3866335,8.5451115,478.429
47.3866335,8.5451115,478.429
47.3866339,8.5451118,478.256
47.3866339,8.5451118,478.256
47.3866341,8.5451122,478.235
47.3866341,8.5451122,478.235
47.3866346,8.5451138,478.076
47.3866346,8.5451138,478.076
47.3866358,8.5451158,478.054
47.3866358,8.5451158,478.054
47.3866366,8.5451177,477.783
47.3866366,8.5451177,477.783
47.3866366,8.5451186,477.709
47.3866366,8.5451186,477.709
47.3866363,8.5451194,477.637
47.3866363,8.5451194,477.637
47.3866361,8.5451204,477.491
47.3866361,8.5451204,477.491
47.3866358,8.5451212,477.346
47.3866358,8.5451212,477.346
47.3866357,8.545122,477.304
47.3866357,8.545122,477.304
47.3866357,8.5451225,477.269
47.3866357,8.5451225,477.269
47.3866354,8.5451229,477.266
47.3866354,8.5451229,477.266
47.3866353,8.5451231,477.168
47.3866353,8.5451231,477.168
47.3866356,8.5451233,477.023
47.3866356,8.5451233,477.023
47.3866351,8.5451228,477.059
47.3866351,8.5451228,477.059
47.3866357,8.5451225,476.728
47.3866357,8.5451225,476.728
47.3866375,8.5451214,476.131
47.3866375,8.5451214,476.131
47.3866382,8.5451201,475.954
47.3866382,8.5451201,475.954
47.3866385,8.5451195,475.808
47.3866385,8.5451195,475.808
47.3866385,8.5451192,475.591
47.3866385,8.5451192,475.591
47.3866389,8.5451188,475.262
47.3866389,8.5451188,475.262
47.3866394,8.5451183,474.961
47.3866394,8.5451183,474.961
47.38664,8.5451169,474.632
47.38664,8.5451169,474.632
47.3866408,8.5451158,474.342
47.3866408,8.5451158,474.342
47.3866411,8.5451151,474.164
47.3866411,8.5451151,474.164
47.3866407,8.545114,473.923
47.3866407,8.545114,473.923
47.3866412,8.5451135,473.924
47.3866412,8.5451135,473.924
47.3866427,8.5451127,473.649
47.3866427,8.5451127,473.649
47.3866434,8.545112,473.477
47.3866434,8.545112,473.477
47.3866449,8.5451109,473.183
47.3866449,8.5451109,473.183
47.3866461,8.5451099,472.999
47.3866461,8.5451099,472.999
47.3866479,8.54511,472.905
47.3866479,8.54511,472.905
47.3866485,8.54511,472.649
47.3866485,8.54511,472.649
47.3866494,8.54511,472.486
47.3866494,8.54511,472.486
47.3866504,8.5451086,472.188
47.3866504,8.5451086,472.188
47.3866509,8.5451077,472.085
47.3866509,8.5451077,472.085
47.3866518,8.5451066,471.883
47.3866518,8.5451066,471.883
47.3866523,8.545106,471.825
47.3866523,8.545106,471.825
47.3866524,8.5451058,471.939
47.3866524,8.5451058,471.939
47.3866529,8.5451054,471.99
47.3866529,8.5451054,471.99
47.3866529,8.5451051,472.098
47.3866529,8.5451051,472.098
47.3866528,8.5451045,472.233
47.3866528,8.5451045,472.233
47.3866531,8.545104,472.341
47.3866531,8.545104,472.341
47.3866543,8.5451033,472.278
47.3866543,8.5451033,472.278
47.3866558,8.5451023,472.224
47.3866558,8.5451023,472.224
47.3866568,8.5451014,472.414
47.3866568,8.5451014,472.414
47.3866575,8.5451004,472.656
47.3866575,8.5451004,472.656
47.3866586,8.5450997,472.654
47.3866586,8.5450997,472.654
47.3866594,8.5450993,472.693
47.3866594,8.5450993,472.693
47.3866596,8.545099,472.923
47.3866596,8.545099,472.923
47.3866601,8.5450984,473.038
47.3866601,8.5450984,473.038
47.3866601,8.5450978,473.38
47.3866601,8.5450978,473.38
47.386659,8.5450976,473.819
47.386659,8.5450976,473.819
47.3866586,8.5450975,474.096
47.3866586,8.5450975,474.096
47.3866591,8.5450975,474.14
47.3866591,8.5450975,474.14
47.3866598,8.5450973,474.13
47.3866598,8.5450973,474.13
47.3866604,8.545096,474.195
47.3866604,8.545096,474.195
47.38666,8.5450948,474.45
47.38666,8.5450948,474.45
47.3866584,8.5450953,474.801
47.3866584,8.5450953,474.801
47.3866574,8.5450955,475.044
47.3866574,8.5450955,475.044
47.3866558,8.5450973,475.28
47.3866558,8.5450973,475.28
47.3866547,8.545098,475.423
47.3866547,8.545098,475.423
47.3866537,8.5450983,475.531
47.3866537,8.5450983,475.531
47.3866531,8.5450979,475.546
47.3866531,8.5450979,475.546
47.3866538,8.5450983,475.237
47.3866538,8.5450983,475.237
47.3866549,8.5450996,474.703
47.3866549,8.5450996,474.703
47.3866551,8.5450993,474.603
47.3866551,8.5450993,474.603
47.3866547,8.5451001,474.508
47.3866547,8.5451001,474.508
47.3866534,8.5451004,474.661
47.3866534,8.5451004,474.661
47.3866514,8.5451022,474.72
47.3866514,8.5451022,474.72
47.3866502,8.545106,474.448
47.3866502,8.545106,474.448
47.38665,8.545107,474.187
47.38665,8.545107,474.187
47.3866496,8.5451056,473.997
47.3866496,8.5451056,473.997
47.3866491,8.5451047,473.922
47.3866491,8.5451047,473.922
47.3866485,8.545104,473.818
47.3866485,8.545104,473.818
47.3866487,8.5451037,473.711
47.3866487,8.5451037,473.711
47.3866482,8.5451041,473.832
47.3866482,8.5451041,473.832
47.3866479,8.5451042,473.925
47.3866479,8.5451042,473.925
47.3866487,8.5451043,473.793
47.3866487,8.5451043,473.793
47.3866496,8.5451037,473.76
47.3866496,8.5451037,473.76
47.3866509,8.5451033,473.732
47.3866509,8.5451033,473.732
47.3866514,8.5451035,473.966
47.3866514,8.5451035,473.966
47.3866521,8.5451029,473.865
47.3866521,8.5451029,473.865
47.3866527,8.5451027,473.966
47.3866527,8.5451027,473.966
47.3866524,8.5451028,474.003
47.3866524,8.5451028,474.003
47.3866518,8.5451034,474.077
47.3866518,8.5451034,474.077
47.3866514,8.5451042,474.196
47.3866514,8.5451042,474.196
47.3866501,8.5451047,474.38
47.3866501,8.5451047,474.38
47.3866484,8.5451054,474.576
47.3866484,8.5451054,474.576
47.3866476,8.5451066,474.99
47.3866476,8.5451066,474.99
47.3866467,8.5451075,475.147
47.3866467,8.5451075,475.147
47.3866466,8.5451079,475.099
47.3866466,8.5451079,475.099
47.3866467,8.5451084,475.196
47.3866467,8.5451084,475.196
47.3866467,8.5451088,475.087
47.3866467,8.5451088,475.087
47.3866462,8.5451091,475.284
47.3866462,8.5451091,475.284
47.386646,8.5451083,475.228
47.386646,8.5451083,475.228
47.3866463,8.5451079,475.274
47.3866463,8.5451079,475.274
47.3866465,8.545107,475.304
47.3866465,8.545107,475.304
47.3866461,8.5451052,475.443
47.3866461,8.5451052,475.443
47.3866459,8.5451033,475.407
47.3866459,8.5451033,475.407
47.386645,8.5451039,475.534
47.386645,8.5451039,475.534
47.386645,8.5451034,475.575
47.386645,8.5451034,475.575
47.3866453,8.5451023,475.426
47.3866453,8.5451023,475.426
47.3866455,8.5451005,475.358
47.3866455,8.5451005,475.358
47.3866462,8.5450979,475.033
47.3866462,8.5450979,475.033
47.386648,8.5450959,474.756
47.386648,8.5450959,474.756
47.3866486,8.5450931,474.564
47.3866486,8.5450931,474.564
47.3866482,8.5450906,474.603
47.3866482,8.5450906,474.603
47.3866483,8.5450882,474.713
47.3866483,8.5450882,474.713
47.3866491,8.5450865,474.569
47.3866491,8.5450865,474.569
47.3866499,8.5450853,474.592
47.3866499,8.5450853,474.592
47.386649,8.5450841,474.633
47.386649,8.5450841,474.633
47.386649,8.5450837,474.646
47.386649,8.5450837,474.646
47.3866488,8.5450828,474.738
47.3866488,8.5450828,474.738
47.3866494,8.5450818,474.631
47.3866494,8.5450818,474.631
47.38665,8.5450819,474.558
47.38665,8.5450819,474.558
47.3866516,8.5450833,474.524
47.3866516,8.5450833,474.524
47.3866552,8.5450843,474.348
47.3866552,8.5450843,474.348
47.386658,8.5450852,474.761
47.386658,8.5450852,474.761
47.3866584,8.5450856,475.422
47.3866584,8.5450856,475.422
47.3866587,8.5450864,476.199
47.3866587,8.5450864,476.199
47.3866585,8.5450877,476.983
47.3866585,8.5450877,476.983
47.3866579,8.5450887,477.626
47.3866579,8.5450887,477.626
47.3866576,8.5450891,477.626
47.3866576,8.5450891,477.626
47.3866575,8.5450897,477.793
47.3866575,8.5450897,477.793
47.3866576,8.5450907,477.852
47.3866576,8.5450907,477.852
47.3866569,8.5450905,477.735
47.3866569,8.5450905,477.735
47.3866563,8.5450904,477.858
47.3866563,8.5450904,477.858
47.3866559,8.5450909,478.054
47.3866559,8.5450909,478.054
47.3866552,8.5450914,478.254
47.3866552,8.5450914,478.254
47.3866546,8.5450928,478.302
47.3866546,8.5450928,478.302
47.3866542,8.5450941,478.356
47.3866542,8.5450941,478.356
47.3866549,8.545095,478.064
47.3866549,8.545095,478.064
47.3866551,8.5450956,477.908
47.3866551,8.5450956,477.908
47.3866549,8.5450966,477.512
47.3866549,8.5450966,477.512
47.3866534,8.5450971,477.389
47.3866534,8.5450971,477.389
47.3866523,8.5450977,477.288
47.3866523,8.5450977,477.288
47.3866518,8.5450977,477.066
47.3866518,8.5450977,477.066
47.386651,8.5450974,476.768
47.386651,8.5450974,476.768
47.3866502,8.545097,476.197
47.3866502,8.545097,476.197
47.3866486,8.5450965,475.567
47.3866486,8.5450965,475.567
47.3866459,8.5450971,475.984
47.3866459,8.5450971,475.984
47.3866457,8.5450977,476.056
47.3866457,8.5450977,476.056
47.3866462,8.5450978,475.905
47.3866462,8.5450978,475.905
47.386647,8.5450986,476.1
47.386647,8.5450986,476.1
47.3866476,8.5450992,476.305
47.3866476,8.5450992,476.305
47.3866477,8.5450997,476.591
47.3866477,8.5450997,476.591
47.3866472,8.5451008,477.034
47.3866472,8.5451008,477.034
47.3866474,8.5451027,477.48
47.3866474,8.5451027,477.48
47.3866471,8.545105,477.939
47.3866471,8.545105,477.939
47.3866463,8.5451072,478.555
47.3866463,8.5451072,478.555
47.3866464,8.5451094,478.866
47.3866464,8.5451094,478.866
47.3866468,8.5451115,479.029
47.3866468,8.5451115,479.029
47.3866454,8.5451137,479.566
47.3866454,8.5451137,479.566
47.3866446,8.5451156,479.952
47.3866446,8.5451156,479.952
47.3866425,8.545117,480.583
47.3866425,8.545117,480.583
47.3866411,8.545119,481.031
47.3866411,8.545119,481.031
47.386639,8.5451209,481.525
47.386639,8.5451209,481.525
47.3866373,8.5451231,482.137
47.3866373,8.5451231,482.137
47.3866364,8.5451245,482.534
47.3866364,8.5451245,482.534
47.3866351,8.545126,482.851
47.3866351,8.545126,482.851
47.3866351,8.5451286,483.26
47.3866351,8.5451286,483.26
47.3866333,8.5451307,483.757
47.3866333,8.5451307,483.757
47.3866314,8.5451331,484.17
47.3866314,8.5451331,484.17
47.3866308,8.5451353,484.566
47.3866308,8.5451353,484.566
47.3866277,8.5451361,485.261
47.3866277,8.5451361,485.261
47.386626,8.5451372,485.804
47.386626,8.5451372,485.804
47.3866254,8.5451383,486.05
47.3866254,8.5451383,486.05
47.3866243,8.5451394,486.573
47.3866243,8.5451394,486.573
47.3866229,8.5451399,486.888
47.3866229,8.5451399,486.888
47.3866223,8.5451401,487.166
47.3866223,8.5451401,487.166
47.386621,8.5451404,487.47
47.386621,8.5451404,487.47
47.3866206,8.5451413,487.816
47.3866206,8.5451413,487.816
47.3866206,8.5451423,487.908
47.3866206,8.5451423,487.908
47.3866199,8.5451435,488.34
47.3866199,8.5451435,488.34
47.3866206,8.5451448,488.606
47.3866206,8.5451448,488.606
47.3866203,8.5451465,489.145
47.3866203,8.5451465,489.145
47.3866207,8.5451475,489.262
47.3866207,8.5451475,489.262
47.3866195,8.5451481,489.81
47.3866195,8.5451481,489.81
47.3866196,8.5451488,490.283
47.3866196,8.5451488,490.283
47.3866201,8.5451493,490.73
47.3866201,8.5451493,490.73
47.3866202,8.5451505,490.955
47.3866202,8.5451505,490.955
47.3866192,8.5451515,491.334
47.3866192,8.5451515,491.334
47.38662,8.5451512,491.373
47.38662,8.5451512,491.373
47.3866204,8.5451501,491.364
47.3866204,8.5451501,491.364
47.3866203,8.5451498,491.776
47.3866203,8.5451498,491.776
47.3866212,8.54515,491.838
47.3866212,8.54515,491.838
47.386621,8.545151,492.357
47.386621,8.545151,492.357
47.3866217,8.5451511,492.545
47.3866217,8.5451511,492.545
47.3866226,8.5451515,492.626
47.3866226,8.5451515,492.626
47.3866239,8.5451513,492.867
47.3866239,8.5451513,492.867
47.3866257,8.545151,492.904
47.3866257,8.545151,492.904
47.3866266,8.5451504,493.033
47.3866266,8.5451504,493.033
47.3866263,8.5451488,493.346
47.3866263,8.5451488,493.346
47.386626,8.5451465,493.636
47.386626,8.5451465,493.636
47.3866276,8.5451447,493.666
47.3866276,8.5451447,493.666
47.3866296,8.5451434,493.436
47.3866296,8.5451434,493.436
47.3866304,8.5451418,493.456
47.3866304,8.5451418,493.456
47.3866309,8.5451417,493.903
47.3866309,8.5451417,493.903
47.3866323,8.545142,494.097
47.3866323,8.545142,494.097
47.3866343,8.5451419,494.002
47.3866343,8.5451419,494.002
47.3866364,8.545141,493.665
47.3866364,8.545141,493.665
47.3866369,8.5451397,493.632
47.3866369,8.5451397,493.632
47.3866374,8.5451388,493.899
47.3866374,8.5451388,493.899
47.386638,8.545139,494.387
47.386638,8.545139,494.387
47.3866379,8.5451386,494.966
47.3866379,8.5451386,494.966
47.3866393,8.5451375,494.825
47.3866393,8.5451375,494.825
47.3866419,8.545137,494.59
47.3866419,8.545137,494.59
47.3866445,8.5451351,494.181
47.3866445,8.5451351,494.181
47.3866488,8.545134,494.086
47.3866488,8.545134,494.086
47.3866532,8.5451349,494.035
47.3866532,8.5451349,494.035
47.3866534,8.5451318,494.113
47.3866534,8.5451318,494.113
47.3866548,8.5451318,494.218
47.3866548,8.5451318,494.218
47.3866556,8.5451303,495.011
47.3866556,8.5451303,495.011
47.3866564,8.5451293,495.081
47.3866564,8.5451293,495.081
47.3866574,8.545128,495.192
47.3866574,8.545128,495.192
47.3866562,8.5451269,495.332
47.3866562,8.5451269,495.332
47.386655,8.5451247,495.406
47.386655,8.5451247,495.406
47.3866551,8.5451234,495.44
47.3866551,8.5451234,495.44
47.3866554,8.5451221,495.253
47.3866554,8.5451221,495.253
47.3866558,8.5451206,495.051
47.3866558,8.5451206,495.051
47.3866523,8.5451181,495.564
47.3866523,8.5451181,495.564
47.3866489,8.5451158,495.853
47.3866489,8.5451158,495.853
47.3866504,8.5451144,495.774
47.3866504,8.5451144,495.774
47.3866526,8.5451143,495.577
47.3866526,8.5451143,495.577
47.3866549,8.5451131,495.286
47.3866549,8.5451131,495.286
47.386656,8.545111,495.031
47.386656,8.545111,495.031
47.3866556,8.5451073,494.981
47.3866556,8.5451073,494.981
47.3866554,8.5451044,495.04
47.3866554,8.5451044,495.04
47.3866553,8.5451029,495.083
47.3866553,8.5451029,495.083
47.3866541,8.5450993,495.467
47.3866541,8.5450993,495.467
47.3866563,8.5450991,495.402
47.3866563,8.5450991,495.402
47.3866575,8.5450983,495.471
47.3866575,8.5450983,495.471
47.386658,8.5450973,495.548
47.386658,8.5450973,495.548
47.3866586,8.545095,495.725
47.3866586,8.545095,495.725
47.3866587,8.5450928,495.854
47.3866587,8.5450928,495.854
47.3866589,8.545091,495.857
47.3866589,8.545091,495.857
47.3866599,8.5450897,495.837
47.3866599,8.5450897,495.837
47.3866606,8.5450883,495.921
47.3866606,8.5450883,495.921
47.3866613,8.5450869,496.062
47.3866613,8.5450869,496.062
47.3866632,8.5450856,495.94
47.3866632,8.5450856,495.94
47.3866634,8.545084,495.848
47.3866634,8.545084,495.848
47.3866631,8.5450827,495.852
47.3866631,8.5450827,495.852
47.3866646,8.5450821,495.545
47.3866646,8.5450821,495.545
47.3866649,8.5450815,495.275
47.3866649,8.5450815,495.275
47.3866642,8.5450806,495.308
47.3866642,8.5450806,495.308
47.3866646,8.5450792,495.012
47.3866646,8.5450792,495.012
47.386665,8.5450781,495.064
47.386665,8.5450781,495.064
47.3866663,8.5450768,494.825
47.3866663,8.5450768,494.825
47.386668,8.5450759,494.668
47.386668,8.5450759,494.668
47.3866685,8.5450751,494.922
47.3866685,8.5450751,494.922
47.3866699,8.5450736,494.549
47.3866699,8.5450736,494.549
47.3866747,8.5450714,494.419
47.3866747,8.5450714,494.419
47.3866769,8.5450686,493.931
47.3866769,8.5450686,493.931
47.386679,8.5450671,493.764
47.386679,8.5450671,493.764
47.3866796,8.5450661,493.673
47.3866796,8.5450661,493.673
47.3866801,8.5450654,493.654
47.3866801,8.5450654,493.654
47.3866803,8.5450647,493.383
47.3866803,8.5450647,493.383
47.3866811,8.5450623,493.716
47.3866811,8.5450623,493.716
47.3866826,8.5450602,494.149
47.3866826,8.5450602,494.149
47.3866826,8.5450577,494.464
47.3866826,8.5450577,494.464
47.386684,8.5450566,494.928
47.386684,8.5450566,494.928
47.3866861,8.5450562,495.053
47.3866861,8.5450562,495.053
47.3866878,8.5450555,495.403
47.3866878,8.5450555,495.403
47.3866902,8.5450547,495.666
47.3866902,8.5450547,495.666
47.3866928,8.5450536,495.739
47.3866928,8.5450536,495.739
47.3866952,8.545053,495.828
47.3866952,8.545053,495.828
47.3866967,8.5450522,496.097
47.3866967,8.5450522,496.097
47.386697,8.5450523,496.661
47.386697,8.5450523,496.661
47.3866975,8.5450514,496.947
47.3866975,8.5450514,496.947
47.3866988,8.5450504,496.898
47.3866988,8.5450504,496.898
47.3866996,8.5450493,496.876
47.3866996,8.5450493,496.876
47.3867009,8.5450487,497.184
47.3867009,8.5450487,497.184
47.3867007,8.5450482,497.463
47.3867007,8.5450482,497.463
47.3867003,8.5450484,497.389
47.3867003,8.5450484,497.389
47.3867006,8.5450484,497.462
47.3867006,8.5450484,497.462
47.3866976,8.5450485,498.402
47.3866976,8.5450485,498.402
47.3866954,8.5450491,498.814
47.3866954,8.5450491,498.814
47.3866935,8.5450488,499.33
47.3866935,8.5450488,499.33
47.3866906,8.5450484,499.809
47.3866906,8.5450484,499.809
47.3866888,8.5450501,500.397
47.3866888,8.5450501,500.397
47.3866881,8.5450503,500.574
47.3866881,8.5450503,500.574
47.3866885,8.5450497,500.518
47.3866885,8.5450497,500.518
47.3866895,8.5450474,499.977
47.3866895,8.5450474,499.977
47.3866909,8.5450459,499.681
47.3866909,8.5450459,499.681
47.3866921,8.5450443,499.457
47.3866921,8.5450443,499.457
47.3866912,8.5450425,499.218
47.3866912,8.5450425,499.218
47.3866911,8.545041,499.157
47.3866911,8.545041,499.157
47.3866914,8.5450395,499.378
47.3866914,8.5450395,499.378
47.3866916,8.545039,499.259
47.3866916,8.545039,499.259
47.3866918,8.5450382,499.008
47.3866918,8.5450382,499.008
47.386691,8.5450374,499.254
47.386691,8.5450374,499.254
47.3866906,8.5450357,499.231
47.3866906,8.5450357,499.231
47.3866908,8.5450361,499.098
47.3866908,8.5450361,499.098
47.3866907,8.5450356,499.408
47.3866907,8.5450356,499.408
47.386691,8.545036,499.636
47.386691,8.545036,499.636
47.3866916,8.5450351,499.742
47.3866916,8.5450351,499.742
47.386692,8.5450328,499.801
47.386692,8.5450328,499.801
47.386692,8.5450304,499.701
47.386692,8.5450304,499.701
47.3866923,8.5450283,499.346
47.3866923,8.5450283,499.346
47.3866927,8.5450265,499.232
47.3866927,8.5450265,499.232
47.3866931,8.5450244,498.963
47.3866931,8.5450244,498.963
47.3866942,8.5450218,498.634
47.3866942,8.5450218,498.634
47.386695,8.5450196,498.625
47.386695,8.5450196,498.625
47.3866958,8.5450182,498.957
47.3866958,8.5450182,498.957
47.3866968,8.5450166,498.836
47.3866968,8.5450166,498.836
47.3866973,8.5450145,498.771
47.3866973,8.5450145,498.771
47.3866975,8.5450129,499.04
47.3866975,8.5450129,499.04
47.3866979,8.5450105,499.177
47.3866979,8.5450105,499.177
47.3866986,8.5450068,498.735
47.3866986,8.5450068,498.735
47.3866989,8.5450036,498.664
47.3866989,8.5450036,498.664
47.3866991,8.545001,498.191
47.3866991,8.545001,498.191
47.3866987,8.5450005,497.754
47.3866987,8.5450005,497.754
47.3866986,8.544997,497.781
47.3866986,8.544997,497.781
47.3866985,8.5449942,498.147
47.3866985,8.5449942,498.147
47.3866982,8.5449923,498.326
47.3866982,8.5449923,498.326
47.3866979,8.5449899,498.885
47.3866979,8.5449899,498.885
47.3866986,8.5449868,499.196
47.3866986,8.5449868,499.196
47.3866988,8.5449824,499.546
47.3866988,8.5449824,499.546
47.386699,8.5449791,499.89
47.386699,8.5449791,499.89
47.3866993,8.5449772,499.863
47.3866993,8.5449772,499.863
47.3867001,8.5449763,499.523
47.3867001,8.5449763,499.523
47.3867006,8.5449749,499.265
47.3867006,8.5449749,499.265
47.3867003,8.5449732,499.089
47.3867003,8.5449732,499.089
47.3867002,8.5449715,498.881
47.3867002,8.5449715,498.881
47.3867003,8.5449684,499.126
47.3867003,8.5449684,499.126
47.3866999,8.5449649,499.505
47.3866999,8.5449649,499.505
47.3866997,8.5449623,499.673
47.3866997,8.5449623,499.673
47.3866993,8.5449589,499.992
47.3866993,8.5449589,499.992
47.3866993,8.5449592,500.185
47.3866993,8.5449592,500.185
47.3866998,8.5449599,500.095
47.3866998,8.5449599,500.095
47.3867002,8.5449582,500.133
47.3867002,8.5449582,500.133
47.3867006,8.5449568,499.848
47.3867006,8.5449568,499.848
47.3867008,8.5449563,499.347
47.3867008,8.5449563,499.347
47.3867012,8.5449548,499.075
47.3867012,8.5449548,499.075
47.3867029,8.5449556,499.104
47.3867029,8.5449556,499.104
47.3867036,8.5449536,499.113
47.3867036,8.5449536,499.113
47.3867049,8.5449507,499.068
47.3867049,8.5449507,499.068
47.3867054,8.5449493,499.342
47.3867054,8.5449493,499.342
47.3867065,8.544946,499.375
47.3867065,8.544946,499.375
47.3867071,8.5449414,499.391
47.3867071,8.5449414,499.391
47.386708,8.5449367,499.199
47.386708,8.5449367,499.199
47.3867085,8.5449336,499.051
47.3867085,8.5449336,499.051
47.3867099,8.5449295,498.869
47.3867099,8.5449295,498.869
47.3867108,8.5449279,498.38
47.3867108,8.5449279,498.38
47.3867117,8.5449263,498.261
47.3867117,8.5449263,498.261
47.3867129,8.544925,498.311
47.3867129,8.544925,498.311
47.3867139,8.5449223,498.062
47.3867139,8.5449223,498.062
47.3867145,8.54492,497.849
47.3867145,8.54492,497.849
47.3867157,8.544918,497.706
47.3867157,8.544918,497.706
47.3867164,8.5449157,497.894
47.3867164,8.5449157,497.894
47.3867183,8.544914,497.587
47.3867183,8.544914,497.587
47.3867196,8.5449108,497.449
47.3867196,8.5449108,497.449
47.3867203,8.5449092,497.365
47.3867203,8.5449092,497.365
47.3867214,8.5449078,497.343
47.3867214,8.5449078,497.343
47.386722,8.5449054,497.179
47.386722,8.5449054,497.179
47.3867226,8.5449023,496.923
47.3867226,8.5449023,496.923
47.3867226,8.5448985,496.908
47.3867226,8.5448985,496.908
47.3867227,8.5448969,496.699
47.3867227,8.5448969,496.699
47.3867214,8.544896,496.534
47.3867214,8.544896,496.534
47.386721,8.5448928,496.24
47.386721,8.5448928,496.24
47.3867209,8.5448912,495.732
47.3867209,8.5448912,495.732
47.3867209,8.5448913,495.391
47.3867209,8.5448913,495.391
47.3867196,8.5448886,495.495
47.3867196,8.5448886,495.495
47.3867187,8.5448874,495.231
47.3867187,8.5448874,495.231
47.3867175,8.5448849,495.296
47.3867175,8.5448849,495.296
47.3867166,8.5448837,495.321
47.3867166,8.5448837,495.321
47.386716,8.5448833,495.452
47.386716,8.5448833,495.452
47.3867157,8.5448823,495.414
47.3867157,8.5448823,495.414
47.3867154,8.5448807,495.386
47.3867154,8.5448807,495.386
47.3867169,8.5448795,495.183
47.3867169,8.5448795,495.183
47.3867167,8.5448784,495.58
47.3867167,8.5448784,495.58
47.3867168,8.5448766,496.091
47.3867168,8.5448766,496.091
47.3867173,8.5448756,496.009
47.3867173,8.5448756,496.009
47.3867171,8.5448728,495.904
47.3867171,8.5448728,495.904
47.386717,8.5448679,496.093
47.386717,8.5448679,496.093
47.3867168,8.5448644,495.853
47.3867168,8.5448644,495.853
47.3867166,8.5448606,495.899
47.3867166,8.5448606,495.899
47.3867175,8.5448617,495.494
47.3867175,8.5448617,495.494
47.3867176,8.5448628,495.157
47.3867176,8.5448628,495.157
47.3867176,8.5448645,494.959
47.3867176,8.5448645,494.959
47.3867163,8.5448645,494.903
47.3867163,8.5448645,494.903
47.3867151,8.5448624,495.014
47.3867151,8.5448624,495.014
47.3867133,8.5448592,495.278
47.3867133,8.5448592,495.278
47.3867126,8.5448594,495.251
47.3867126,8.5448594,495.251
47.3867108,8.5448588,495.328
47.3867108,8.5448588,495.328
47.3867102,8.5448592,495.366
47.3867102,8.5448592,495.366
47.3867085,8.5448589,495.413
47.3867085,8.5448589,495.413
47.3867085,8.5448589,495.413
47.3867097,8.5448588,495.501
47.3867079,8.5448552,495.559
47.3867079,8.5448552,495.559
47.3867065,8.544852,495.407
47.3867065,8.544852,495.407
47.3867067,8.5448502,495.744
47.3867067,8.5448502,495.744
47.3867067,8.5448464,496.208
47.3867067,8.5448464,496.208
47.3867066,8.544841,497.129
47.3867066,8.544841,497.129
47.3867053,8.5448376,497.961
47.3867053,8.5448376,497.961
47.3867027,8.5448341,498.605
47.3867027,8.5448341,498.605
47.3866991,8.5448294,499.701
47.3866991,8.5448294,499.701
47.3866983,8.544826,500.526
47.3866983,8.544826,500.526
47.3866964,8.5448239,500.884
47.3866964,8.5448239,500.884
47.3866877,8.5448174,502.284
47.3866877,8.5448174,502.284
47.3866791,8.5448118,503.687
47.3866791,8.5448118,503.687
47.3866724,8.5448077,505.02
47.3866724,8.5448077,505.02
47.386665,8.5448032,506.008
47.386665,8.5448032,506.008
47.3866568,8.5447994,507.283
47.3866568,8.5447994,507.283
47.3866485,8.5447976,507.965
47.3866485,8.5447976,507.965
47.3866402,8.544794,508.831
47.3866402,8.544794,508.831
47.3866331,8.5447912,510.043
47.3866331,8.5447912,510.043
47.386626,8.5447895,511.132
47.386626,8.5447895,511.132
47.3866216,8.544789,511.421
47.3866216,8.544789,511.421
47.3866179,8.5447849,511.898
47.3866179,8.5447849,511.898
47.3866137,8.5447822,512.098
47.3866137,8.5447822,512.098
47.3866108,8.5447812,512.653
47.3866108,8.5447812,512.653
47.3866084,8.544781,513.508
47.3866084,8.544781,513.508
47.3866069,8.5447786,514.203
47.3866069,8.5447786,514.203
47.3866054,8.5447791,514.665
47.3866054,8.5447791,514.665
47.3866049,8.5447795,515.103
47.3866049,8.5447795,515.103
47.3866035,8.5447809,515.707
47.3866035,8.5447809,515.707
47.3866015,8.5447821,516.324
47.3866015,8.5447821,516.324
47.3866,8.5447811,516.649
47.3866,8.5447811,516.649
47.3865976,8.5447785,516.891
47.3865976,8.5447785,516.891
47.3865949,8.544777,517.458
47.3865949,8.544777,517.458
47.3865919,8.5447757,518.006
47.3865919,8.5447757,518.006
47.38659,8.5447717,518.699
47.38659,8.5447717,518.699
47.3865901,8.5447696,519.3
47.3865901,8.5447696,519.3
47.3865895,8.5447699,519.22
47.3865895,8.5447699,519.22
47.3865893,8.5447686,519.098
47.3865893,8.5447686,519.098
47.3865893,8.544767,518.938
47.3865893,8.544767,518.938
47.3865903,8.5447659,518.791
47.3865903,8.5447659,518.791
47.3865904,8.544767,518.669
47.3865904,8.544767,518.669
47.3865904,8.5447678,518.495
47.3865904,8.5447678,518.495
47.386591,8.5447678,518.387
47.386591,8.5447678,518.387
47.3865919,8.5447666,518.133
47.3865919,8.5447666,518.133
47.3865922,8.5447623,518.022
47.3865922,8.5447623,518.022
47.3865937,8.5447597,517.264
47.3865937,8.5447597,517.264
47.3865946,8.5447601,516.073
47.3865946,8.5447601,516.073
47.3865947,8.5447603,515.464
47.3865947,8.5447603,515.464
47.3865961,8.5447614,514.73
47.3865961,8.5447614,514.73
47.3865978,8.5447604,515.013
47.3865978,8.5447604,515.013
47.3865982,8.5447613,515.195
47.3865982,8.5447613,515.195
47.3865986,8.5447609,514.921
47.3865986,8.5447609,514.921
47.3866,8.5447592,514.352
47.3866,8.5447592,514.352
47.3866005,8.5447574,513.607
47.3866005,8.5447574,513.607
47.3866013,8.5447557,512.575
47.3866013,8.5447557,512.575
47.3866015,8.544754,512.1
47.3866015,8.544754,512.1
47.386602,8.5447527,511.52
47.386602,8.5447527,511.52
47.3866031,8.544754,511.417
47.3866031,8.544754,511.417
47.3866055,8.5447587,510.928
47.3866055,8.5447587,510.928
47.3866061,8.5447639,510.42
47.3866061,8.5447639,510.42
47.3866062,8.5447664,509.888
47.3866062,8.5447664,509.888
47.3866066,8.5447676,509.459
47.3866066,8.5447676,509.459
47.3866065,8.5447654,508.931
47.3866065,8.5447654,508.931
47.3866069,8.5447642,508.454
47.3866069,8.5447642,508.454
47.3866075,8.5447648,507.747
47.3866075,8.5447648,507.747
47.3866088,8.544767,507.054
47.3866088,8.544767,507.054
47.3866103,8.5447688,506.364
47.3866103,8.5447688,506.364
47.3866123,8.5447714,505.443
47.3866123,8.5447714,505.443
47.3866144,8.5447748,504.54
47.3866144,8.5447748,504.54
47.3866171,8.5447772,503.47
47.3866171,8.5447772,503.47
47.3866198,8.5447798,502.926
47.3866198,8.5447798,502.926
47.3866213,8.5447796,502.428
47.3866213,8.5447796,502.428
47.3866224,8.544778,501.776
47.3866224,8.544778,501.776
47.3866229,8.5447767,501.442
47.3866229,8.5447767,501.442
47.3866236,8.5447755,500.93
47.3866236,8.5447755,500.93
47.3866239,8.5447742,500.547
47.3866239,8.5447742,500.547
47.3866241,8.5447706,500.15
47.3866241,8.5447706,500.15
47.3866257,8.5447704,499.567
47.3866257,8.5447704,499.567
47.3866271,8.5447712,498.949
47.3866271,8.5447712,498.949
47.3866283,8.5447709,498.663
47.3866283,8.5447709,498.663
47.3866289,8.5447714,498.627
47.3866289,8.5447714,498.627
47.3866292,8.5447698,498.449
47.3866292,8.5447698,498.449
47.3866298,8.544767,498.273
47.3866298,8.544767,498.273
47.3866293,8.5447642,498.18
47.3866293,8.5447642,498.18
47.3866285,8.5447599,498.152
47.3866285,8.5447599,498.152
47.3866285,8.5447553,497.828
47.3866285,8.5447553,497.828
47.3866276,8.5447516,497.703
47.3866276,8.5447516,497.703
47.3866286,8.5447476,497.573
47.3866286,8.5447476,497.573
47.3866311,8.5447483,496.743
47.3866311,8.5447483,496.743
47.3866314,8.5447481,496.48
47.3866314,8.5447481,496.48
47.3866326,8.5447478,496.201
47.3866326,8.5447478,496.201
47.3866346,8.5447475,495.877
47.3866346,8.5447475,495.877
47.3866342,8.5447431,495.999
47.3866342,8.5447431,495.999
47.386635,8.5447389,496.142
47.386635,8.5447389,496.142
47.3866378,8.5447359,496.187
47.3866378,8.5447359,496.187
47.3866381,8.5447318,496.151
47.3866381,8.5447318,496.151
47.3866393,8.5447278,496.074
47.3866393,8.5447278,496.074
47.38664,8.5447248,495.777
47.38664,8.5447248,495.777
47.386642,8.5447239,495.43
47.386642,8.5447239,495.43
47.3866432,8.5447234,494.829
47.3866432,8.5447234,494.829
47.3866433,8.5447218,494.442
47.3866433,8.5447218,494.442
47.3866442,8.5447206,494.116
47.3866442,8.5447206,494.116
47.3866456,8.5447192,493.965
47.3866456,8.5447192,493.965
47.3866458,8.5447157,493.988
47.3866458,8.5447157,493.988
47.3866466,8.5447143,493.649
47.3866466,8.5447143,493.649
47.3866482,8.5447139,492.944
47.3866482,8.5447139,492.944
47.3866474,8.5447123,492.715
47.3866474,8.5447123,492.715
47.3866475,8.54471,492.575
47.3866475,8.54471,492.575
47.386649,8.5447093,492.09
47.386649,8.5447093,492.09
47.3866489,8.544708,491.897
47.3866489,8.544708,491.897
47.3866492,8.5447069,491.736
47.3866492,8.5447069,491.736
47.3866501,8.5447078,491.15
47.3866501,8.5447078,491.15
47.3866504,8.5447074,490.835
47.3866504,8.5447074,490.835
47.386649,8.5447059,490.617
47.386649,8.5447059,490.617
47.3866468,8.5447047,490.385
47.3866468,8.5447047,490.385
47.3866448,8.5447026,490.363
47.3866448,8.5447026,490.363
47.3866442,8.5447014,490.247
47.3866442,8.5447014,490.247
47.3866446,8.5447019,489.853
47.3866446,8.5447019,489.853
47.386645,8.5447025,489.46
47.386645,8.5447025,489.46
47.3866454,8.5447027,489.103
47.3866454,8.5447027,489.103
47.386647,8.5447031,488.685
47.386647,8.5447031,488.685
47.3866485,8.5447032,488.218
47.3866485,8.5447032,488.218
47.3866502,8.5447039,487.601
47.3866502,8.5447039,487.601
47.3866508,8.5447049,487.118
47.3866508,8.5447049,487.118
47.3866508,8.5447042,486.799
47.3866508,8.5447042,486.799
47.3866509,8.5447022,486.669
47.3866509,8.5447022,486.669
47.3866478,8.5446973,486.919
47.3866478,8.5446973,486.919
47.3866461,8.5446949,486.805
47.3866461,8.5446949,486.805
47.3866429,8.5446922,486.662
47.3866429,8.5446922,486.662
47.3866408,8.5446888,486.703
47.3866408,8.5446888,486.703
47.3866389,8.5446843,486.819
47.3866389,8.5446843,486.819
47.3866382,8.544681,486.731
47.3866382,8.544681,486.731
47.3866382,8.5446791,486.537
47.3866382,8.5446791,486.537
47.3866381,8.5446768,486.446
47.3866381,8.5446768,486.446
47.386638,8.5446739,486.347
47.386638,8.5446739,486.347
47.3866389,8.5446729,486.075
47.3866389,8.5446729,486.075
47.3866371,8.5446678,486.469
47.3866371,8.5446678,486.469
47.3866363,8.5446658,486.397
47.3866363,8.5446658,486.397
47.3866368,8.544665,486.253
47.3866368,8.544665,486.253
47.3866391,8.544666,485.88
47.3866391,8.544666,485.88
47.3866416,8.5446652,485.803
47.3866416,8.5446652,485.803
47.3866468,8.5446687,485.023
47.3866468,8.5446687,485.023
47.3866501,8.5446709,484.331
47.3866501,8.5446709,484.331
47.386649,8.5446684,484.236
47.386649,8.5446684,484.236
47.3866492,8.5446661,484.318
47.3866492,8.5446661,484.318
47.3866516,8.5446679,483.672
47.3866516,8.5446679,483.672
47.3866539,8.5446684,483.309
47.3866539,8.5446684,483.309
47.3866532,8.544666,483.483
47.3866532,8.544666,483.483
47.3866515,8.5446642,483.347
47.3866515,8.5446642,483.347
47.3866504,8.5446631,483.172
47.3866504,8.5446631,483.172
47.3866505,8.5446614,483.146
47.3866505,8.5446614,483.146
47.3866504,8.5446603,483.005
47.3866504,8.5446603,483.005
47.3866483,8.5446579,483.189
47.3866483,8.5446579,483.189
47.3866484,8.5446574,482.456
47.3866484,8.5446574,482.456
47.386649,8.5446575,482.133
47.386649,8.5446575,482.133
47.3866501,8.5446572,482.008
47.3866501,8.5446572,482.008
47.3866496,8.5446552,481.952
47.3866496,8.5446552,481.952
47.3866512,8.5446552,481.477
47.3866512,8.5446552,481.477
47.386651,8.5446535,481.106
47.386651,8.5446535,481.106
47.3866523,8.544653,480.577
47.3866523,8.544653,480.577
47.3866528,8.544653,480.191
47.3866528,8.544653,480.191
47.3866524,8.5446525,480.007
47.3866524,8.5446525,480.007
47.3866531,8.5446523,479.882
47.3866531,8.5446523,479.882
47.3866536,8.5446517,479.854
47.3866536,8.5446517,479.854
47.3866545,8.5446505,479.815
47.3866545,8.5446505,479.815
47.3866561,8.5446502,479.58
47.3866561,8.5446502,479.58
47.3866571,8.5446501,479.571
47.3866571,8.5446501,479.571
47.3866587,8.5446509,479.368
47.3866587,8.5446509,479.368
47.3866585,8.5446499,479.11
47.3866585,8.5446499,479.11
47.3866581,8.5446483,479.159
47.3866581,8.5446483,479.159
47.3866572,8.544646,478.949
47.3866572,8.544646,478.949
47.3866567,8.5446444,478.779
47.3866567,8.5446444,478.779
47.3866563,8.5446438,478.765
47.3866563,8.5446438,478.765
47.3866568,8.544643,478.609
47.3866568,8.544643,478.609
47.3866573,8.5446412,478.337
47.3866573,8.5446412,478.337
47.3866577,8.5446396,478.038
47.3866577,8.5446396,478.038
47.3866578,8.5446386,478.049
47.3866578,8.5446386,478.049
47.3866576,8.5446379,478.118
47.3866576,8.5446379,478.118
47.3866582,8.5446377,477.778
47.3866582,8.5446377,477.778
47.3866587,8.5446376,477.496
47.3866587,8.5446376,477.496
47.3866585,8.5446365,477.463
47.3866585,8.5446365,477.463
47.3866602,8.5446356,477.218
47.3866602,8.5446356,477.218
47.3866605,8.5446345,477.075
47.3866605,8.5446345,477.075
47.3866598,8.5446322,476.834
47.3866598,8.5446322,476.834
47.3866589,8.5446287,476.795
47.3866589,8.5446287,476.795
47.3866577,8.5446257,476.673
47.3866577,8.5446257,476.673
47.3866581,8.5446245,476.711
47.3866581,8.5446245,476.711
47.386658,8.544623,476.422
47.386658,8.544623,476.422
47.3866571,8.5446214,476.648
47.3866571,8.5446214,476.648
47.3866569,8.5446195,476.784
47.3866569,8.5446195,476.784
47.3866559,8.5446173,477.053
47.3866559,8.5446173,477.053
47.3866548,8.5446142,477.188
47.3866548,8.5446142,477.188
47.3866542,8.544612,477.061
47.3866542,8.544612,477.061
47.3866526,8.5446091,477.048
47.3866526,8.5446091,477.048
47.3866515,8.5446077,477.111
47.3866515,8.5446077,477.111
47.3866498,8.5446071,477.47
47.3866498,8.5446071,477.47
47.3866479,8.5446048,477.667
47.3866479,8.5446048,477.667
47.3866458,8.5446019,477.751
47.3866458,8.5446019,477.751
47.3866441,8.5445996,477.706
47.3866441,8.5445996,477.706
47.3866434,8.5445982,477.807
47.3866434,8.5445982,477.807
47.3866423,8.5445961,477.761
47.3866423,8.5445961,477.761
47.3866408,8.5445937,477.713
47.3866408,8.5445937,477.713
47.3866397,8.5445914,477.565
47.3866397,8.5445914,477.565
47.3866386,8.5445897,477.733
47.3866386,8.5445897,477.733
47.3866375,8.5445886,477.85
47.3866375,8.5445886,477.85
47.3866356,8.5445867,478.104
47.3866356,8.5445867,478.104
47.3866346,8.5445858,478.179
47.3866346,8.5445858,478.179
47.3866333,8.5445837,478.154
47.3866333,8.5445837,478.154
47.3866317,8.5445818,478.126
47.3866317,8.5445818,478.126
47.3866297,8.5445796,478.077
47.3866297,8.5445796,478.077
47.3866287,8.5445791,477.665
47.3866287,8.5445791,477.665
47.386628,8.5445784,477.677
47.386628,8.5445784,477.677
47.3866279,8.5445771,477.698
47.3866279,8.5445771,477.698
47.3866271,8.544575,478.005
47.3866271,8.544575,478.005
47.3866265,8.5445733,477.935
47.3866265,8.5445733,477.935
47.3866262,8.5445724,478.063
47.3866262,8.5445724,478.063
47.3866264,8.5445688,478.356
47.3866264,8.5445688,478.356
47.3866256,8.5445664,478.318
47.3866256,8.5445664,478.318
47.3866244,8.5445652,478.146
47.3866244,8.5445652,478.146
47.3866227,8.5445631,477.934
47.3866227,8.5445631,477.934
47.3866216,8.5445618,478.086
47.3866216,8.5445618,478.086
47.386621,8.5445607,477.859
47.386621,8.5445607,477.859
47.3866213,8.5445585,477.995
47.3866213,8.5445585,477.995
47.3866214,8.5445562,478.151
47.3866214,8.5445562,478.151
47.3866211,8.5445537,478.126
47.3866211,8.5445537,478.126
47.3866201,8.5445526,477.789
47.3866201,8.5445526,477.789
47.3866195,8.5445513,477.516
47.3866195,8.5445513,477.516
47.3866186,8.5445492,477.397
47.3866186,8.5445492,477.397
47.3866177,8.5445469,477.344
47.3866177,8.5445469,477.344
47.3866174,8.544544,477.533
47.3866174,8.544544,477.533
47.3866176,8.544541,477.648
47.3866176,8.544541,477.648
47.3866181,8.5445386,477.555
47.3866181,8.5445386,477.555
47.3866179,8.5445362,477.52
47.3866179,8.5445362,477.52
47.3866171,8.5445341,477.347
47.3866171,8.5445341,477.347
47.3866171,8.5445326,477.378
47.3866171,8.5445326,477.378
47.3866157,8.5445305,477.59
47.3866157,8.5445305,477.59
47.3866138,8.5445292,477.654
47.3866138,8.5445292,477.654
47.386612,8.5445276,478.026
47.386612,8.5445276,478.026
47.3866111,8.5445264,477.726
47.3866111,8.5445264,477.726
47.3866092,8.5445243,477.815
47.3866092,8.5445243,477.815
47.3866087,8.5445225,477.965
47.3866087,8.5445225,477.965
47.3866078,8.5445203,478.148
47.3866078,8.5445203,478.148
47.3866063,8.5445178,477.852
47.3866063,8.5445178,477.852
47.3866051,8.5445149,477.834
47.3866051,8.5445149,477.834
47.386604,8.5445131,478.225
47.386604,8.5445131,478.225
47.3866019,8.5445126,478.744
47.3866019,8.5445126,478.744
47.3866006,8.5445126,479.159
47.3866006,8.5445126,479.159
47.3865991,8.5445116,479.401
47.3865991,8.5445116,479.401
47.3865981,8.5445105,479.693
47.3865981,8.5445105,479.693
47.3865974,8.5445099,479.709
47.3865974,8.5445099,479.709
47.3865962,8.5445077,479.672
47.3865962,8.5445077,479.672
47.3865951,8.5445062,479.694
47.3865951,8.5445062,479.694
47.3865938,8.5445044,480.053
47.3865938,8.5445044,480.053
47.3865931,8.5445024,480.271
47.3865931,8.5445024,480.271
47.386592,8.5445007,480.67
47.386592,8.5445007,480.67
47.3865901,8.5445021,480.993
47.3865901,8.5445021,480.993
47.3865885,8.5445042,481.03
47.3865885,8.5445042,481.03
47.3865868,8.5445044,481.244
47.3865868,8.5445044,481.244
47.3865848,8.5445007,482.023
47.3865848,8.5445007,482.023
47.3865835,8.5444975,482.362
47.3865835,8.5444975,482.362
47.3865823,8.5444958,482.491
47.3865823,8.5444958,482.491
47.3865811,8.5444949,482.681
47.3865811,8.5444949,482.681
47.3865804,8.5444925,482.882
47.3865804,8.5444925,482.882
47.3865797,8.544489,482.929
47.3865797,8.544489,482.929
47.3865788,8.5444857,483.002
47.3865788,8.5444857,483.002
47.3865778,8.5444823,483.129
47.3865778,8.5444823,483.129
47.3865776,8.5444793,482.87
47.3865776,8.5444793,482.87
47.3865765,8.544476,482.892
47.3865765,8.544476,482.892
47.3865735,8.5444742,482.811
47.3865735,8.5444742,482.811
47.3865713,8.5444721,482.93
47.3865713,8.5444721,482.93
47.3865698,8.5444694,483.356
47.3865698,8.5444694,483.356
47.3865678,8.5444673,483.385
47.3865678,8.5444673,483.385
47.386566,8.544465,483.579
47.386566,8.544465,483.579
47.3865653,8.5444628,483.319
47.3865653,8.5444628,483.319
47.386565,8.54446,483.185
47.386565,8.54446,483.185
47.3865638,8.5444556,483.049
47.3865638,8.5444556,483.049
47.3865622,8.5444522,483.055
47.3865622,8.5444522,483.055
47.3865612,8.5444492,483.296
47.3865612,8.5444492,483.296
47.3865604,8.5444469,483.161
47.3865604,8.5444469,483.161
47.3865586,8.5444448,483.222
47.3865586,8.5444448,483.222
47.3865572,8.5444426,483.494
47.3865572,8.5444426,483.494
47.3865555,8.5444405,483.795
47.3865555,8.5444405,483.795
47.3865538,8.544439,484.012
47.3865538,8.544439,484.012
47.3865529,8.5444381,484.381
47.3865529,8.5444381,484.381
47.3865509,8.544437,484.624
47.3865509,8.544437,484.624
47.3865488,8.544436,484.797
47.3865488,8.544436,484.797
47.386547,8.5444348,485.158
47.386547,8.5444348,485.158
47.3865449,8.5444336,485.363
47.3865449,8.5444336,485.363
47.3865431,8.5444323,485.657
47.3865431,8.5444323,485.657
47.3865417,8.5444305,485.887
47.3865417,8.5444305,485.887
47.3865404,8.5444284,486.136
47.3865404,8.5444284,486.136
47.3865387,8.5444272,486.591
47.3865387,8.5444272,486.591
47.3865367,8.5444257,487.388
47.3865367,8.5444257,487.388
47.386536,8.5444233,487.444
47.386536,8.5444233,487.444
47.3865357,8.5444206,487.77
47.3865357,8.5444206,487.77
47.386535,8.5444185,487.871
47.386535,8.5444185,487.871
47.3865334,8.5444168,487.67
47.3865334,8.5444168,487.67
47.3865313,8.5444144,487.87
47.3865313,8.5444144,487.87
47.3865292,8.5444126,487.966
47.3865292,8.5444126,487.966
47.3865275,8.5444112,487.972
47.3865275,8.5444112,487.972
47.3865258,8.5444102,488.359
47.3865258,8.5444102,488.359
47.3865236,8.5444087,488.489
47.3865236,8.5444087,488.489
47.3865215,8.5444079,488.663
47.3865215,8.5444079,488.663
47.3865191,8.5444067,488.86
47.3865191,8.5444067,488.86
47.3865175,8.5444051,489.025
47.3865175,8.5444051,489.025
47.3865173,8.544404,488.655
47.3865173,8.544404,488.655
47.3865162,8.5444026,488.439
47.3865162,8.5444026,488.439
47.3865148,8.5444016,488.22
47.3865148,8.5444016,488.22
47.3865144,8.5443998,487.951
47.3865144,8.5443998,487.951
47.3865137,8.544397,487.721
47.3865137,8.544397,487.721
47.3865135,8.5443954,487.558
47.3865135,8.5443954,487.558
47.3865134,8.5443937,487.041
47.3865134,8.5443937,487.041
47.3865134,8.5443909,486.806
47.3865134,8.5443909,486.806
47.3865136,8.5443886,486.407
47.3865136,8.5443886,486.407
47.3865143,8.5443854,486.089
47.3865143,8.5443854,486.089
47.3865147,8.5443824,485.887
47.3865147,8.5443824,485.887
47.3865157,8.5443796,485.751
47.3865157,8.5443796,485.751
47.3865163,8.5443776,485.898
47.3865163,8.5443776,485.898
47.3865175,8.5443757,485.801
47.3865175,8.5443757,485.801
47.3865194,8.5443739,485.954
47.3865194,8.5443739,485.954
47.3865208,8.5443739,485.975
47.3865208,8.5443739,485.975
47.3865228,8.544373,486.034
47.3865228,8.544373,486.034
47.3865244,8.5443716,485.816
47.3865244,8.5443716,485.816
47.3865257,8.5443714,485.409
47.3865257,8.5443714,485.409
47.3865272,8.5443718,484.961
47.3865272,8.5443718,484.961
47.3865278,8.5443712,484.643
47.3865278,8.5443712,484.643
47.3865298,8.5443697,484.283
47.3865298,8.5443697,484.283
47.3865317,8.5443674,484.154
47.3865317,8.5443674,484.154
47.3865339,8.5443654,483.826
47.3865339,8.5443654,483.826
47.3865355,8.544363,483.745
47.3865355,8.544363,483.745
47.3865375,8.5443613,483.551
47.3865375,8.5443613,483.551
47.3865384,8.5443604,483.482
47.3865384,8.5443604,483.482
47.3865395,8.5443579,483.636
47.3865395,8.5443579,483.636
47.3865409,8.5443563,483.706
47.3865409,8.5443563,483.706
47.3865424,8.5443539,483.546
47.3865424,8.5443539,483.546
47.3865427,8.544355,483.593
47.3865427,8.544355,483.593
47.3865426,8.544356,483.673
47.3865426,8.544356,483.673
47.3865436,8.5443558,483.973
47.3865436,8.5443558,483.973
47.3865438,8.544355,484.301
47.3865438,8.544355,484.301
47.3865438,8.5443559,484.578
47.3865438,8.5443559,484.578
47.3865445,8.5443562,484.713
47.3865445,8.5443562,484.713
47.3865521,8.5443607,482.817
47.3865521,8.5443607,482.817
47.3865601,8.5443661,480.909
47.3865601,8.5443661,480.909
47.3865682,8.54437,478.814
47.3865682,8.54437,478.814
47.3865757,8.5443736,477.048
47.3865757,8.5443736,477.048
47.3865832,8.544378,475.219
47.3865832,8.544378,475.219
47.3865903,8.5443819,473.859
47.3865903,8.5443819,473.859
47.3865982,8.5443854,472.227
47.3865982,8.5443854,472.227
47.386606,8.5443873,470.586
47.386606,8.5443873,470.586
47.386607,8.5443851,470.909
47.386607,8.5443851,470.909
47.386607,8.5443826,471.069
47.386607,8.5443826,471.069
47.3866063,8.54438,471.3
47.3866063,8.54438,471.3
47.3866051,8.5443785,471.474
47.3866051,8.5443785,471.474
47.3866042,8.5443766,471.667
47.3866042,8.5443766,471.667
47.3866033,8.5443755,472.009
47.3866033,8.5443755,472.009
47.3866027,8.5443745,472.294
47.3866027,8.5443745,472.294
47.3866022,8.5443732,472.581
47.3866022,8.5443732,472.581
47.3866014,8.5443732,472.902
47.3866014,8.5443732,472.902
47.3866006,8.5443728,473.323
47.3866006,8.5443728,473.323
47.3866,8.5443724,473.899
47.3866,8.5443724,473.899
47.3865995,8.54437,474.039
47.3865995,8.54437,474.039
47.3865986,8.5443671,474.006
47.3865986,8.5443671,474.006
47.3865976,8.5443646,474.11
47.3865976,8.5443646,474.11
47.3865966,8.5443624,474.295
47.3865966,8.5443624,474.295
47.3865954,8.5443602,474.638
47.3865954,8.5443602,474.638
47.3865948,8.544358,474.897
47.3865948,8.544358,474.897
47.3865936,8.5443555,475.185
47.3865936,8.5443555,475.185
47.3865924,8.5443536,475.128
47.3865924,8.5443536,475.128
47.3865907,8.544352,475.609
47.3865907,8.544352,475.609
47.3865899,8.5443496,475.315
47.3865899,8.5443496,475.315
47.3865889,8.544348,475.476
47.3865889,8.544348,475.476
47.3865888,8.5443453,475.512
47.3865888,8.5443453,475.512
47.3865879,8.5443431,475.769
47.3865879,8.5443431,475.769
47.3865856,8.5443402,476.125
47.3865856,8.5443402,476.125
47.3865846,8.5443385,476.091
47.3865846,8.5443385,476.091
47.3865839,8.5443367,476.079
47.3865839,8.5443367,476.079
47.3865828,8.5443343,476.242
47.3865828,8.5443343,476.242
47.3865825,8.5443327,476.34
47.3865825,8.5443327,476.34
47.3865815,8.5443312,476.452
47.3865815,8.5443312,476.452
47.386581,8.5443306,476.362
47.386581,8.5443306,476.362
47.3865801,8.544329,476.168
47.3865801,8.544329,476.168
47.3865788,8.5443272,476.178
47.3865788,8.5443272,476.178
47.3865772,8.5443251,475.978
47.3865772,8.5443251,475.978
47.3865754,8.5443231,476.011
47.3865754,8.5443231,476.011
47.3865732,8.5443211,475.953
47.3865732,8.5443211,475.953
47.3865715,8.5443198,475.798
47.3865715,8.5443198,475.798
47.3865694,8.5443177,475.805
47.3865694,8.5443177,475.805
47.3865672,8.5443156,476.001
47.3865672,8.5443156,476.001
47.3865649,8.5443145,475.808
47.3865649,8.5443145,475.808
47.3865629,8.5443126,476.065
47.3865629,8.5443126,476.065
47.3865614,8.5443108,475.996
47.3865614,8.5443108,475.996
47.3865594,8.5443081,476.073
47.3865594,8.5443081,476.073
47.3865582,8.5443062,476.034
47.3865582,8.5443062,476.034
47.3865564,8.5443035,475.96
47.3865564,8.5443035,475.96
47.3865549,8.5443008,475.902
47.3865549,8.5443008,475.902
47.3865534,8.5442983,475.722
47.3865534,8.5442983,475.722
47.3865524,8.5442963,475.37
47.3865524,8.5442963,475.37
47.3865515,8.5442945,475.179
47.3865515,8.5442945,475.179
47.3865492,8.5442926,474.964
47.3865492,8.5442926,474.964
47.3865478,8.5442904,474.986
47.3865478,8.5442904,474.986
47.386548,8.5442886,475.149
47.386548,8.5442886,475.149
47.386548,8.5442873,475.266
47.386548,8.5442873,475.266
47.3865477,8.5442853,475.413
47.3865477,8.5442853,475.413
47.3865473,8.5442833,475.395
47.3865473,8.5442833,475.395
47.3865473,8.5442821,475.255
47.3865473,8.5442821,475.255
47.3865465,8.5442804,475.206
47.3865465,8.5442804,475.206
47.3865449,8.544278,475.031
47.3865449,8.544278,475.031
47.3865446,8.544276,475.081
47.3865446,8.544276,475.081
47.3865444,8.5442729,475.426
47.3865444,8.5442729,475.426
47.3865443,8.5442706,475.461
47.3865443,8.5442706,475.461
47.3865436,8.5442678,475.625
47.3865436,8.5442678,475.625
47.3865426,8.5442656,475.604
47.3865426,8.5442656,475.604
47.3865423,8.5442636,475.656
47.3865423,8.5442636,475.656
47.3865417,8.5442616,475.611
47.3865417,8.5442616,475.611
47.3865405,8.5442595,475.415
47.3865405,8.5442595,475.415
47.3865397,8.544257,475.21
47.3865397,8.544257,475.21
47.3865395,8.5442539,475.322
47.3865395,8.5442539,475.322
47.3865391,8.5442515,475.34
47.3865391,8.5442515,475.34
47.3865388,8.5442496,475.252
47.3865388,8.5442496,475.252
47.3865386,8.5442473,475.353
47.3865386,8.5442473,475.353
47.3865381,8.5442457,475.287
47.3865381,8.5442457,475.287
47.3865374,8.5442436,475.327
47.3865374,8.5442436,475.327
47.3865368,8.544242,475.344
47.3865368,8.544242,475.344
47.3865366,8.5442411,475.309
47.3865366,8.5442411,475.309
47.3865373,8.5442402,475.044
47.3865373,8.5442402,475.044
47.386536,8.5442369,474.988
47.386536,8.5442369,474.988
47.3865353,8.5442347,474.932
47.3865353,8.5442347,474.932
47.3865344,8.5442335,474.925
47.3865344,8.5442335,474.925
47.3865339,8.5442327,474.992
47.3865339,8.5442327,474.992
47.3865345,8.5442322,474.866
47.3865345,8.5442322,474.866
47.3865352,8.544231,474.881
47.3865352,8.544231,474.881
47.3865358,8.5442304,474.999
47.3865358,8.5442304,474.999
47.3865349,8.5442296,475.153
47.3865349,8.5442296,475.153
47.3865337,8.5442279,475.105
47.3865337,8.5442279,475.105
47.3865336,8.5442269,475.31
47.3865336,8.5442269,475.31
47.3865344,8.5442252,475.545
47.3865344,8.5442252,475.545
47.3865333,8.5442234,475.734
47.3865333,8.5442234,475.734
47.3865324,8.5442219,475.704
47.3865324,8.5442219,475.704
47.3865319,8.5442201,475.463
47.3865319,8.5442201,475.463
47.3865307,8.5442185,475.684
47.3865307,8.5442185,475.684
47.3865293,8.544217,475.551
47.3865293,8.544217,475.551
47.386529,8.5442154,475.321
47.386529,8.5442154,475.321
47.3865285,8.544213,475.28
47.3865285,8.544213,475.28
47.3865289,8.5442102,475.22
47.3865289,8.5442102,475.22
47.3865296,8.5442071,474.951
47.3865296,8.5442071,474.951
47.3865295,8.5442018,475.195
47.3865295,8.5442018,475.195
47.3865298,8.5441989,475.154
47.3865298,8.5441989,475.154
47.3865304,8.5441955,475.177
47.3865304,8.5441955,475.177
47.3865322,8.5441918,475.332
47.3865322,8.5441918,475.332
47.3865328,8.5441881,475.294
47.3865328,8.5441881,475.294
47.3865338,8.5441848,475.805
47.3865338,8.5441848,475.805
47.3865343,8.5441817,475.853
47.3865343,8.5441817,475.853
47.3865334,8.5441789,475.958
47.3865334,8.5441789,475.958
47.3865313,8.5441779,476.072
47.3865313,8.5441779,476.072
47.3865283,8.5441776,476.003
47.3865283,8.5441776,476.003
47.3865268,8.5441751,476.134
47.3865268,8.5441751,476.134
47.3865258,8.5441719,476.513
47.3865258,8.5441719,476.513
47.3865249,8.5441681,476.528
47.3865249,8.5441681,476.528
47.386522,8.5441661,476.8
47.386522,8.5441661,476.8
47.3865207,8.5441621,477.075
47.3865207,8.5441621,477.075
47.3865197,8.544158,477.306
47.3865197,8.544158,477.306
47.3865185,8.5441553,477.451
47.3865185,8.5441553,477.451
47.3865165,8.5441539,477.314
47.3865165,8.5441539,477.314
47.3865146,8.5441518,477.512
47.3865146,8.5441518,477.512
47.3865136,8.5441517,477.847
47.3865136,8.5441517,477.847
47.3865127,8.5441512,478.027
47.3865127,8.5441512,478.027
47.3865115,8.5441498,478.258
47.3865115,8.5441498,478.258
47.3865115,8.5441488,478.394
47.3865115,8.5441488,478.394
47.3865114,8.5441481,478.582
47.3865114,8.5441481,478.582
47.3865112,8.5441462,478.856
47.3865112,8.5441462,478.856
47.3865112,8.5441446,478.912
47.3865112,8.5441446,478.912
47.3865102,8.5441439,478.995
47.3865102,8.5441439,478.995
47.3865097,8.5441423,478.997
47.3865097,8.5441423,478.997
47.3865084,8.5441399,479.107
47.3865084,8.5441399,479.107
47.3865082,8.5441387,479.015
47.3865082,8.5441387,479.015
47.3865074,8.5441371,479.237
47.3865074,8.5441371,479.237
47.3865071,8.5441353,479.172
47.3865071,8.5441353,479.172
47.3865059,8.5441331,479.401
47.3865059,8.5441331,479.401
47.3865056,8.5441309,479.285
47.3865056,8.5441309,479.285
47.3865054,8.5441282,479.552
47.3865054,8.5441282,479.552
47.3865053,8.544126,479.426
47.3865053,8.544126,479.426
47.3865052,8.5441244,479.176
47.3865052,8.5441244,479.176
47.3865044,8.5441227,479.214
47.3865044,8.5441227,479.214
47.3865046,8.5441203,479.062
47.3865046,8.5441203,479.062
47.3865043,8.5441175,478.874
47.3865043,8.5441175,478.874
47.3865043,8.5441142,478.689
47.3865043,8.5441142,478.689
47.3865036,8.5441107,478.67
47.3865036,8.5441107,478.67
47.3865032,8.5441079,478.524
47.3865032,8.5441079,478.524
47.3865028,8.544106,478.465
47.3865028,8.544106,478.465
47.3865021,8.5441039,478.545
47.3865021,8.5441039,478.545
47.3865017,8.544102,478.486
47.3865017,8.544102,478.486
47.3865009,8.5440998,478.614
47.3865009,8.5440998,478.614
47.3865007,8.5440986,478.529
47.3865007,8.5440986,478.529
47.3865,8.5440966,478.682
47.3865,8.5440966,478.682
47.3864993,8.5440941,478.858
47.3864993,8.5440941,478.858
47.3864988,8.5440921,478.947
47.3864988,8.5440921,478.947
47.3864982,8.5440907,478.916
47.3864982,8.5440907,478.916
47.3864976,8.5440891,478.895
47.3864976,8.5440891,478.895
47.3864965,8.5440864,479.062
47.3864965,8.5440864,479.062
47.3864959,8.5440843,479.081
47.3864959,8.5440843,479.081
47.386495,8.5440821,479.219
47.386495,8.5440821,479.219
47.3864935,8.5440801,479.384
47.3864935,8.5440801,479.384
47.3864922,8.5440781,479.433
47.3864922,8.5440781,479.433
47.386491,8.5440756,479.59
47.386491,8.5440756,479.59
47.38649,8.5440737,479.689
47.38649,8.5440737,479.689
47.38649,8.5440737,479.689
47.3864888,8.5440715,479.79
47.3864888,8.5440715,479.79
47.3864874,8.5440684,479.906
47.3864861,8.5440653,480.102
47.3864861,8.5440653,480.102
47.3864846,8.5440617,480.406
47.3864846,8.5440617,480.406
47.386483,8.5440585,480.654
47.386483,8.5440585,480.654
47.3864812,8.5440561,480.923
47.3864812,8.5440561,480.923
47.3864798,8.5440543,481.082
47.3864798,8.5440543,481.082
47.3864782,8.5440519,481.319
47.3864782,8.5440519,481.319
47.3864765,8.5440495,481.553
47.3864765,8.5440495,481.553
47.3864747,8.5440469,481.809
47.3864747,8.5440469,481.809
47.3864731,8.5440451,481.912
47.3864731,8.5440451,481.912
47.3864719,8.544044,481.867
47.3864719,8.544044,481.867
47.3864704,8.5440422,481.956
47.3864704,8.5440422,481.956
47.3864692,8.5440408,482.138
47.3864692,8.5440408,482.138
47.3864685,8.5440403,482.22
47.3864685,8.5440403,482.22
47.3864674,8.5440398,482.27
47.3864674,8.5440398,482.27
47.3864659,8.544039,482.376
47.3864659,8.544039,482.376
47.3864659,8.544039,482.376
47.3864644,8.544038,482.613
47.3864644,8.544038,482.613
47.3864633,8.5440372,482.854
47.3864633,8.5440372,482.854
47.3864623,8.5440359,483.211
47.3864617,8.5440353,483.356
47.3864617,8.5440353,483.356
47.3864611,8.5440348,483.52
47.3864611,8.5440348,483.52
47.3864611,8.5440348,483.52
47.3864604,8.5440344,483.546
47.3864604,8.5440344,483.546
47.3864596,8.544034,483.599
47.3864595,8.544034,483.56
47.3864595,8.544034,483.56
47.3864593,8.5440342,483.547
47.3864593,8.5440342,483.547
47.3864592,8.5440339,483.722
47.3864592,8.5440339,483.722
47.3864591,8.5440342,483.772
47.3864591,8.5440342,483.772
47.3864592,8.5440347,483.738
47.3864592,8.5440347,483.738
47.3864589,8.5440353,483.597
47.3864589,8.5440353,483.597
47.3864586,8.544035,483.566
47.3864586,8.544035,483.566
47.3864588,8.5440349,483.64
47.3864588,8.5440349,483.64
47.386458,8.5440335,483.733
47.386458,8.5440335,483.733
47.386458,8.5440328,483.613
47.386458,8.5440328,483.613
47.3864579,8.5440322,483.439
47.3864579,8.5440322,483.439
47.3864578,8.5440317,483.456
47.3864578,8.5440317,483.456
47.3864584,8.5440323,483.068
47.3864584,8.5440323,483.068
47.3864588,8.544032,482.869
47.3864588,8.544032,482.869
47.3864591,8.5440318,482.815
47.3864591,8.5440318,482.815
47.3864594,8.5440316,482.691
47.3864594,8.5440316,482.691
47.3864593,8.5440304,482.636
47.3864593,8.5440304,482.636
47.3864598,8.5440304,482.468
47.3864598,8.5440304,482.468
47.38646,8.5440299,482.424
47.38646,8.5440299,482.424
47.3864606,8.5440299,482.434
47.3864606,8.5440299,482.434
47.3864607,8.5440296,482.313
47.3864607,8.5440296,482.313
47.3864603,8.5440281,482.445
47.3864603,8.5440281,482.445
47.38646,8.5440266,482.555
47.38646,8.5440266,482.555
47.3864598,8.5440255,482.531
47.3864598,8.5440255,482.531
47.3864595,8.5440236,482.723
47.3864595,8.5440236,482.723
47.3864593,8.5440226,482.631
47.3864593,8.5440226,482.631
47.3864597,8.5440223,482.503
47.3864597,8.5440223,482.503
47.38646,8.5440216,482.599
47.38646,8.5440216,482.599
47.3864603,8.5440217,482.523
47.3864603,8.5440217,482.523
47.3864601,8.5440211,482.598
47.3864601,8.5440211,482.598
47.3864598,8.5440208,482.684
47.3864598,8.5440208,482.684
47.3864595,8.5440203,482.783
47.3864595,8.5440203,482.783
47.3864594,8.5440205,482.673
47.3864594,8.5440205,482.673
47.3864591,8.5440205,482.604
47.3864591,8.5440205,482.604
47.3864579,8.5440198,482.685
47.3864579,8.5440198,482.685
47.3864573,8.5440196,482.602
47.3864573,8.5440196,482.602
47.386457,8.5440191,482.596
47.386457,8.5440191,482.596
47.3864574,8.5440198,482.602
47.3864574,8.5440198,482.602
47.3864577,8.5440202,482.577
47.3864577,8.5440202,482.577
47.3864576,8.5440202,482.79
47.3864576,8.5440202,482.79
47.3864576,8.5440205,482.703
47.3864576,8.5440205,482.703
47.3864574,8.5440201,482.709
47.3864574,8.5440201,482.709
47.3864576,8.5440205,482.599
47.3864576,8.5440205,482.599
47.3864578,8.5440212,482.536
47.3864578,8.5440212,482.536
47.3864577,8.5440211,482.618
47.3864577,8.5440211,482.618
47.3864579,8.5440217,482.478
47.3864579,8.5440217,482.478
47.3864584,8.5440229,482.353
47.3864584,8.5440229,482.353
47.386459,8.544024,482.132
47.386459,8.544024,482.132
47.3864589,8.5440231,482.341
47.3864589,8.5440231,482.341
47.3864589,8.5440229,482.427
47.3864589,8.5440229,482.427
47.3864593,8.5440233,482.328
47.3864593,8.5440233,482.328
47.3864596,8.5440235,482.351
47.3864596,8.5440235,482.351
47.3864595,8.5440239,482.31
47.3864595,8.5440239,482.31
47.386459,8.5440236,482.446
47.386459,8.5440236,482.446
47.3864582,8.5440233,482.58
47.3864582,8.5440233,482.58
47.386458,8.5440241,482.273
47.386458,8.5440241,482.273
47.3864575,8.5440243,482.295
47.3864575,8.5440243,482.295
47.3864572,8.5440244,482.181
47.3864572,8.5440244,482.181
47.3864565,8.5440247,482.112
47.3864565,8.5440247,482.112
47.3864562,8.5440249,481.911
47.3864562,8.5440249,481.911
47.3864557,8.5440249,481.988
47.3864557,8.5440249,481.988
47.3864554,8.5440255,482.016
47.3864554,8.5440255,482.016
47.3864552,8.5440263,481.898
47.3864552,8.5440263,481.898
47.3864546,8.5440273,481.96
47.3864546,8.5440273,481.96
47.3864541,8.5440275,482.033
47.3864541,8.5440275,482.033
47.3864543,8.5440277,481.94
47.3864543,8.5440277,481.94
47.3864543,8.5440277,481.94
47.3864548,8.5440288,481.75
47.386455,8.5440295,481.607
47.386455,8.5440295,481.607
47.3864543,8.5440292,481.707
47.3864543,8.5440292,481.707
47.3864547,8.5440295,481.625
47.3864547,8.5440295,481.625
47.3864554,8.5440294,481.553
47.3864554,8.5440294,481.553
47.3864554,8.5440294,481.553
47.3864561,8.5440297,481.537
47.3864561,8.5440297,481.537
47.3864567,8.5440299,481.374
47.3864575,8.54403,481.118
47.3864575,8.54403,481.118
47.3864579,8.5440294,481.106
47.3864579,8.5440294,481.106
47.3864585,8.5440288,480.996
47.3864585,8.5440288,480.996
47.3864588,8.544028,480.901
47.3864588,8.544028,480.901
47.386459,8.5440269,480.83
47.386459,8.5440269,480.83
47.3864596,8.5440262,480.708
47.3864596,8.5440262,480.708
47.3864604,8.5440255,480.612
47.3864604,8.5440255,480.612
47.3864609,8.5440245,480.625
47.3864609,8.5440245,480.625
47.3864612,8.5440239,480.614
47.3864612,8.5440239,480.614
47.3864613,8.5440232,480.612
47.3864613,8.5440232,480.612
47.3864617,8.5440231,480.409
47.3864617,8.5440231,480.409
47.3864613,8.5440216,480.411
47.3864613,8.5440216,480.411
47.3864605,8.5440198,480.352
47.3864605,8.5440198,480.352
47.3864603,8.544018,480.405
47.3864603,8.544018,480.405
47.3864605,8.5440168,480.33
47.3864605,8.5440168,480.33
47.3864606,8.5440162,480.275
47.3864606,8.5440162,480.275
47.3864613,8.5440154,480.234
47.3864613,8.5440154,480.234
47.3864621,8.5440149,480.164
47.3864621,8.5440149,480.164
47.3864629,8.5440145,480.269
47.3864629,8.5440145,480.269
47.3864642,8.5440147,480.125
47.3864642,8.5440147,480.125
47.3864649,8.5440143,480.062
47.3864649,8.5440143,480.062
47.3864657,8.5440141,480.246
47.3864657,8.5440141,480.246
47.3864666,8.5440142,480.309
47.3864666,8.5440142,480.309
47.3864668,8.5440139,480.386
47.3864668,8.5440139,480.386
47.3864671,8.5440142,480.286
47.3864671,8.5440142,480.286
47.3864674,8.5440144,480.331
47.3864674,8.5440144,480.331
47.3864682,8.5440147,480.266
47.3864682,8.5440147,480.266
47.3864685,8.5440152,480.302
47.3864685,8.5440152,480.302
47.3864686,8.5440157,480.37
47.3864686,8.5440157,480.37
47.3864687,8.5440163,480.357
47.3864687,8.5440163,480.357
47.3864688,8.5440169,480.323
47.3864688,8.5440169,480.323
47.3864689,8.5440176,480.285
47.3864689,8.5440176,480.285
47.3864687,8.5440183,480.293
47.3864687,8.5440183,480.293
47.386469,8.5440198,480.137
47.386469,8.5440198,480.137
47.386469,8.5440207,480.186
47.386469,8.5440207,480.186
47.3864695,8.5440228,479.999
47.3864695,8.5440228,479.999
47.3864702,8.5440243,479.879
47.3864702,8.5440243,479.879
47.3864703,8.5440252,479.86
47.3864703,8.5440252,479.86
47.3864702,8.5440253,479.94
47.3864702,8.5440253,479.94
47.3864705,8.5440247,480.2
47.3864705,8.5440247,480.2
47.3864711,8.5440249,480.191
47.3864711,8.5440249,480.191
47.3864719,8.5440256,480.048
47.3864719,8.5440256,480.048
47.3864728,8.544026,480.064
47.3864728,8.544026,480.064
47.3864735,8.544026,480.072
47.3864735,8.544026,480.072
47.3864742,8.5440251,480.154
47.3864742,8.5440251,480.154
47.3864751,8.5440256,480.029
47.3864751,8.5440256,480.029
47.3864755,8.5440261,479.942
47.3864755,8.5440261,479.942
47.3864766,8.5440268,479.829
47.3864766,8.5440268,479.829
47.3864773,8.5440277,479.648
47.3864773,8.5440277,479.648
47.3864771,8.5440267,479.77
47.3864771,8.5440267,479.77
47.3864779,8.5440264,479.713
47.3864779,8.5440264,479.713
47.3864786,8.5440258,479.72
47.3864786,8.5440258,479.72
47.3864793,8.5440262,479.54
47.3864793,8.5440262,479.54
47.3864804,8.544028,479.177
47.3864804,8.544028,479.177
47.3864811,8.544029,478.993
47.3864811,8.544029,478.993
47.3864812,8.5440289,479.029
47.3864812,8.5440289,479.029
47.3864819,8.5440301,478.831
47.3864819,8.5440301,478.831
47.3864826,8.5440305,478.743
47.3864826,8.5440305,478.743
47.3864829,8.5440311,478.633
47.3864829,8.5440311,478.633
47.3864825,8.5440314,478.802
47.3864825,8.5440314,478.802
47.3864829,8.5440326,478.777
47.3864829,8.5440326,478.777
47.386483,8.5440337,478.799
47.386483,8.5440337,478.799
47.3864823,8.544034,478.879
47.3864823,8.544034,478.879
47.3864827,8.5440354,478.755
47.3864827,8.5440354,478.755
47.3864821,8.5440355,478.825
47.3864821,8.5440355,478.825
47.3864824,8.5440373,478.65
47.3864824,8.5440373,478.65
47.3864825,8.5440391,478.474
47.3864825,8.5440391,478.474
47.3864827,8.5440417,478.21
47.3864827,8.5440417,478.21
47.3864818,8.5440431,478.54
47.3864818,8.5440431,478.54
47.3864809,8.5440435,478.644
47.3864809,8.5440435,478.644
47.386481,8.5440447,478.481
47.386481,8.5440447,478.481
47.3864807,8.5440454,478.45
47.3864807,8.5440454,478.45
47.3864803,8.5440461,478.539
47.3864803,8.5440461,478.539
47.3864806,8.5440473,478.262
47.3864806,8.5440473,478.262
47.3864806,8.5440487,478.165
47.3864806,8.5440487,478.165
47.3864804,8.5440493,478.062
47.3864804,8.5440493,478.062
47.3864811,8.5440518,477.77
47.3864811,8.5440518,477.77
47.386481,8.5440524,477.708
47.386481,8.5440524,477.708
47.3864809,8.5440519,477.719
47.3864809,8.5440519,477.719
47.3864806,8.5440516,477.719
47.3864806,8.5440516,477.719
47.3864809,8.5440525,477.605
47.3864809,8.5440525,477.605
47.3864809,8.5440537,477.568
47.3864809,8.5440537,477.568
47.3864806,8.544055,477.514
47.3864806,8.544055,477.514
47.3864808,8.5440557,477.32
47.3864808,8.5440557,477.32
47.3864818,8.5440558,477.181
47.3864818,8.5440558,477.181
47.3864828,8.5440562,476.995
47.3864828,8.5440562,476.995
47.3864839,8.5440575,476.884
47.3864839,8.5440575,476.884
47.3864853,8.5440573,476.692
47.3864853,8.5440573,476.692
47.3864866,8.5440561,476.653
47.3864866,8.5440561,476.653
47.3864869,8.5440544,476.718
47.3864869,8.5440544,476.718
47.3864877,8.5440539,476.698
47.3864877,8.5440539,476.698
47.3864882,8.544053,476.703
47.3864882,8.544053,476.703
47.3864882,8.5440515,476.801
47.3864882,8.5440515,476.801
47.3864882,8.5440497,476.711
47.3864882,8.5440497,476.711
47.3864894,8.5440486,476.465
47.3864894,8.5440486,476.465
47.3864897,8.5440472,476.447
47.3864897,8.5440472,476.447
47.38649,8.5440459,476.363
47.38649,8.5440459,476.363
47.3864894,8.5440436,476.411
47.3864894,8.5440436,476.411
47.386489,8.5440424,476.531
47.386489,8.5440424,476.531
47.3864893,8.5440413,476.601
47.3864893,8.5440413,476.601
47.3864892,8.5440405,476.564
47.3864892,8.5440405,476.564
47.3864894,8.5440399,476.534
47.3864894,8.5440399,476.534
47.3864889,8.5440391,476.71
47.3864889,8.5440391,476.71
47.3864886,8.5440381,476.738
47.3864886,8.5440381,476.738
47.3864885,8.5440376,476.743
47.3864885,8.5440376,476.743
47.386489,8.5440384,476.688
47.386489,8.5440384,476.688
47.3864891,8.5440394,476.732
47.3864891,8.5440394,476.732
47.3864886,8.5440399,476.801
47.3864886,8.5440399,476.801
47.3864879,8.5440401,476.835
47.3864879,8.5440401,476.835
47.3864872,8.5440406,476.944
47.3864872,8.5440406,476.944
47.3864873,8.544042,476.871
47.3864873,8.544042,476.871
47.3864873,8.5440431,477.01
47.3864873,8.5440431,477.01
47.3864872,8.5440438,477.143
47.3864872,8.5440438,477.143
47.386487,8.5440436,477.276
47.386487,8.5440436,477.276
47.3864869,8.5440435,477.353
47.3864869,8.5440435,477.353
47.3864863,8.5440425,477.563
47.3864863,8.5440425,477.563
47.3864864,8.544042,477.661
47.3864864,8.544042,477.661
47.3864866,8.5440419,477.694
47.3864866,8.5440419,477.694
47.3864864,8.544041,477.919
47.3864864,8.544041,477.919
47.3864867,8.5440407,478.03
47.3864867,8.5440407,478.03
47.3864868,8.54404,478.037
47.3864868,8.54404,478.037
47.3864865,8.5440388,478.114
47.3864865,8.5440388,478.114
47.3864865,8.5440383,478.049
47.3864865,8.5440383,478.049
47.3864865,8.5440381,478.127
47.3864865,8.5440381,478.127
47.3864862,8.5440378,478.233
47.3864862,8.5440378,478.233
47.3864863,8.5440379,478.08
47.3864863,8.5440379,478.08
47.3864861,8.5440373,478.008
47.3864861,8.5440373,478.008
47.3864865,8.5440375,477.827
47.3864865,8.5440375,477.827
47.3864868,8.5440373,477.923
47.3864868,8.5440373,477.923
47.386487,8.5440363,478.069
47.386487,8.5440363,478.069
47.3864878,8.5440367,478.002
47.3864878,8.5440367,478.002
47.386488,8.5440363,478.002
47.386488,8.5440363,478.002
47.3864887,8.5440357,477.9
47.3864887,8.5440357,477.9
47.386489,8.5440337,478.175
47.386489,8.5440337,478.175
47.3864896,8.5440325,477.988
47.3864896,8.5440325,477.988
47.3864899,8.5440317,477.967
47.3864899,8.5440317,477.967
47.3864902,8.5440311,478.089
47.3864902,8.5440311,478.089
47.3864907,8.5440307,478.159
47.3864907,8.5440307,478.159
47.3864912,8.5440291,478.192
47.3864912,8.5440291,478.192
47.3864913,8.5440276,478.187
47.3864913,8.5440276,478.187
47.3864916,8.5440268,478.244
47.3864916,8.5440268,478.244
47.3864915,8.5440255,478.202
47.3864915,8.5440255,478.202
47.3864916,8.5440243,478.382
47.3864916,8.5440243,478.382
47.3864921,8.5440235,478.356
47.3864921,8.5440235,478.356
47.3864925,8.5440229,478.338
47.3864925,8.5440229,478.338
47.3864922,8.5440213,478.624
47.3864922,8.5440213,478.624
47.3864923,8.5440205,478.675
47.3864923,8.5440205,478.675
47.3864925,8.5440195,478.801
47.3864925,8.5440195,478.801
47.3864918,8.5440185,478.775
47.3864918,8.5440185,478.775
47.3864916,8.5440179,478.714
47.3864916,8.5440179,478.714
47.3864916,8.5440169,478.778
47.3864916,8.5440169,478.778
47.3864919,8.544016,478.74
47.3864919,8.544016,478.74
47.3864922,8.5440148,478.786
47.3864922,8.5440148,478.786
47.3864921,8.5440136,478.792
47.3864921,8.5440136,478.792
47.3864922,8.5440124,478.995
47.3864922,8.5440124,478.995
47.3864919,8.5440111,478.961
47.3864919,8.5440111,478.961
47.3864919,8.5440101,479.087
47.3864919,8.5440101,479.087
47.3864919,8.5440089,479.337
47.3864919,8.5440089,479.337
47.3864922,8.5440083,479.43
47.3864922,8.5440083,479.43
47.3864921,8.5440066,479.656
47.3864921,8.5440066,479.656
47.3864925,8.5440053,479.818
47.3864925,8.5440053,479.818
47.3864925,8.5440036,480.044
47.3864925,8.5440036,480.044
47.3864929,8.5440025,480.02
47.3864929,8.5440025,480.02
47.3864937,8.5440022,479.95
47.3864937,8.5440022,479.95
47.3864945,8.544002,479.802
47.3864945,8.544002,479.802
47.3864952,8.5440013,479.814
47.3864952,8.5440013,479.814
47.386496,8.5440011,479.703
47.386496,8.5440011,479.703
47.3864966,8.5440002,479.732
47.3864966,8.5440002,479.732
47.3864979,8.5440001,479.61
47.3864979,8.5440001,479.61
47.3864992,8.5439998,479.545
47.3864992,8.5439998,479.545
47.3865,8.5439983,479.714
47.3865,8.5439983,479.714
47.3865005,8.5439964,479.879
47.3865005,8.5439964,479.879
47.3865011,8.5439953,479.918
47.3865011,8.5439953,479.918
47.3865022,8.5439954,479.728
47.3865022,8.5439954,479.728
47.3865026,8.5439942,479.776
47.3865026,8.5439942,479.776
47.3865033,8.5439933,479.771
47.3865033,8.5439933,479.771
47.3865033,8.543991,479.825
47.3865033,8.543991,479.825
47.3865036,8.543989,479.931
47.3865036,8.543989,479.931
47.3865044,8.5439878,479.914
47.3865044,8.5439878,479.914
47.3865056,8.543988,479.897
47.3865056,8.543988,479.897
47.3865067,8.5439887,479.598
47.3865067,8.5439887,479.598
47.3865073,8.5439884,479.547
47.3865073,8.5439884,479.547
47.3865077,8.5439877,479.616
47.3865077,8.5439877,479.616
47.3865077,8.5439861,479.768
47.3865077,8.5439861,479.768
47.3865078,8.5439849,479.772
47.3865078,8.5439849,479.772
47.3865071,8.5439833,479.431
47.3865071,8.5439833,479.431
47.3865077,8.543983,479.37
47.3865077,8.543983,479.37
47.3865081,8.5439825,479.334
47.3865081,8.5439825,479.334
47.3865079,8.5439818,479.3
47.3865079,8.5439818,479.3
47.3865081,8.5439811,479.377
47.3865081,8.5439811,479.377
47.3865087,8.5439815,479.383
47.3865087,8.5439815,479.383
47.3865093,8.5439817,479.446
47.3865093,8.5439817,479.446
47.3865098,8.543982,479.509
47.3865098,8.543982,479.509
47.3865104,8.5439821,479.481
47.3865104,8.5439821,479.481
47.3865112,8.5439822,479.504
47.3865112,8.5439822,479.504
47.3865118,8.5439822,479.456
47.3865118,8.5439822,479.456
47.3865124,8.5439821,479.399
47.3865124,8.5439821,479.399
47.386513,8.5439814,479.34
47.386513,8.5439814,479.34
47.3865131,8.54398,479.273
47.3865131,8.54398,479.273
47.386514,8.5439802,479.221
47.386514,8.5439802,479.221
47.3865155,8.543981,479.194
47.3865155,8.543981,479.194
47.3865155,8.5439809,479.255
47.3865155,8.5439809,479.255
47.3865139,8.5439786,479.078
47.3865139,8.5439786,479.078
47.3865122,8.5439758,479.061
47.3865122,8.5439758,479.061
47.386511,8.5439738,479.097
47.386511,8.5439738,479.097
47.3865091,8.543971,479.253
47.3865091,8.543971,479.253
47.3865088,8.5439699,479.213
47.3865088,8.5439699,479.213
47.3865097,8.5439696,479.254
47.3865097,8.5439696,479.254
47.3865107,8.5439698,479.243
47.3865107,8.5439698,479.243
47.3865108,8.5439693,479.292
47.3865108,8.5439693,479.292
47.3865103,8.5439674,479.364
47.3865103,8.5439674,479.364
47.3865103,8.5439674,479.364
47.386507,8.5439634,479.358
47.386507,8.5439634,479.358
47.3865065,8.5439624,479.367
47.3865065,8.5439624,479.367
47.3865079,8.5439633,479.426
47.3865079,8.5439633,479.426
47.3865107,8.5439651,479.434
47.3865107,8.5439651,479.434
47.3865108,8.5439639,479.376
47.3865108,8.5439639,479.376
47.3865107,8.5439627,479.321
47.3865107,8.5439627,479.321
47.3865091,8.5439601,479.065
47.3865091,8.5439601,479.065
47.3865069,8.5439565,479.02
47.3865069,8.5439565,479.02
47.3865044,8.5439529,478.872
47.3865044,8.5439529,478.872
47.3865035,8.543951,478.77
47.3865035,8.543951,478.77
47.3865027,8.543949,478.688
47.3865027,8.543949,478.688
47.3865025,8.5439472,478.664
47.3865025,8.5439472,478.664
47.3865024,8.5439458,478.704
47.3865024,8.5439458,478.704
47.3865017,8.5439437,478.728
47.3865017,8.5439437,478.728
47.3864993,8.54394,478.713
47.3864993,8.54394,478.713
47.3864964,8.5439361,478.642
47.3864964,8.5439361,478.642
47.3864963,8.5439344,478.704
47.3864963,8.5439344,478.704
47.3864959,8.5439325,478.638
47.3864959,8.5439325,478.638
47.3864965,8.5439312,478.552
47.3864965,8.5439312,478.552
47.3864973,8.5439302,478.54
47.3864973,8.5439302,478.54
47.3864981,8.5439288,478.696
47.3864981,8.5439288,478.696
47.3864986,8.5439272,478.731
47.3864986,8.5439272,478.731
47.3865,8.5439266,478.786
47.3865,8.5439266,478.786
47.3865014,8.543926,478.786
47.3865014,8.543926,478.786
47.386502,8.5439247,478.547
47.386502,8.5439247,478.547
47.3865014,8.5439226,478.373
47.3865014,8.5439226,478.373
47.3865015,8.5439211,478.304
47.3865015,8.5439211,478.304
47.3865009,8.5439191,478.304
47.3865009,8.5439191,478.304
47.386501,8.543918,478.197
47.386501,8.543918,478.197
47.3865012,8.5439168,478.17
47.3865012,8.5439168,478.17
47.3865007,8.5439149,478.18
47.3865007,8.5439149,478.18
47.3865001,8.5439127,478.157
47.3865001,8.5439127,478.157
47.3864995,8.5439102,478.099
47.3864995,8.5439102,478.099
47.3864997,8.5439084,478.068
47.3864997,8.5439084,478.068
47.3865001,8.5439066,478.153
47.3865001,8.5439066,478.153
47.3865009,8.5439054,478.25
47.3865009,8.5439054,478.25
47.3865012,8.5439033,478.235
47.3865012,8.5439033,478.235
47.386502,8.5439017,478.488
47.386502,8.5439017,478.488
47.3865023,8.5438996,478.734
47.3865023,8.5438996,478.734
47.3865031,8.5438982,478.886
47.3865031,8.5438982,478.886
47.3865037,8.5438966,479.02
47.3865037,8.5438966,479.02
47.3865036,8.5438947,479.063
47.3865036,8.5438947,479.063
47.386503,8.5438923,479.239
47.386503,8.5438923,479.239
47.3865021,8.5438902,479.273
47.3865021,8.5438902,479.273
47.3865018,8.5438889,479.333
47.3865018,8.5438889,479.333
47.3865027,8.5438884,479.166
47.3865027,8.5438884,479.166
47.3865027,8.5438865,479.145
47.3865027,8.5438865,479.145
47.3865035,8.5438853,479.049
47.3865035,8.5438853,479.049
47.3865037,8.5438834,479.043
47.3865037,8.5438834,479.043
47.3865038,8.5438817,478.988
47.3865038,8.5438817,478.988
47.3865046,8.5438802,479.009
47.3865046,8.5438802,479.009
47.3865052,8.5438791,478.955
47.3865052,8.5438791,478.955
47.3865056,8.5438781,478.628
47.3865056,8.5438781,478.628
47.3865059,8.543877,478.582
47.3865059,8.543877,478.582
47.3865065,8.5438764,478.465
47.3865065,8.5438764,478.465
47.3865063,8.5438749,478.515
47.3865063,8.5438749,478.515
47.3865059,8.5438738,478.457
47.3865059,8.5438738,478.457
47.3865059,8.5438724,478.45
47.3865059,8.5438724,478.45
47.3865078,8.5438726,478.542
47.3865078,8.5438726,478.542
47.3865086,8.5438718,478.564
47.3865086,8.5438718,478.564
47.3865085,8.5438701,478.474
47.3865085,8.5438701,478.474
47.3865092,8.5438694,478.422
47.3865092,8.5438694,478.422
47.3865103,8.5438694,478.173
47.3865103,8.5438694,478.173
47.3865112,8.543869,478.004
47.3865112,8.543869,478.004
47.3865111,8.543867,477.966
47.3865111,8.543867,477.966
47.3865109,8.5438655,477.823
47.3865109,8.5438655,477.823
47.3865123,8.5438655,477.562
47.3865123,8.5438655,477.562
47.3865111,8.5438624,477.598
47.3865111,8.5438624,477.598
47.3865107,8.5438602,477.641
47.3865107,8.5438602,477.641
47.3865116,8.5438601,477.633
47.3865116,8.5438601,477.633
47.3865134,8.543861,477.507
47.3865134,8.543861,477.507
47.3865154,8.5438615,477.328
47.3865154,8.5438615,477.328
47.3865168,8.5438624,476.853
47.3865168,8.5438624,476.853
47.3865182,8.5438631,476.663
47.3865182,8.5438631,476.663
47.3865189,8.5438622,476.579
47.3865189,8.5438622,476.579
47.3865189,8.5438598,476.446
47.3865189,8.5438598,476.446
47.3865192,8.5438592,476.286
47.3865192,8.5438592,476.286
47.3865205,8.5438583,476.179
47.3865205,8.5438583,476.179
47.3865216,8.5438567,476.22
47.3865216,8.5438567,476.22
47.3865231,8.5438556,476.439
47.3865231,8.5438556,476.439
47.3865238,8.5438558,476.424
47.3865238,8.5438558,476.424
47.3865242,8.5438548,476.606
47.3865242,8.5438548,476.606
47.3865261,8.5438551,476.507
47.3865261,8.5438551,476.507
47.386527,8.5438537,476.239
47.386527,8.5438537,476.239
47.3865279,8.5438508,476.304
47.3865279,8.5438508,476.304
47.3865303,8.5438511,476.199
47.3865303,8.5438511,476.199
47.3865303,8.5438511,476.199
47.3865315,8.5438496,476.338
47.3865315,8.5438496,476.338
47.3865335,8.5438488,476.558
47.3865357,8.5438486,476.711
47.3865357,8.5438486,476.711
47.3865387,8.5438507,476.655
47.3865387,8.5438507,476.655
47.3865403,8.5438504,476.846
47.3865403,8.5438504,476.846
47.3865422,8.5438511,477.036
47.3865422,8.5438511,477.036
47.3865446,8.5438524,477.193
47.3865446,8.5438524,477.193
47.3865471,8.5438534,477.283
47.3865471,8.5438534,477.283
47.3865481,8.5438531,477.465
47.3865481,8.5438531,477.465
47.3865503,8.5438544,477.699
47.3865503,8.5438544,477.699
47.3865521,8.5438536,478.039
47.3865521,8.5438536,478.039
47.3865547,8.5438552,478.174
47.3865547,8.5438552,478.174
47.3865566,8.543856,478.329
47.3865566,8.543856,478.329
47.386558,8.5438558,478.281
47.386558,8.5438558,478.281
47.3865608,8.5438569,478.033
47.3865608,8.5438569,478.033
47.3865618,8.5438559,478.048
47.3865618,8.5438559,478.048
47.386564,8.5438584,477.72
47.386564,8.5438584,477.72
47.386565,8.5438585,477.582
47.386565,8.5438585,477.582
47.3865652,8.5438575,477.512
47.3865652,8.5438575,477.512
47.3865664,8.5438574,477.33
47.3865664,8.5438574,477.33
47.3865674,8.5438562,477.177
47.3865674,8.5438562,477.177
47.3865677,8.5438542,477.135
47.3865677,8.5438542,477.135
47.3865675,8.5438525,476.905
47.3865675,8.5438525,476.905
47.3865661,8.5438491,476.703
47.3865661,8.5438491,476.703
47.3865639,8.5438449,476.668
47.3865639,8.5438449,476.668
47.3865622,8.5438415,476.667
47.3865622,8.5438415,476.667
47.3865613,8.5438387,476.669
47.3865613,8.5438387,476.669
47.3865614,8.5438365,476.725
47.3865614,8.5438365,476.725
47.3865621,8.5438351,476.52
47.3865621,8.5438351,476.52
47.3865632,8.5438341,476.437
47.3865632,8.5438341,476.437
47.3865627,8.5438322,476.261
47.3865627,8.5438322,476.261
47.3865644,8.5438319,476.175
47.3865644,8.5438319,476.175
47.3865676,8.5438334,476.019
47.3865676,8.5438334,476.019
47.38657,8.5438339,476.169
47.38657,8.5438339,476.169
47.3865727,8.5438348,475.995
47.3865727,8.5438348,475.995
47.386576,8.5438363,476.051
47.386576,8.5438363,476.051
47.3865791,8.5438377,475.995
47.3865791,8.5438377,475.995
47.3865821,8.5438398,475.983
47.3865821,8.5438398,475.983
47.3865843,8.5438417,475.734
47.3865843,8.5438417,475.734
47.3865829,8.5438393,475.676
47.3865829,8.5438393,475.676
47.3865832,8.5438381,475.63
47.3865832,8.5438381,475.63
47.3865846,8.5438378,475.448
47.3865846,8.5438378,475.448
47.3865865,8.5438383,475.228
47.3865865,8.5438383,475.228
47.3865879,8.5438376,475.216
47.3865879,8.5438376,475.216
47.3865874,8.5438348,475.296
47.3865874,8.5438348,475.296
47.3865888,8.5438339,475.27
47.3865888,8.5438339,475.27
47.3865893,8.5438322,475.505
47.3865893,8.5438322,475.505
47.3865917,8.5438328,475.376
47.3865917,8.5438328,475.376
47.3865934,8.5438324,475.398
47.3865934,8.5438324,475.398
47.3865949,8.5438326,475.402
47.3865949,8.5438326,475.402
47.3865949,8.5438326,475.402
47.3866092,8.5438355,474.952
47.3866092,8.5438355,474.952
47.38661,8.5438352,474.835
47.38661,8.5438352,474.835
47.3866091,8.5438328,474.42
47.3866091,8.5438328,474.42
47.3866092,8.5438313,474.323
47.3866092,8.5438313,474.323
47.3866101,8.5438313,474.303
47.3866101,8.5438313,474.303
47.3866115,8.5438311,474.236
47.3866115,8.5438311,474.236
47.3866117,8.5438299,474.228
47.3866117,8.5438299,474.228
47.3866134,8.5438299,474.226
47.3866134,8.5438299,474.226
47.3866148,8.5438293,474.3
47.3866148,8.5438293,474.3
47.3866179,8.5438299,474.26
47.3866179,8.5438299,474.26
47.3866209,8.54383,474.262
47.3866209,8.54383,474.262
47.3866251,8.5438317,474.232
47.3866251,8.5438317,474.232
47.3866284,8.5438331,474.188
47.3866284,8.5438331,474.188
47.3866318,8.5438347,474.084
47.3866318,8.5438347,474.084
47.3866342,8.5438347,474.073
47.3866342,8.5438347,474.073
47.386637,8.5438345,473.985
47.386637,8.5438345,473.985
47.3866376,8.5438329,474.12
47.3866376,8.5438329,474.12
47.3866386,8.543831,474.146
47.3866386,8.543831,474.146
47.3866402,8.5438292,474.285
47.3866402,8.5438292,474.285
47.3866415,8.5438274,474.551
47.3866415,8.5438274,474.551
47.3866434,8.5438268,474.734
47.3866434,8.5438268,474.734
47.3866454,8.5438262,474.976
47.3866454,8.5438262,474.976
47.3866477,8.5438255,475.202
47.3866477,8.5438255,475.202
47.3866485,8.5438235,475.323
47.3866485,8.5438235,475.323
47.3866483,8.5438211,475.438
47.3866483,8.5438211,475.438
47.3866503,8.5438205,475.377
47.3866503,8.5438205,475.377
47.3866506,8.5438182,475.295
47.3866506,8.5438182,475.295
47.3866507,8.5438159,475.095
47.3866507,8.5438159,475.095
47.3866514,8.5438142,475.025
47.3866514,8.5438142,475.025
47.3866529,8.5438133,474.964
47.3866529,8.5438133,474.964
47.3866535,8.5438119,475.069
47.3866535,8.5438119,475.069
47.3866551,8.543812,475.143
47.3866551,8.543812,475.143
47.3866562,8.5438118,475.005
47.3866562,8.5438118,475.005
47.3866564,8.5438102,475.039
47.3866564,8.5438102,475.039
47.3866575,8.5438091,474.996
47.3866575,8.5438091,474.996
47.386658,8.5438074,475.099
47.386658,8.5438074,475.099
47.3866584,8.5438057,475.271
47.3866584,8.5438057,475.271
47.3866586,8.5438041,475.416
47.3866586,8.5438041,475.416
47.3866587,8.5438023,475.473
47.3866587,8.5438023,475.473
47.38666,8.5438018,475.406
47.38666,8.5438018,475.406
47.3866608,8.543801,475.37
47.3866608,8.543801,475.37
47.3866632,8.5438016,475.241
47.3866632,8.5438016,475.241
47.3866654,8.5438013,475.378
47.3866654,8.5438013,475.378
47.3866689,8.5438022,475.514
47.3866689,8.5438022,475.514
47.3866707,8.5438019,475.636
47.3866707,8.5438019,475.636
47.3866716,8.5438014,475.567
47.3866716,8.5438014,475.567
47.3866728,8.5438012,475.488
47.3866728,8.5438012,475.488
47.3866742,8.5438012,475.319
47.3866742,8.5438012,475.319
47.3866754,8.543801,475.265
47.3866754,8.543801,475.265
47.3866772,8.5438004,475.448
47.3866772,8.5438004,475.448
47.3866787,8.5438002,475.497
47.3866787,8.5438002,475.497
47.3866803,8.543801,475.493
47.3866803,8.543801,475.493
47.3866818,8.5438015,475.489
47.3866818,8.5438015,475.489
47.3866836,8.5438018,475.591
47.3866836,8.5438018,475.591
47.3866851,8.543802,475.627
47.3866851,8.543802,475.627
47.3866865,8.5438017,475.689
47.3866865,8.5438017,475.689
47.3866879,8.5438018,475.742
47.3866879,8.5438018,475.742
47.3866888,8.5438018,475.792
47.3866888,8.5438018,475.792
47.3866902,8.5438021,475.823
47.3866902,8.5438021,475.823
47.3866911,8.5438019,475.792
47.3866911,8.5438019,475.792
47.3866923,8.5438019,475.75
47.3866923,8.5438019,475.75
47.3866928,8.5438018,475.685
47.3866928,8.5438018,475.685
47.3866934,8.5438012,475.771
47.3866934,8.5438012,475.771
47.3866952,8.5438015,475.798
47.3866952,8.5438015,475.798
47.3866967,8.5438008,475.852
47.3866967,8.5438008,475.852
47.3866984,8.5437996,476.038
47.3866984,8.5437996,476.038
47.3866997,8.5437991,475.871
47.3866997,8.5437991,475.871
47.3867007,8.5437979,475.934
47.3867007,8.5437979,475.934
47.386702,8.5437966,476.058
47.386702,8.5437966,476.058
47.3867031,8.5437951,476.161
47.3867031,8.5437951,476.161
47.3867045,8.5437941,476.107
47.3867045,8.5437941,476.107
47.3867046,8.5437928,476.073
47.3867046,8.5437928,476.073
47.3867052,8.5437916,475.999
47.3867052,8.5437916,475.999
47.3867063,8.5437901,475.977
47.3867063,8.5437901,475.977
47.3867075,8.543789,475.942
47.3867075,8.543789,475.942
47.3867092,8.5437884,475.992
47.3867092,8.5437884,475.992
47.3867105,8.5437875,476.221
47.3867105,8.5437875,476.221
47.3867121,8.5437865,476.219
47.3867121,8.5437865,476.219
47.3867144,8.5437848,476.267
47.3867144,8.5437848,476.267
47.3867161,8.5437836,476.219
47.3867161,8.5437836,476.219
47.386718,8.5437828,476.219
47.386718,8.5437828,476.219
47.3867194,8.5437824,476.182
47.3867194,8.5437824,476.182
47.3867202,8.5437812,476.611
47.3867202,8.5437812,476.611
47.3867216,8.5437806,476.823
47.3867216,8.5437806,476.823
47.3867222,8.5437795,477.073
47.3867222,8.5437795,477.073
47.3867224,8.5437784,477.157
47.3867224,8.5437784,477.157
47.3867239,8.5437777,477.277
47.3867239,8.5437777,477.277
47.3867256,8.5437771,477.289
47.3867256,8.5437771,477.289
47.3867265,8.5437756,477.354
47.3867265,8.5437756,477.354
47.3867273,8.5437733,477.45
47.3867273,8.5437733,477.45
47.3867282,8.5437717,477.624
47.3867282,8.5437717,477.624
47.3867298,8.5437706,477.367
47.3867298,8.5437706,477.367
47.3867314,8.5437684,477.182
47.3867314,8.5437684,477.182
47.3867329,8.5437662,477.174
47.3867329,8.5437662,477.174
47.3867333,8.5437635,477.245
47.3867333,8.5437635,477.245
47.3867338,8.5437624,476.978
47.3867338,8.5437624,476.978
47.3867347,8.5437603,476.932
47.3867347,8.5437603,476.932
47.3867355,8.5437581,477.139
47.3867355,8.5437581,477.139
47.3867359,8.5437568,477.122
47.3867359,8.5437568,477.122
47.3867359,8.5437563,476.991
47.3867359,8.5437563,476.991
47.3867351,8.5437559,476.837
47.3867351,8.5437559,476.837
47.3867342,8.5437545,476.862
47.3867342,8.5437545,476.862
47.3867335,8.5437534,476.682
47.3867335,8.5437534,476.682
47.3867333,8.543753,476.571
47.3867333,8.543753,476.571
47.3867338,8.5437519,476.576
47.3867338,8.5437519,476.576
47.3867343,8.5437508,476.563
47.3867343,8.5437508,476.563
47.3867346,8.5437505,476.438
47.3867346,8.5437505,476.438
47.3867349,8.5437492,476.25
47.3867349,8.5437492,476.25
47.386735,8.5437483,476.046
47.386735,8.5437483,476.046
47.3867351,8.5437475,476.012
47.3867351,8.5437475,476.012
47.3867349,8.5437464,475.982
47.3867349,8.5437464,475.982
47.3867341,8.5437437,475.936
47.3867341,8.5437437,475.936
47.3867343,8.5437433,475.695
47.3867343,8.5437433,475.695
47.3867342,8.5437418,475.8
47.3867342,8.5437418,475.8
47.3867328,8.5437391,475.956
47.3867328,8.5437391,475.956
47.3867335,8.5437382,475.95
47.3867335,8.5437382,475.95
47.3867334,8.5437368,476.042
47.3867334,8.5437368,476.042
47.3867337,8.5437367,476.046
47.3867337,8.5437367,476.046
47.3867347,8.5437366,476.141
47.3867347,8.5437366,476.141
47.3867355,8.5437367,476.158
47.3867355,8.5437367,476.158
47.3867359,8.5437358,476.189
47.3867359,8.5437358,476.189
47.3867362,8.543735,476.141
47.3867362,8.543735,476.141
47.3867371,8.5437343,475.982
47.3867371,8.5437343,475.982
47.3867377,8.543733,475.897
47.3867377,8.543733,475.897
47.3867381,8.5437318,475.959
47.3867381,8.5437318,475.959
47.3867374,8.5437295,475.89
47.3867374,8.5437295,475.89
47.3867368,8.543727,475.798
47.3867368,8.543727,475.798
47.3867362,8.5437248,475.681
47.3867362,8.5437248,475.681
47.386736,8.5437229,475.655
47.386736,8.5437229,475.655
47.386736,8.543721,475.666
47.386736,8.543721,475.666
47.3867366,8.5437197,475.483
47.3867366,8.5437197,475.483
47.3867367,8.543718,475.577
47.3867367,8.543718,475.577
47.3867368,8.5437169,475.47
47.3867368,8.5437169,475.47
47.3867371,8.5437156,475.306
47.3867371,8.5437156,475.306
47.3867384,8.5437148,475.127
47.3867384,8.5437148,475.127
47.3867391,8.5437135,474.952
47.3867391,8.5437135,474.952
47.38674,8.5437119,474.968
47.38674,8.5437119,474.968
47.3867414,8.5437105,475.154
47.3867414,8.5437105,475.154
47.3867426,8.5437094,475.331
47.3867426,8.5437094,475.331
47.3867442,8.5437086,475.562
47.3867442,8.5437086,475.562
47.3867452,8.5437072,475.611
47.3867452,8.5437072,475.611
47.3867457,8.5437056,475.662
47.3867457,8.5437056,475.662
47.3867469,8.5437052,475.629
47.3867469,8.5437052,475.629
47.3867487,8.5437051,475.725
47.3867487,8.5437051,475.725
47.3867501,8.5437051,476.052
47.3867501,8.5437051,476.052
47.3867514,8.5437057,476.074
47.3867514,8.5437057,476.074
47.3867528,8.5437061,476.24
47.3867528,8.5437061,476.24
47.3867548,8.5437071,476.471
47.3867548,8.5437071,476.471
47.3867566,8.5437085,476.775
47.3867566,8.5437085,476.775
47.3867584,8.5437096,476.991
47.3867584,8.5437096,476.991
47.3867602,8.5437105,477.255
47.3867602,8.5437105,477.255
47.3867622,8.5437115,477.564
47.3867622,8.5437115,477.564
47.3867639,8.5437128,477.749
47.3867639,8.5437128,477.749
47.3867649,8.543713,477.78
47.3867649,8.543713,477.78
47.3867665,8.5437133,477.963
47.3867665,8.5437133,477.963
47.3867681,8.5437138,477.924
47.3867681,8.5437138,477.924
47.3867695,8.5437135,478.063
47.3867695,8.5437135,478.063
47.3867708,8.5437133,478.145
47.3867708,8.5437133,478.145
47.3867722,8.5437136,478.177
47.3867722,8.5437136,478.177
47.3867734,8.543714,478.145
47.3867734,8.543714,478.145
47.3867746,8.5437135,478.31
47.3867746,8.5437135,478.31
47.3867756,8.5437142,478.155
47.3867756,8.5437142,478.155
47.3867765,8.5437146,478.057
47.3867765,8.5437146,478.057
47.3867771,8.5437145,477.768
47.3867771,8.5437145,477.768
47.3867788,8.543713,477.747
47.3867788,8.543713,477.747
47.3867797,8.543711,477.618
47.3867797,8.543711,477.618
47.3867796,8.5437097,477.385
47.3867796,8.5437097,477.385
47.3867792,8.5437086,477.184
47.3867792,8.5437086,477.184
47.3867793,8.5437076,477.066
47.3867793,8.5437076,477.066
47.38678,8.5437059,477.045
47.38678,8.5437059,477.045
47.3867806,8.5437044,476.945
47.3867806,8.5437044,476.945
47.3867816,8.5437036,476.876
47.3867816,8.5437036,476.876
47.3867829,8.5437031,476.746
47.3867829,8.5437031,476.746
47.386784,8.5437019,476.867
47.386784,8.5437019,476.867
47.3867851,8.543702,476.794
47.3867851,8.543702,476.794
47.3867865,8.5437018,477.031
47.3867865,8.5437018,477.031
47.3867882,8.5437024,476.93
47.3867882,8.5437024,476.93
47.3867895,8.5437019,477.002
47.3867895,8.5437019,477.002
47.3867911,8.543701,477.089
47.3867911,8.543701,477.089
47.3867929,8.543701,477.119
47.3867929,8.543701,477.119
47.3867938,8.5437014,476.945
47.3867938,8.5437014,476.945
47.3867951,8.5437018,476.601
47.3867951,8.5437018,476.601
47.3867957,8.5437013,476.401
47.3867957,8.5437013,476.401
47.3867966,8.5437006,476.307
47.3867966,8.5437006,476.307
47.3867976,8.5436992,476.248
47.3867976,8.5436992,476.248
47.3867995,8.5436987,476.082
47.3867995,8.5436987,476.082
47.3868018,8.5436978,476.295
47.3868018,8.5436978,476.295
47.3868043,8.5436976,476.437
47.3868043,8.5436976,476.437
47.3868067,8.5436971,476.565
47.3868067,8.5436971,476.565
47.3868093,8.5436961,476.786
47.3868093,8.5436961,476.786
47.386811,8.5436948,477.026
47.386811,8.5436948,477.026
47.3868117,8.5436932,477.07
47.3868117,8.5436932,477.07
47.3868128,8.5436921,477.015
47.3868128,8.5436921,477.015
47.3868133,8.5436902,477.059
47.3868133,8.5436902,477.059
47.3868134,8.5436879,476.984
47.3868134,8.5436879,476.984
47.3868132,8.5436855,476.877
47.3868132,8.5436855,476.877
47.386813,8.5436832,476.72
47.386813,8.5436832,476.72
47.3868137,8.5436813,476.813
47.3868137,8.5436813,476.813
47.3868147,8.5436798,477.0
47.3868147,8.5436798,477.0
47.3868161,8.5436787,477.026
47.3868161,8.5436787,477.026
47.3868172,8.5436771,477.199
47.3868172,8.5436771,477.199
47.3868182,8.5436759,477.231
47.3868182,8.5436759,477.231
47.3868196,8.5436742,477.724
47.3868196,8.5436742,477.724
47.3868206,8.5436727,477.978
47.3868206,8.5436727,477.978
47.3868222,8.5436708,478.208
47.3868222,8.5436708,478.208
47.3868258,8.5436703,478.43
47.3868258,8.5436703,478.43
47.3868275,8.5436694,478.534
47.3868275,8.5436694,478.534
47.386829,8.5436687,478.687
47.386829,8.5436687,478.687
47.3868301,8.5436682,478.699
47.3868301,8.5436682,478.699
47.3868313,8.5436676,478.948
47.3868313,8.5436676,478.948
47.3868328,8.5436678,479.123
47.3868328,8.5436678,479.123
47.3868342,8.5436677,479.213
47.3868342,8.5436677,479.213
47.3868356,8.5436677,479.095
47.3868356,8.5436677,479.095
47.3868366,8.5436669,479.14
47.3868366,8.5436669,479.14
47.3868385,8.5436661,479.243
47.3868385,8.5436661,479.243
47.38684,8.5436654,479.352
47.38684,8.5436654,479.352
47.3868419,8.5436654,479.342
47.3868419,8.5436654,479.342
47.3868425,8.5436644,479.288
47.3868425,8.5436644,479.288
47.3868437,8.5436639,479.309
47.3868437,8.5436639,479.309
47.3868444,8.5436629,479.279
47.3868444,8.5436629,479.279
47.3868451,8.5436618,479.344
47.3868451,8.5436618,479.344
47.3868464,8.5436611,479.384
47.3868464,8.5436611,479.384
47.3868483,8.5436608,479.612
47.3868483,8.5436608,479.612
47.3868502,8.5436607,479.751
47.3868502,8.5436607,479.751
47.3868521,8.5436604,479.833
47.3868521,8.5436604,479.833
47.386854,8.5436601,479.961
47.386854,8.5436601,479.961
47.3868555,8.5436599,479.967
47.3868555,8.5436599,479.967
47.3868564,8.5436594,479.952
47.3868564,8.5436594,479.952
47.3868576,8.5436589,479.902
47.3868576,8.5436589,479.902
47.3868589,8.5436583,480.048
47.3868589,8.5436583,480.048
47.3868603,8.5436576,480.198
47.3868603,8.5436576,480.198
47.3868614,8.543657,480.147
47.3868614,8.543657,480.147
47.386862,8.5436559,480.264
47.386862,8.5436559,480.264
47.3868627,8.5436552,480.095
47.3868627,8.5436552,480.095
47.3868637,8.5436545,480.237
47.3868637,8.5436545,480.237
47.3868656,8.5436542,480.433
47.3868656,8.5436542,480.433
47.3868679,8.5436547,480.457
47.3868679,8.5436547,480.457
47.3868695,8.5436546,480.493
47.3868695,8.5436546,480.493
47.3868705,8.5436542,480.592
47.3868705,8.5436542,480.592
47.3868714,8.5436536,480.79
47.3868714,8.5436536,480.79
47.3868736,8.5436532,480.932
47.3868736,8.5436532,480.932
47.3868753,8.5436528,480.952
47.3868753,8.5436528,480.952
47.3868771,8.5436526,480.829
47.3868771,8.5436526,480.829
47.3868784,8.543652,480.959
47.3868784,8.543652,480.959
47.3868784,8.543652,480.959
47.38688,8.5436521,481.261
47.38688,8.5436521,481.261
47.3868814,8.5436521,481.19
47.386883,8.5436516,481.116
47.386883,8.5436516,481.116
47.3868838,8.5436506,481.118
47.3868838,8.5436506,481.118
47.3868845,8.5436499,481.118
47.3868845,8.5436499,481.118
47.3868854,8.5436495,481.111
47.3868854,8.5436495,481.111
47.3868866,8.5436488,480.961
47.3868866,8.5436488,480.961
47.3868876,8.5436476,481.077
47.3868876,8.5436476,481.077
47.386889,8.5436469,481.14
47.386889,8.5436469,481.14
47.38689,8.5436461,481.125
47.38689,8.5436461,481.125
47.3868908,8.5436457,480.874
47.3868908,8.5436457,480.874
47.3868923,8.5436445,480.908
47.3868923,8.5436445,480.908
47.3868944,8.5436445,480.857
47.3868944,8.5436445,480.857
47.3868971,8.543645,480.812
47.3868971,8.543645,480.812
47.3868994,8.5436454,480.873
47.3868994,8.5436454,480.873
47.3869017,8.5436453,480.737
47.3869017,8.5436453,480.737
47.386904,8.543645,480.816
47.386904,8.543645,480.816
47.3869062,8.5436448,480.872
47.3869062,8.5436448,480.872
47.3869086,8.5436448,481.004
47.3869086,8.5436448,481.004
47.3869106,8.5436443,481.075
47.3869106,8.5436443,481.075
47.3869122,8.5436436,480.987
47.3869122,8.5436436,480.987
47.3869134,8.5436428,481.126
47.3869134,8.5436428,481.126
47.3869154,8.5436428,481.207
47.3869154,8.5436428,481.207
47.3869171,8.5436427,481.292
47.3869171,8.5436427,481.292
47.3869192,8.5436434,481.235
47.3869192,8.5436434,481.235
47.386921,8.5436433,481.259
47.386921,8.5436433,481.259
47.3869223,8.5436428,481.344
47.3869223,8.5436428,481.344
47.3869235,8.5436421,481.459
47.3869235,8.5436421,481.459
47.3869248,8.5436411,481.597
47.3869248,8.5436411,481.597
47.3869266,8.5436404,481.779
47.3869266,8.5436404,481.779
47.3869282,8.5436398,481.796
47.3869282,8.5436398,481.796
47.3869295,8.5436389,481.827
47.3869295,8.5436389,481.827
47.386931,8.5436383,481.804
47.386931,8.5436383,481.804
47.3869331,8.543638,481.946
47.3869331,8.543638,481.946
47.3869344,8.5436376,482.145
47.3869344,8.5436376,482.145
47.3869362,8.5436374,482.291
47.3869362,8.5436374,482.291
47.3869383,8.5436371,482.339
47.3869383,8.5436371,482.339
47.3869404,8.5436364,482.533
47.3869404,8.5436364,482.533
47.3869424,8.5436356,482.755
47.3869424,8.5436356,482.755
47.3869444,8.5436346,482.96
47.3869444,8.5436346,482.96
47.3869462,8.5436334,483.003
47.3869462,8.5436334,483.003
47.3869475,8.5436316,483.166
47.3869475,8.5436316,483.166
47.386949,8.5436302,483.235
47.386949,8.5436302,483.235
47.3869506,8.5436293,483.224
47.3869506,8.5436293,483.224
47.3869518,8.5436278,483.291
47.3869518,8.5436278,483.291
47.386953,8.5436266,483.389
47.386953,8.5436266,483.389
47.3869548,8.5436261,483.263
47.3869548,8.5436261,483.263
47.3869568,8.5436261,483.145
47.3869568,8.5436261,483.145
47.3869582,8.5436257,483.301
47.3869582,8.5436257,483.301
47.3869596,8.5436252,483.455
47.3869596,8.5436252,483.455
47.3869608,8.5436251,483.491
47.3869608,8.5436251,483.491
47.3869617,8.5436249,483.477
47.3869617,8.5436249,483.477
47.3869626,8.5436249,483.554
47.3869626,8.5436249,483.554
47.3869638,8.5436253,483.573
47.3869638,8.5436253,483.573
47.3869651,8.5436257,483.502
47.3869651,8.5436257,483.502
47.3869663,8.5436258,483.471
47.3869663,8.5436258,483.471
47.3869669,8.5436257,483.372
47.3869669,8.5436257,483.372
47.3869675,8.5436253,483.385
47.3869675,8.5436253,483.385
47.3869681,8.5436247,483.369
47.3869681,8.5436247,483.369
47.3869678,8.543623,483.295
47.3869678,8.543623,483.295
47.3869684,8.5436217,483.131
47.3869684,8.5436217,483.131
47.3869694,8.5436206,483.095
47.3869694,8.5436206,483.095
47.3869708,8.5436199,483.009
47.3869708,8.5436199,483.009
47.3869719,8.543619,482.925
47.3869719,8.543619,482.925
47.3869724,8.5436173,482.893
47.3869724,8.5436173,482.893
47.3869739,8.5436165,482.884
47.3869739,8.5436165,482.884
47.3869745,8.5436147,482.846
47.3869745,8.5436147,482.846
47.3869754,8.5436134,482.821
47.3869754,8.5436134,482.821
47.386976,8.5436118,482.797
47.386976,8.5436118,482.797
47.3869768,8.54361,482.846
47.3869768,8.54361,482.846
47.3869781,8.5436084,482.937
47.3869781,8.5436084,482.937
47.386979,8.5436067,482.948
47.386979,8.5436067,482.948
47.3869799,8.5436045,482.996
47.3869799,8.5436045,482.996
47.3869803,8.5436026,482.95
47.3869803,8.5436026,482.95
47.3869809,8.5436005,482.874
47.3869809,8.5436005,482.874
47.3869819,8.5435987,482.914
47.3869819,8.5435987,482.914
47.3869829,8.5435973,482.98
47.3869829,8.5435973,482.98
47.3869837,8.5435961,483.018
47.3869837,8.5435961,483.018
47.3869844,8.5435945,483.097
47.3869844,8.5435945,483.097
47.3869851,8.5435932,483.188
47.3869851,8.5435932,483.188
47.3869861,8.543592,483.195
47.3869861,8.543592,483.195
47.3869866,8.5435905,483.28
47.3869866,8.5435905,483.28
47.3869873,8.5435892,483.375
47.3869873,8.5435892,483.375
47.3869878,8.5435875,483.325
47.3869878,8.5435875,483.325
47.3869887,8.5435863,483.313
47.3869887,8.5435863,483.313
47.386989,8.543585,483.38
47.386989,8.543585,483.38
47.3869895,8.543584,483.298
47.3869895,8.543584,483.298
47.3869898,8.5435832,483.276
47.3869898,8.5435832,483.276
47.3869908,8.5435819,483.309
47.3869908,8.5435819,483.309
47.3869918,8.5435806,483.26
47.3869918,8.5435806,483.26
47.3869931,8.5435799,483.185
47.3869931,8.5435799,483.185
47.3869942,8.5435787,483.142
47.3869942,8.5435787,483.142
47.3869952,8.5435775,483.055
47.3869952,8.5435775,483.055
47.3869963,8.5435762,482.942
47.3869963,8.5435762,482.942
47.3869977,8.5435749,482.945
47.3869977,8.5435749,482.945
47.3869987,8.5435735,483.002
47.3869987,8.5435735,483.002
47.3869991,8.5435721,482.933
47.3869991,8.5435721,482.933
47.3870002,8.5435712,482.939
47.3870002,8.5435712,482.939
47.3870011,8.5435704,482.865
47.3870011,8.5435704,482.865
47.3870012,8.5435689,482.928
47.3870012,8.5435689,482.928
47.3870022,8.5435685,482.921
47.3870022,8.5435685,482.921
47.3870033,8.5435683,482.771
47.3870033,8.5435683,482.771
47.3870046,8.5435682,482.715
47.3870046,8.5435682,482.715
47.3870056,8.5435676,482.86
47.3870056,8.5435676,482.86
47.3870066,8.5435674,482.758
47.3870066,8.5435674,482.758
47.3870075,8.543567,482.747
47.3870075,8.543567,482.747
47.3870086,8.5435669,482.718
47.3870086,8.5435669,482.718
47.3870098,8.5435666,482.697
47.3870098,8.5435666,482.697
47.3870107,8.5435652,482.793
47.3870107,8.5435652,482.793
47.3870118,8.5435649,482.655
47.3870118,8.5435649,482.655
47.3870128,8.5435636,482.782
47.3870128,8.5435636,482.782
47.3870143,8.5435626,482.577
47.3870143,8.5435626,482.577
47.3870153,8.5435608,482.593
47.3870153,8.5435608,482.593
47.3870153,8.5435577,482.663
47.3870153,8.5435577,482.663
47.3870156,8.5435547,482.593
47.3870156,8.5435547,482.593
47.387016,8.5435521,482.386
47.387016,8.5435521,482.386
47.3870168,8.5435496,482.259
47.3870168,8.5435496,482.259
47.3870178,8.5435475,482.101
47.3870178,8.5435475,482.101
47.3870187,8.5435451,481.964
47.3870187,8.5435451,481.964
47.3870198,8.5435433,481.825
47.3870198,8.5435433,481.825
47.3870209,8.5435418,481.621
47.3870209,8.5435418,481.621
47.3870224,8.5435407,481.378
47.3870224,8.5435407,481.378
47.3870233,8.5435394,481.274
47.3870233,8.5435394,481.274
47.3870242,8.5435382,481.044
47.3870242,8.5435382,481.044
47.3870255,8.5435372,480.865
47.3870255,8.5435372,480.865
47.3870258,8.5435353,480.987
47.3870258,8.5435353,480.987
47.3870255,8.5435333,481.037
47.3870255,8.5435333,481.037
47.3870252,8.5435311,481.061
47.3870252,8.5435311,481.061
47.3870256,8.5435297,480.879
47.3870256,8.5435297,480.879
47.3870268,8.5435285,480.82
47.3870268,8.5435285,480.82
47.3870281,8.5435275,480.856
47.3870281,8.5435275,480.856
47.3870293,8.5435266,480.832
47.3870293,8.5435266,480.832
47.3870296,8.5435247,480.964
47.3870296,8.5435247,480.964
47.3870308,8.5435237,480.894
47.3870308,8.5435237,480.894
47.3870322,8.5435229,480.795
47.3870322,8.5435229,480.795
47.3870329,8.5435221,480.619
47.3870329,8.5435221,480.619
47.3870333,8.5435206,480.528
47.3870333,8.5435206,480.528
47.3870334,8.5435191,480.464
47.3870334,8.5435191,480.464
47.3870331,8.5435171,480.605
47.3870331,8.5435171,480.605
47.3870323,8.5435146,480.648
47.3870323,8.5435146,480.648
47.3870316,8.5435121,480.748
47.3870316,8.5435121,480.748
47.3870319,8.5435111,480.786
47.3870319,8.5435111,480.786
47.387032,8.5435101,480.899
47.387032,8.5435101,480.899
47.3870322,8.543509,481.017
47.3870322,8.543509,481.017
47.387032,8.5435076,481.084
47.387032,8.5435076,481.084
47.3870317,8.5435061,481.035
47.3870317,8.5435061,481.035
47.3870315,8.5435043,481.092
47.3870315,8.5435043,481.092
47.3870318,8.5435029,481.248
47.3870318,8.5435029,481.248
47.3870325,8.5435018,481.353
47.3870325,8.5435018,481.353
47.3870334,8.5435009,481.418
47.3870334,8.5435009,481.418
47.3870341,8.5435001,481.362
47.3870341,8.5435001,481.362
47.3870343,8.5434986,481.355
47.3870343,8.5434986,481.355
47.3870346,8.5434969,481.324
47.3870346,8.5434969,481.324
47.3870345,8.543495,481.23
47.3870345,8.543495,481.23
47.3870346,8.5434938,481.267
47.3870346,8.5434938,481.267
47.3870343,8.5434922,481.409
47.3870343,8.5434922,481.409
47.3870335,8.5434907,481.451
47.3870335,8.5434907,481.451
47.3870328,8.5434892,481.43
47.3870328,8.5434892,481.43
47.3870331,8.5434882,481.45
47.3870331,8.5434882,481.45
47.3870348,8.5434876,481.715
47.3870348,8.5434876,481.715
47.3870357,8.5434864,481.764
47.3870357,8.5434864,481.764
47.3870365,8.5434848,481.8
47.3870365,8.5434848,481.8
47.3870372,8.5434831,481.882
47.3870372,8.5434831,481.882
47.3870391,8.5434822,481.946
47.3870391,8.5434822,481.946
47.3870405,8.5434809,482.061
47.3870405,8.5434809,482.061
47.387042,8.5434796,482.171
47.387042,8.5434796,482.171
47.3870432,8.5434782,482.136
47.3870432,8.5434782,482.136
47.3870442,8.5434767,482.163
47.3870442,8.5434767,482.163
47.3870455,8.5434757,482.219
47.3870455,8.5434757,482.219
47.3870467,8.543475,482.119
47.3870467,8.543475,482.119
47.3870473,8.5434738,482.057
47.3870473,8.5434738,482.057
47.3870478,8.5434728,481.941
47.3870478,8.5434728,481.941
47.3870486,8.5434721,481.846
47.3870486,8.5434721,481.846
47.3870492,8.5434711,481.767
47.3870492,8.5434711,481.767
47.3870507,8.543471,481.742
47.3870507,8.543471,481.742
47.3870519,8.5434707,481.784
47.3870519,8.5434707,481.784
47.3870537,8.5434706,481.762
47.3870537,8.5434706,481.762
47.3870553,8.5434698,481.885
47.3870553,8.5434698,481.885
47.3870563,8.5434693,481.869
47.3870563,8.5434693,481.869
47.3870573,8.5434688,481.974
47.3870573,8.5434688,481.974
47.3870591,8.5434693,481.848
47.3870591,8.5434693,481.848
47.3870608,8.5434693,481.847
47.3870608,8.5434693,481.847
47.3870626,8.5434692,481.885
47.3870626,8.5434692,481.885
47.3870655,8.54347,481.935
47.3870655,8.54347,481.935
47.3870681,8.5434704,482.062
47.3870681,8.5434704,482.062
47.387071,8.543471,482.189
47.387071,8.543471,482.189
47.387073,8.543471,482.094
47.387073,8.543471,482.094
47.3870756,8.5434708,482.242
47.3870756,8.5434708,482.242
47.3870777,8.5434702,482.235
47.3870777,8.5434702,482.235
47.3870796,8.5434699,482.422
47.3870796,8.5434699,482.422
47.3870815,8.5434701,482.53
47.3870815,8.5434701,482.53
47.3870836,8.5434702,482.693
47.3870836,8.5434702,482.693
47.3870854,8.54347,482.744
47.3870854,8.54347,482.744
47.3870869,8.5434697,482.738
47.3870869,8.5434697,482.738
47.3870877,8.5434691,482.681
47.3870877,8.5434691,482.681
47.387089,8.5434688,482.511
47.387089,8.5434688,482.511
47.3870894,8.5434682,482.418
47.3870894,8.5434682,482.418
47.3870898,8.5434677,482.405
47.3870898,8.5434677,482.405
47.3870905,8.5434677,482.457
47.3870905,8.5434677,482.457
47.387091,8.5434672,482.579
47.387091,8.5434672,482.579
47.3870916,8.5434663,482.528
47.3870916,8.5434663,482.528
47.3870925,8.5434652,482.548
47.3870925,8.5434652,482.548
47.3870931,8.5434642,482.471
47.3870931,8.5434642,482.471
47.3870932,8.5434629,482.375
47.3870932,8.5434629,482.375
47.3870945,8.5434625,482.453
47.3870945,8.5434625,482.453
47.3870952,8.5434618,482.267
47.3870952,8.5434618,482.267
47.3870954,8.5434602,482.242
47.3870954,8.5434602,482.242
47.3870959,8.5434587,482.057
47.3870959,8.5434587,482.057
47.3870973,8.543458,481.996
47.3870973,8.543458,481.996
47.3870976,8.5434572,482.024
47.3870976,8.5434572,482.024
47.3870988,8.5434572,482.06
47.3870988,8.5434572,482.06
47.3870996,8.543457,481.923
47.3870996,8.543457,481.923
47.3871001,8.5434564,481.864
47.3871001,8.5434564,481.864
47.387101,8.5434568,481.813
47.387101,8.5434568,481.813
47.3871019,8.5434574,481.777
47.3871019,8.5434574,481.777
47.3871022,8.5434575,481.827
47.3871022,8.5434575,481.827
47.3871031,8.543458,481.84
47.3871031,8.543458,481.84
47.3871044,8.5434588,481.631
47.3871044,8.5434588,481.631
47.3871051,8.5434585,481.546
47.3871051,8.5434585,481.546
47.3871058,8.543458,481.486
47.3871058,8.543458,481.486
47.3871067,8.543458,481.366
47.3871067,8.543458,481.366
47.3871076,8.5434577,481.353
47.3871076,8.5434577,481.353
47.3871087,8.5434575,481.171
47.3871087,8.5434575,481.171
47.3871093,8.5434567,481.125
47.3871093,8.5434567,481.125
47.3871102,8.5434556,480.992
47.3871102,8.5434556,480.992
47.3871113,8.5434554,480.912
47.3871113,8.5434554,480.912
47.3871123,8.5434555,480.797
47.3871123,8.5434555,480.797
47.3871134,8.5434553,480.866
47.3871134,8.5434553,480.866
47.3871147,8.5434556,480.76
47.3871147,8.5434556,480.76
47.3871157,8.5434552,480.768
47.3871157,8.5434552,480.768
47.3871166,8.543455,480.797
47.3871166,8.543455,480.797
47.3871176,8.5434548,480.778
47.3871176,8.5434548,480.778
47.3871189,8.5434548,480.647
47.3871189,8.5434548,480.647
47.3871202,8.5434545,480.516
47.3871202,8.5434545,480.516
47.3871214,8.5434543,480.458
47.3871214,8.5434543,480.458
47.3871226,8.5434545,480.331
47.3871226,8.5434545,480.331
47.3871238,8.5434546,480.209
47.3871238,8.5434546,480.209
47.3871248,8.5434547,480.103
47.3871248,8.5434547,480.103
47.3871251,8.5434536,480.239
47.3871251,8.5434536,480.239
47.387126,8.5434529,480.205
47.387126,8.5434529,480.205
47.3871266,8.5434523,480.14
47.3871266,8.5434523,480.14
47.3871275,8.5434519,480.095
47.3871275,8.5434519,480.095
47.3871282,8.5434502,480.243
47.3871282,8.5434502,480.243
47.387129,8.5434488,480.231
47.387129,8.5434488,480.231
47.3871296,8.5434479,480.177
47.3871296,8.5434479,480.177
47.3871304,8.5434465,480.23
47.3871304,8.5434465,480.23
47.3871314,8.5434459,480.125
47.3871314,8.5434459,480.125
47.3871324,8.5434461,479.915
47.3871324,8.5434461,479.915
47.3871332,8.5434457,480.003
47.3871332,8.5434457,480.003
47.387134,8.5434458,480.025
47.387134,8.5434458,480.025
47.3871349,8.5434465,479.88
47.3871349,8.5434465,479.88
47.3871357,8.543447,479.844
47.3871357,8.543447,479.844
47.3871362,8.5434472,479.809
47.3871362,8.5434472,479.809
47.3871368,8.543447,479.66
47.3871368,8.543447,479.66
47.3871372,8.543446,479.746
47.3871372,8.543446,479.746
47.3871381,8.5434457,479.66
47.3871381,8.5434457,479.66
47.3871391,8.5434454,479.523
47.3871391,8.5434454,479.523
47.3871398,8.5434445,479.482
47.3871398,8.5434445,479.482
47.3871403,8.5434434,479.64
47.3871403,8.5434434,479.64
47.3871409,8.543443,479.484
47.3871409,8.543443,479.484
47.3871418,8.5434421,479.362
47.3871418,8.5434421,479.362
47.3871434,8.5434416,479.092
47.3871434,8.5434416,479.092
47.3871446,8.5434404,478.992
47.3871446,8.5434404,478.992
47.3871456,8.5434391,478.899
47.3871456,8.5434391,478.899
47.387147,8.543438,478.87
47.387147,8.543438,478.87
47.3871486,8.5434376,478.643
47.3871486,8.5434376,478.643
47.38715,8.5434371,478.557
47.38715,8.5434371,478.557
47.3871518,8.5434373,478.511
47.3871518,8.5434373,478.511
47.3871531,8.5434371,478.533
47.3871531,8.5434371,478.533
47.3871543,8.5434369,478.393
47.3871543,8.5434369,478.393
47.3871556,8.543437,478.366
47.3871556,8.543437,478.366
47.3871575,8.5434375,478.417
47.3871575,8.5434375,478.417
47.387159,8.5434373,478.618
47.387159,8.5434373,478.618
47.3871604,8.5434372,478.587
47.3871604,8.5434372,478.587
47.3871618,8.5434366,478.609
47.3871618,8.5434366,478.609
47.3871629,8.5434352,478.738
47.3871629,8.5434352,478.738
47.3871645,8.5434351,478.789
47.3871645,8.5434351,478.789
47.387166,8.5434353,478.872
47.387166,8.5434353,478.872
47.3871679,8.5434357,478.852
47.3871679,8.5434357,478.852
47.3871688,8.5434349,478.865
47.3871688,8.5434349,478.865
47.3871696,8.5434338,478.818
47.3871696,8.5434338,478.818
47.3871707,8.5434329,478.899
47.3871707,8.5434329,478.899
47.3871723,8.5434327,478.929
47.3871723,8.5434327,478.929
47.3871736,8.5434327,478.869
47.3871736,8.5434327,478.869
47.3871744,8.5434317,478.942
47.3871744,8.5434317,478.942
47.3871755,8.543431,478.93
47.3871755,8.543431,478.93
47.3871766,8.5434303,478.985
47.3871766,8.5434303,478.985
47.3871774,8.5434295,479.031
47.3871774,8.5434295,479.031
47.3871783,8.5434287,479.19
47.3871783,8.5434287,479.19
47.3871789,8.5434279,479.218
47.3871789,8.5434279,479.218
47.3871797,8.5434271,479.148
47.3871797,8.5434271,479.148
47.3871805,8.5434257,479.242
47.3871805,8.5434257,479.242
47.3871818,8.5434254,479.24
47.3871818,8.5434254,479.24
47.387183,8.5434254,479.199
47.387183,8.5434254,479.199
47.3871834,8.5434251,479.084
47.3871834,8.5434251,479.084
47.3871837,8.5434243,479.023
47.3871837,8.5434243,479.023
47.3871845,8.5434236,478.932
47.3871845,8.5434236,478.932
47.3871846,8.543423,478.856
47.3871846,8.543423,478.856
47.3871843,8.5434223,478.897
47.3871843,8.5434223,478.897
47.3871843,8.5434219,478.823
47.3871843,8.5434219,478.823
47.3871846,8.5434216,478.7
47.3871846,8.5434216,478.7
47.387185,8.543421,478.76
47.387185,8.543421,478.76
47.3871857,8.5434204,478.718
47.3871857,8.5434204,478.718
47.3871882,8.5434222,478.321
47.3871882,8.5434222,478.321
47.3871898,8.5434221,478.243
47.3871898,8.5434221,478.243
47.3871901,8.5434199,478.488
47.3871901,8.5434199,478.488
47.3871907,8.5434182,478.387
47.3871907,8.5434182,478.387
47.3871898,8.5434155,478.12
47.3871898,8.5434155,478.12
47.3871889,8.5434131,477.759
47.3871889,8.5434131,477.759
47.3871895,8.5434123,477.722
47.3871895,8.5434123,477.722
47.3871905,8.5434119,477.815
47.3871905,8.5434119,477.815
47.3871913,8.5434113,477.637
47.3871913,8.5434113,477.637
47.3871912,8.5434092,477.62
47.3871912,8.5434092,477.62
47.3871917,8.5434076,477.545
47.3871917,8.5434076,477.545
47.3871936,8.5434077,477.326
47.3871936,8.5434077,477.326
47.3871952,8.5434076,477.024
47.3871952,8.5434076,477.024
47.3871963,8.5434063,476.988
47.3871963,8.5434063,476.988
47.3871969,8.5434049,477.022
47.3871969,8.5434049,477.022
47.3871978,8.5434041,476.967
47.3871978,8.5434041,476.967
47.3871985,8.5434028,476.88
47.3871985,8.5434028,476.88
47.3871993,8.5434013,476.925
47.3871993,8.5434013,476.925
47.3872002,8.5434004,476.778
47.3872002,8.5434004,476.778
47.3872011,8.5433987,476.844
47.3872011,8.5433987,476.844
47.3872022,8.5433971,476.824
47.3872022,8.5433971,476.824
47.3872035,8.543396,476.854
47.3872035,8.543396,476.854
47.3872043,8.5433941,477.103
47.3872043,8.5433941,477.103
47.3872056,8.5433933,476.962
47.3872056,8.5433933,476.962
47.3872063,8.5433916,476.917
47.3872063,8.5433916,476.917
47.3872074,8.5433904,476.787
47.3872074,8.5433904,476.787
47.3872084,8.5433889,476.568
47.3872084,8.5433889,476.568
47.3872089,8.5433857,476.78
47.3872089,8.5433857,476.78
47.3872095,8.5433833,476.67
47.3872095,8.5433833,476.67
47.3872104,8.5433817,476.623
47.3872104,8.5433817,476.623
47.3872115,8.54338,476.512
47.3872115,8.54338,476.512
47.3872131,8.543379,476.218
47.3872131,8.543379,476.218
47.3872141,8.5433777,476.177
47.3872141,8.5433777,476.177
47.3872153,8.5433768,476.152
47.3872153,8.5433768,476.152
47.3872169,8.5433758,476.139
47.3872169,8.5433758,476.139
47.387219,8.5433754,476.108
47.387219,8.5433754,476.108
47.3872214,8.543375,475.981
47.3872214,8.543375,475.981
47.3872236,8.543375,475.838
47.3872236,8.543375,475.838
47.387225,8.5433746,475.912
47.387225,8.5433746,475.912
47.3872269,8.5433743,476.087
47.3872269,8.5433743,476.087
47.3872292,8.5433745,476.19
47.3872292,8.5433745,476.19
47.3872316,8.5433741,476.375
47.3872316,8.5433741,476.375
47.3872339,8.5433737,476.44
47.3872339,8.5433737,476.44
47.387236,8.543373,476.456
47.387236,8.543373,476.456
47.3872377,8.5433726,476.741
47.3872377,8.5433726,476.741
47.3872393,8.5433727,476.746
47.3872393,8.5433727,476.746
47.3872399,8.5433719,476.941
47.3872399,8.5433719,476.941
47.3872408,8.543371,476.996
47.3872408,8.543371,476.996
47.3872422,8.5433705,477.079
47.3872422,8.5433705,477.079
47.3872431,8.5433699,477.075
47.3872431,8.5433699,477.075
47.3872445,8.5433692,477.039
47.3872445,8.5433692,477.039
47.3872465,8.5433678,477.031
47.3872465,8.5433678,477.031
47.3872483,8.5433663,476.905
47.3872483,8.5433663,476.905
47.38725,8.5433646,476.994
47.38725,8.5433646,476.994
47.3872519,8.5433633,476.949
47.3872519,8.5433633,476.949
47.3872529,8.5433621,477.086
47.3872529,8.5433621,477.086
47.3872544,8.5433617,476.922
47.3872544,8.5433617,476.922
47.3872551,8.5433605,476.971
47.3872551,8.5433605,476.971
47.3872559,8.5433591,477.037
47.3872559,8.5433591,477.037
47.3872568,8.5433589,477.021
47.3872568,8.5433589,477.021
47.3872574,8.5433588,477.004
47.3872574,8.5433588,477.004
47.3872585,8.5433587,477.045
47.3872585,8.5433587,477.045
47.3872591,8.5433574,477.093
47.3872591,8.5433574,477.093
47.3872596,8.5433564,477.049
47.3872596,8.5433564,477.049
47.3872604,8.5433558,476.989
47.3872604,8.5433558,476.989
47.387261,8.5433552,476.994
47.387261,8.5433552,476.994
47.3872618,8.5433553,477.144
47.3872618,8.5433553,477.144
47.3872624,8.5433548,477.091
47.3872624,8.5433548,477.091
47.3872632,8.543354,477.257
47.3872632,8.543354,477.257
47.3872644,8.5433538,477.206
47.3872644,8.5433538,477.206
47.3872653,8.5433536,477.253
47.3872653,8.5433536,477.253
47.3872663,8.5433531,477.388
47.3872663,8.5433531,477.388
47.3872676,8.5433528,477.328
47.3872676,8.5433528,477.328
47.387269,8.5433525,477.257
47.387269,8.5433525,477.257
47.3872705,8.5433518,477.157
47.3872705,8.5433518,477.157
47.3872724,8.5433515,477.212
47.3872724,8.5433515,477.212
47.3872735,8.5433509,477.267
47.3872735,8.5433509,477.267
47.3872742,8.5433498,477.372
47.3872742,8.5433498,477.372
47.3872754,8.5433494,477.267
47.3872754,8.5433494,477.267
47.3872767,8.5433482,477.393
47.3872767,8.5433482,477.393
47.3872779,8.5433476,477.36
47.3872779,8.5433476,477.36
47.3872788,8.5433462,477.552
47.3872788,8.5433462,477.552
47.3872797,8.5433456,477.651
47.3872797,8.5433456,477.651
47.3872815,8.5433447,477.492
47.3872815,8.5433447,477.492
47.3872826,8.5433438,477.659
47.3872826,8.5433438,477.659
47.3872841,8.543343,477.67
47.3872841,8.543343,477.67
47.3872844,8.5433421,478.071
47.3872844,8.5433421,478.071
47.387286,8.543343,477.803
47.387286,8.543343,477.803
47.3872875,8.5433432,477.703
47.3872875,8.5433432,477.703
47.387289,8.5433426,477.498
47.387289,8.5433426,477.498
47.3872896,8.5433421,477.605
47.3872896,8.5433421,477.605
47.387291,8.5433421,477.372
47.387291,8.5433421,477.372
47.387292,8.5433417,477.351
47.387292,8.5433417,477.351
47.3872928,8.5433412,477.387
47.3872928,8.5433412,477.387
47.3872943,8.5433413,477.278
47.3872943,8.5433413,477.278
47.3872951,8.5433411,477.265
47.3872951,8.5433411,477.265
47.387296,8.5433413,477.247
47.387296,8.5433413,477.247
47.3872968,8.5433412,477.339
47.3872968,8.5433412,477.339
47.3872978,8.5433413,477.352
47.3872978,8.5433413,477.352
47.387299,8.5433414,477.239
47.387299,8.5433414,477.239
47.3872996,8.5433409,477.27
47.3872996,8.5433409,477.27
47.3873002,8.5433404,477.44
47.3873002,8.5433404,477.44
47.3873011,8.5433402,477.305
47.3873011,8.5433402,477.305
47.3873013,8.5433397,477.474
47.3873013,8.5433397,477.474
47.3873017,8.5433393,477.606
47.3873017,8.5433393,477.606
47.387302,8.543339,477.767
47.387302,8.543339,477.767
47.3873027,8.5433391,477.814
47.3873027,8.5433391,477.814
47.3873031,8.5433385,478.012
47.3873031,8.5433385,478.012
47.3873034,8.5433378,478.204
47.3873034,8.5433378,478.204
47.3873039,8.5433375,478.439
47.3873039,8.5433375,478.439
47.3873049,8.5433369,478.386
47.3873049,8.5433369,478.386
47.3873066,8.543336,478.255
47.3873066,8.543336,478.255
47.3873073,8.5433349,478.488
47.3873073,8.5433349,478.488
47.3873079,8.543334,478.734
47.3873079,8.543334,478.734
47.3873089,8.5433332,478.809
47.3873089,8.5433332,478.809
47.3873096,8.543332,478.987
47.3873096,8.543332,478.987
47.3873101,8.543331,479.179
47.3873101,8.543331,479.179
47.3873102,8.54333,479.375
47.3873102,8.54333,479.375
47.3873106,8.543329,479.492
47.3873106,8.543329,479.492
47.3873113,8.5433278,479.541
47.3873113,8.5433278,479.541
47.3873123,8.5433268,479.574
47.3873123,8.5433268,479.574
47.3873131,8.5433255,479.684
47.3873131,8.5433255,479.684
47.3873133,8.5433236,479.87
47.3873133,8.5433236,479.87
47.3873133,8.5433221,480.041
47.3873133,8.5433221,480.041
47.3873137,8.5433207,480.119
47.3873137,8.5433207,480.119
47.3873144,8.5433194,480.07
47.3873144,8.5433194,480.07
47.3873156,8.5433176,480.009
47.3873156,8.5433176,480.009
47.3873167,8.5433155,480.142
47.3873167,8.5433155,480.142
47.3873174,8.5433137,480.287
47.3873174,8.5433137,480.287
47.3873181,8.5433126,480.231
47.3873181,8.5433126,480.231
47.3873188,8.5433119,480.126
47.3873188,8.5433119,480.126
47.3873198,8.5433111,480.053
47.3873198,8.5433111,480.053
47.3873197,8.5433092,480.151
47.3873197,8.5433092,480.151
47.3873201,8.5433079,480.167
47.3873201,8.5433079,480.167
47.3873202,8.5433069,480.043
47.3873202,8.5433069,480.043
47.3873205,8.5433054,480.013
47.3873205,8.5433054,480.013
47.3873213,8.543304,479.907
47.3873213,8.543304,479.907
47.3873221,8.5433025,480.003
47.3873221,8.5433025,480.003
47.387324,8.543302,479.912
47.387324,8.543302,479.912
47.3873254,8.5433009,479.796
47.3873254,8.5433009,479.796
47.3873255,8.543299,479.746
47.3873255,8.543299,479.746
47.3873249,8.5432967,479.781
47.3873249,8.5432967,479.781
47.3873247,8.5432947,479.766
47.3873247,8.5432947,479.766
47.3873246,8.543293,479.655
47.3873246,8.543293,479.655
47.3873249,8.5432913,479.477
47.3873249,8.5432913,479.477
47.3873235,8.5432878,479.674
47.3873235,8.5432878,479.674
47.3873232,8.543285,479.624
47.3873232,8.543285,479.624
47.3873238,8.5432826,479.707
47.3873238,8.5432826,479.707
47.3873226,8.5432801,479.826
47.3873226,8.5432801,479.826
47.387323,8.5432788,479.7
47.387323,8.5432788,479.7
47.3873229,8.5432778,479.683
47.3873229,8.5432778,479.683
47.3873232,8.5432776,479.285
47.3873232,8.5432776,479.285
47.3873235,8.5432768,479.166
47.3873235,8.5432768,479.166
47.387324,8.5432759,478.912
47.387324,8.5432759,478.912
47.3873234,8.5432744,478.786
47.3873234,8.5432744,478.786
47.3873229,8.5432725,478.657
47.3873229,8.5432725,478.657
47.387323,8.5432711,478.604
47.387323,8.5432711,478.604
47.3873231,8.54327,478.549
47.3873231,8.54327,478.549
47.387324,8.5432699,478.25
47.387324,8.5432699,478.25
47.3873251,8.5432696,477.974
47.3873251,8.5432696,477.974
47.387326,8.5432691,477.752
47.387326,8.5432691,477.752
47.3873265,8.5432683,477.612
47.3873265,8.5432683,477.612
47.3873276,8.5432676,477.596
47.3873276,8.5432676,477.596
47.3873294,8.5432678,477.364
47.3873294,8.5432678,477.364
47.3873308,8.5432678,477.177
47.3873308,8.5432678,477.177
47.3873319,8.5432678,476.858
47.3873319,8.5432678,476.858
47.3873317,8.5432654,477.075
47.3873317,8.5432654,477.075
47.387332,8.5432641,477.061
47.387332,8.5432641,477.061
47.3873325,8.5432635,476.898
47.3873325,8.5432635,476.898
47.387333,8.5432628,476.68
47.387333,8.5432628,476.68
47.3873331,8.5432619,476.433
47.3873331,8.5432619,476.433
47.3873331,8.5432612,476.068
47.3873331,8.5432612,476.068
47.387333,8.5432596,475.899
47.387333,8.5432596,475.899
47.3873329,8.543258,475.783
47.3873329,8.543258,475.783
47.3873325,8.5432565,475.654
47.3873325,8.5432565,475.654
47.3873321,8.5432542,475.674
47.3873321,8.5432542,475.674
47.3873313,8.5432522,475.493
47.3873313,8.5432522,475.493
47.3873298,8.5432503,475.329
47.3873298,8.5432503,475.329
47.3873279,8.5432479,475.325
47.3873279,8.5432479,475.325
47.3873276,8.543246,475.225
47.3873276,8.543246,475.225
47.387327,8.5432436,475.154
47.387327,8.5432436,475.154
47.3873267,8.5432408,475.123
47.3873267,8.5432408,475.123
47.3873261,8.5432382,475.115
47.3873261,8.5432382,475.115
47.3873258,8.5432361,474.989
47.3873258,8.5432361,474.989
47.3873255,8.5432344,474.632
47.3873255,8.5432344,474.632
47.3873245,8.5432327,474.311
47.3873245,8.5432327,474.311
47.3873232,8.5432307,474.173
47.3873232,8.5432307,474.173
47.3873225,8.5432289,474.046
47.3873225,8.5432289,474.046
47.3873214,8.5432263,473.957
47.3873214,8.5432263,473.957
47.3873204,8.5432237,473.973
47.3873204,8.5432237,473.973
47.3873196,8.5432219,473.789
47.3873196,8.5432219,473.789
47.3873191,8.543219,473.831
47.3873191,8.543219,473.831
47.3873189,8.5432161,473.876
47.3873189,8.5432161,473.876
47.3873187,8.5432136,473.813
47.3873187,8.5432136,473.813
47.3873185,8.5432112,473.819
47.3873185,8.5432112,473.819
47.3873178,8.5432089,473.706
47.3873178,8.5432089,473.706
47.3873171,8.5432057,473.941
47.3873171,8.5432057,473.941
47.3873171,8.5432039,473.783
47.3873171,8.5432039,473.783
47.3873171,8.543202,473.834
47.3873171,8.543202,473.834
47.3873171,8.5432002,473.832
47.3873171,8.5432002,473.832
47.3873175,8.543199,473.798
47.3873175,8.543199,473.798
47.3873178,8.5431982,473.787
47.3873178,8.5431982,473.787
47.3873178,8.5431966,473.874
47.3873178,8.5431966,473.874
47.3873174,8.5431956,473.877
47.3873174,8.5431956,473.877
47.3873177,8.543194,474.021
47.3873177,8.543194,474.021
47.387318,8.5431929,473.989
47.387318,8.5431929,473.989
47.387319,8.5431919,473.884
47.387319,8.5431919,473.884
47.3873194,8.5431908,473.82
47.3873194,8.5431908,473.82
47.3873194,8.5431905,473.677
47.3873194,8.5431905,473.677
47.3873187,8.543189,473.641
47.3873187,8.543189,473.641
47.3873176,8.5431872,473.706
47.3873176,8.5431872,473.706
47.3873168,8.5431853,473.763
47.3873168,8.5431853,473.763
47.3873164,8.543184,473.873
47.3873164,8.543184,473.873
47.3873155,8.5431821,473.951
47.3873155,8.5431821,473.951
47.3873156,8.5431812,473.877
47.3873156,8.5431812,473.877
47.3873157,8.5431802,473.898
47.3873157,8.5431802,473.898
47.3873159,8.5431797,473.905
47.3873159,8.5431797,473.905
47.3873161,8.543179,473.877
47.3873161,8.543179,473.877
47.3873154,8.5431779,473.974
47.3873154,8.5431779,473.974
47.3873147,8.543177,473.982
47.3873147,8.543177,473.982
47.3873143,8.5431763,473.888
47.3873143,8.5431763,473.888
47.3873146,8.5431767,473.677
47.3873146,8.5431767,473.677
47.3873145,8.5431764,473.687
47.3873145,8.5431764,473.687
47.3873147,8.5431761,473.56
47.3873147,8.5431761,473.56
47.3873155,8.5431759,473.406
47.3873155,8.5431759,473.406
47.3873154,8.5431751,473.471
47.3873154,8.5431751,473.471
47.3873151,8.543174,473.502
47.3873151,8.543174,473.502
47.3873154,8.5431724,473.323
47.3873154,8.5431724,473.323
47.3873153,8.5431706,473.39
47.3873153,8.5431706,473.39
47.3873155,8.5431692,473.459
47.3873155,8.5431692,473.459
47.3873151,8.5431685,473.227
47.3873151,8.5431685,473.227
47.3873149,8.5431672,473.326
47.3873149,8.5431672,473.326
47.3873155,8.5431666,473.538
47.3873155,8.5431666,473.538
47.3873156,8.5431657,473.548
47.3873156,8.5431657,473.548
47.3873158,8.5431644,473.474
47.3873158,8.5431644,473.474
47.3873162,8.5431623,473.628
47.3873162,8.5431623,473.628
47.3873176,8.5431609,473.78
47.3873176,8.5431609,473.78
47.3873172,8.543158,473.933
47.3873172,8.543158,473.933
47.3873165,8.543155,473.911
47.3873165,8.543155,473.911
47.3873163,8.5431535,473.834
47.3873163,8.5431535,473.834
47.3873155,8.5431518,473.8
47.3873155,8.5431518,473.8
47.3873154,8.5431505,473.853
47.3873154,8.5431505,473.853
47.3873145,8.543149,473.831
47.3873145,8.543149,473.831
47.3873136,8.5431471,473.874
47.3873136,8.5431471,473.874
47.3873118,8.543145,473.799
47.3873118,8.543145,473.799
47.3873097,8.543143,473.759
47.3873097,8.543143,473.759
47.3873082,8.5431403,473.975
47.3873082,8.5431403,473.975
47.3873065,8.5431377,474.151
47.3873065,8.5431377,474.151
47.3873041,8.5431351,474.15
47.3873041,8.5431351,474.15
47.3873029,8.5431336,474.058
47.3873029,8.5431336,474.058
47.387301,8.5431319,474.113
47.387301,8.5431319,474.113
47.3872998,8.5431301,474.364
47.3872998,8.5431301,474.364
47.3872993,8.5431294,474.37
47.3872993,8.5431294,474.37
47.3873007,8.5431299,474.204
47.3873007,8.5431299,474.204
47.3873007,8.5431294,474.032
47.3873007,8.5431294,474.032
47.3873011,8.5431284,474.243
47.3873011,8.5431284,474.243
47.3873012,8.5431272,474.272
47.3873012,8.5431272,474.272
47.3873004,8.5431248,474.511
47.3873004,8.5431248,474.511
47.3873019,8.5431228,474.549
47.3873019,8.5431228,474.549
47.3873019,8.5431208,474.548
47.3873019,8.5431208,474.548
47.3873017,8.5431196,474.537
47.3873017,8.5431196,474.537
47.3873014,8.5431184,474.671
47.3873014,8.5431184,474.671
47.387302,8.5431168,474.923
47.387302,8.5431168,474.923
47.3873011,8.5431157,474.895
47.3873011,8.5431157,474.895
47.3873013,8.5431149,475.03
47.3873013,8.5431149,475.03
47.3873004,8.5431129,475.258
47.3873004,8.5431129,475.258
47.3872994,8.5431103,475.486
47.3872994,8.5431103,475.486
47.387299,8.5431086,475.52
47.387299,8.5431086,475.52
47.3872984,8.5431076,475.357
47.3872984,8.5431076,475.357
47.3872991,8.5431063,475.567
47.3872991,8.5431063,475.567
47.3872987,8.5431055,475.59
47.3872987,8.5431055,475.59
47.3872974,8.5431046,475.513
47.3872974,8.5431046,475.513
47.3872959,8.543104,475.463
47.3872959,8.543104,475.463
47.3872956,8.5431034,475.451
47.3872956,8.5431034,475.451
47.3872931,8.543103,475.127
47.3872931,8.543103,475.127
47.3872913,8.5431028,474.742
47.3872913,8.5431028,474.742
47.3872902,8.5431036,474.362
47.3872902,8.5431036,474.362
47.3872888,8.5431038,474.074
47.3872888,8.5431038,474.074
47.3872882,8.5431051,473.727
47.3872882,8.5431051,473.727
47.3872889,8.5431061,473.59
47.3872889,8.5431061,473.59
47.3872892,8.543107,473.345
47.3872892,8.543107,473.345
47.3872873,8.543107,473.058
47.3872873,8.543107,473.058
47.3872851,8.5431064,472.784
47.3872851,8.5431064,472.784
47.3872829,8.5431062,472.482
47.3872829,8.5431062,472.482
47.3872816,8.5431052,472.582
47.3872816,8.5431052,472.582
47.3872801,8.5431049,472.585
47.3872801,8.5431049,472.585
47.3872781,8.5431048,472.432
47.3872781,8.5431048,472.432
47.3872759,8.5431032,472.49
47.3872759,8.5431032,472.49
47.3872748,8.5431022,472.474
47.3872748,8.5431022,472.474
47.3872731,8.5431019,472.352
47.3872731,8.5431019,472.352
47.387272,8.5431013,472.356
47.387272,8.5431013,472.356
47.3872705,8.5431009,472.149
47.3872705,8.5431009,472.149
47.3872688,8.5431002,472.039
47.3872688,8.5431002,472.039
47.3872662,8.5430991,471.966
47.3872662,8.5430991,471.966
47.3872638,8.5430981,471.754
47.3872638,8.5430981,471.754
47.3872611,8.5430971,471.523
47.3872611,8.5430971,471.523
47.3872588,8.5430957,471.371
47.3872588,8.5430957,471.371
47.3872588,8.5430957,471.371
47.3872566,8.5430941,471.419
47.3872566,8.5430941,471.419
47.3872535,8.5430921,471.139
47.3872515,8.5430905,471.042
47.3872515,8.5430905,471.042
47.3872497,8.5430895,470.973
47.3872497,8.5430895,470.973
47.3872484,8.5430881,471.028
47.3872484,8.5430881,471.028
47.3872474,8.5430862,471.038
47.3872474,8.5430862,471.038
47.3872474,8.5430837,471.241
47.3872474,8.5430837,471.241
47.3872468,8.5430824,471.215
47.3872468,8.5430824,471.215
47.3872462,8.5430807,471.271
47.3872462,8.5430807,471.271
47.3872468,8.543079,471.359
47.3872468,8.543079,471.359
47.3872471,8.5430777,471.486
47.3872471,8.5430777,471.486
47.3872459,8.5430758,471.433
47.3872459,8.5430758,471.433
47.387246,8.5430725,471.562
47.387246,8.5430725,471.562
47.3872458,8.5430684,471.595
47.3872458,8.5430684,471.595
47.3872467,8.543065,471.767
47.3872467,8.543065,471.767
47.3872496,8.543061,472.367
47.3872496,8.543061,472.367
47.3872489,8.5430594,472.948
47.3872489,8.5430594,472.948
47.3872465,8.5430587,472.999
47.3872465,8.5430587,472.999
47.3872455,8.5430557,473.272
47.3872455,8.5430557,473.272
47.3872455,8.5430557,473.272
47.3872455,8.5430531,473.563
47.3872455,8.5430531,473.563
47.3872456,8.5430495,473.542
47.3872456,8.5430495,473.542
47.3872449,8.5430466,473.791
47.3872449,8.5430466,473.791
47.3872455,8.5430433,473.933
47.3872455,8.5430433,473.933
47.3872448,8.5430398,473.806
47.3872448,8.5430398,473.806
47.3872437,8.5430376,473.851
47.3872437,8.5430376,473.851
47.3872425,8.5430352,474.018
47.3872425,8.5430352,474.018
47.387243,8.5430329,473.923
47.3872428,8.5430304,473.831
47.3872428,8.5430304,473.831
47.3872424,8.5430281,473.883
47.3872424,8.5430281,473.883
47.3872424,8.5430281,473.883
47.3872415,8.5430255,473.894
47.3872415,8.5430255,473.894
47.3872404,8.5430233,474.287
47.3872404,8.5430233,474.287
47.3872394,8.5430219,474.288
47.3872394,8.5430219,474.288
47.3872387,8.5430203,474.286
47.3872396,8.5430179,474.437
47.3872396,8.5430179,474.437
47.3872409,8.5430158,474.825
47.3872409,8.5430158,474.825
47.3872409,8.5430158,474.825
47.3872432,8.5430119,475.531
47.3872432,8.5430119,475.531
47.3872437,8.5430087,475.754
47.3872437,8.5430087,475.754
47.3872435,8.5430058,475.589
47.3872435,8.5430058,475.589
47.3872455,8.5430027,476.182
47.3872448,8.5430003,476.108
47.3872448,8.5430003,476.108
47.3872448,8.5430003,476.108
47.3872441,8.5429978,476.048
47.3872441,8.5429978,476.048
47.3872424,8.5429968,475.935
47.3872424,8.5429968,475.935
47.3872407,8.542995,475.759
47.3872407,8.542995,475.759
47.3872387,8.5429928,475.306
47.3872387,8.5429928,475.306
47.3872375,8.5429912,474.9
47.3872364,8.5429896,474.92
47.3872364,8.5429896,474.92
47.3872348,8.5429879,474.925
47.3872348,8.5429879,474.925
47.3872337,8.5429863,474.525
47.3872337,8.5429863,474.525
47.3872322,8.5429846,474.528
47.3872322,8.5429846,474.528
47.3872302,8.5429834,474.371
47.3872302,8.5429834,474.371
47.3872284,8.5429824,474.205
47.3872284,8.5429824,474.205
47.3872268,8.5429823,474.142
47.3872268,8.5429823,474.142
47.3872255,8.5429819,474.108
47.3872255,8.5429819,474.108
47.3872249,8.5429805,474.083
47.3872249,8.5429805,474.083
47.3872237,8.5429792,473.982
47.3872237,8.5429792,473.982
47.3872221,8.5429779,473.989
47.3872221,8.5429779,473.989
47.3872208,8.5429773,473.878
47.3872208,8.5429773,473.878
47.3872193,8.5429775,473.769
47.3872193,8.5429775,473.769
47.3872183,8.5429772,473.61
47.3872183,8.5429772,473.61
47.3872172,8.5429761,473.564
47.3872172,8.5429761,473.564
47.387216,8.5429748,473.678
47.387216,8.5429748,473.678
47.3872148,8.5429741,473.753
47.3872148,8.5429741,473.753
47.3872144,8.5429716,473.738
47.3872144,8.5429716,473.738
47.3872138,8.5429695,473.795
47.3872138,8.5429695,473.795
47.3872136,8.542968,473.733
47.3872136,8.542968,473.733
47.3872124,8.5429659,473.84
47.3872124,8.5429659,473.84
47.38721,8.5429654,474.065
47.38721,8.5429654,474.065
47.3872082,8.5429648,474.207
47.3872082,8.5429648,474.207
47.3872076,8.5429641,474.214
47.3872076,8.5429641,474.214
47.3872067,8.5429626,474.34
47.3872067,8.5429626,474.34
47.3872063,8.5429602,474.295
47.3872063,8.5429602,474.295
47.3872061,8.5429569,473.932
47.3872061,8.5429569,473.932
47.387205,8.5429545,474.016
47.387205,8.5429545,474.016
47.3872047,8.5429515,474.028
47.3872047,8.5429515,474.028
47.3872048,8.5429492,474.288
47.3872048,8.5429492,474.288
47.3872065,8.5429459,474.347
47.3872065,8.5429459,474.347
47.3872063,8.5429426,474.409
47.3872063,8.5429426,474.409
47.387205,8.5429404,474.62
47.387205,8.5429404,474.62
47.387203,8.5429388,474.827
47.387203,8.5429388,474.827
47.3872015,8.5429367,475.098
47.3872015,8.5429367,475.098
47.3872001,8.542934,474.903
47.3872001,8.542934,474.903
47.3871998,8.5429319,474.829
47.3871998,8.5429319,474.829
47.387199,8.5429312,474.612
47.387199,8.5429312,474.612
47.3871974,8.5429297,474.57
47.3871974,8.5429297,474.57
47.3871964,8.5429274,474.528
47.3871964,8.5429274,474.528
47.3871957,8.5429255,474.419
47.3871957,8.5429255,474.419
47.3871945,8.5429237,474.399
47.3871945,8.5429237,474.399
47.387194,8.5429222,474.328
47.387194,8.5429222,474.328
47.3871937,8.5429208,474.331
47.3871937,8.5429208,474.331
47.3871931,8.5429187,474.452
47.3871931,8.5429187,474.452
47.3871922,8.5429162,474.388
47.3871922,8.5429162,474.388
47.3871907,8.542914,474.336
47.3871907,8.542914,474.336
47.3871898,8.5429123,474.205
47.3871898,8.5429123,474.205
47.3871894,8.5429108,473.918
47.3871894,8.5429108,473.918
47.3871888,8.5429103,473.546
47.3871888,8.5429103,473.546
47.3871876,8.5429094,473.481
47.3871876,8.5429094,473.481
47.3871856,8.542908,473.614
47.3871856,8.542908,473.614
47.3871837,8.542906,473.486
47.3871837,8.542906,473.486
47.3871816,8.5429039,473.624
47.3871816,8.5429039,473.624
47.3871797,8.5429007,473.646
47.3871797,8.5429007,473.646
47.3871786,8.5428982,473.512
47.3871786,8.5428982,473.512
47.3871774,8.5428965,473.531
47.3871774,8.5428965,473.531
47.3871756,8.5428941,473.393
47.3871756,8.5428941,473.393
47.3871739,8.5428913,473.469
47.3871739,8.5428913,473.469
47.3871722,8.5428882,473.649
47.3871722,8.5428882,473.649
47.3871699,8.5428849,473.705
47.3871699,8.5428849,473.705
47.3871679,8.542883,473.705
47.3871679,8.542883,473.705
47.3871667,8.5428829,473.728
47.3871667,8.5428829,473.728
47.3871646,8.5428833,473.861
47.3871646,8.5428833,473.861
47.3871631,8.5428826,473.739
47.3871631,8.5428826,473.739
47.387162,8.5428816,473.704
47.387162,8.5428816,473.704
47.3871614,8.5428807,473.537
47.3871614,8.5428807,473.537
47.387161,8.5428794,473.351
47.387161,8.5428794,473.351
47.3871607,8.5428781,473.163
47.3871607,8.5428781,473.163
47.38716,8.5428777,473.067
47.38716,8.5428777,473.067
47.3871599,8.5428769,472.879
47.3871599,8.5428769,472.879
47.3871594,8.5428761,472.956
47.3871594,8.5428761,472.956
47.3871587,8.5428753,472.901
47.3871587,8.5428753,472.901
47.3871577,8.5428733,473.076
47.3871577,8.5428733,473.076
47.3871567,8.5428717,473.185
47.3871567,8.5428717,473.185
47.3871558,8.5428702,473.11
47.3871558,8.5428702,473.11
47.387155,8.5428684,473.035
47.387155,8.5428684,473.035
47.3871534,8.5428654,473.279
47.3871534,8.5428654,473.279
47.3871534,8.5428654,473.279
47.3871524,8.5428629,473.266
47.3871524,8.5428629,473.266
47.3871518,8.5428603,473.129
47.3871518,8.5428603,473.129
47.3871512,8.5428582,473.084
47.3871502,8.5428565,473.118
47.3871502,8.5428565,473.118
47.3871492,8.5428553,473.275
47.3871492,8.5428553,473.275
47.3871484,8.5428549,473.247
47.3871484,8.5428549,473.247
47.3871488,8.5428552,472.979
47.3871488,8.5428552,472.979
47.3871488,8.5428552,472.979
47.3871482,8.542856,473.04
47.3871477,8.5428555,473.082
47.3871477,8.5428555,473.082
47.3871478,8.5428554,472.859
47.3871478,8.5428554,472.859
47.3871478,8.5428553,472.861
47.3871478,8.5428553,472.861
47.3871478,8.5428554,472.757
47.3871478,8.5428554,472.757
47.3871477,8.5428555,472.56
47.3871477,8.5428555,472.56
47.3871471,8.5428556,472.375
47.3871471,8.5428556,472.375
47.3871459,8.5428551,472.415
47.3871459,8.5428551,472.415
47.3871448,8.5428544,472.567
47.3871448,8.5428544,472.567
47.3871442,8.5428539,472.469
47.3871442,8.5428539,472.469
47.3871437,8.5428532,472.457
47.3871437,8.5428532,472.457
47.3871422,8.5428525,472.654
47.3871422,8.5428525,472.654
47.3871417,8.5428531,472.684
47.3871417,8.5428531,472.684
47.3871413,8.5428538,472.702
47.3871413,8.5428538,472.702
47.3871413,8.5428538,472.702
47.3871414,8.5428541,472.588
47.3871414,8.5428541,472.588
47.387142,8.5428544,472.443
47.3871424,8.542854,472.379
47.3871424,8.542854,472.379
47.3871432,8.5428537,472.229
47.3871432,8.5428537,472.229
47.3871432,8.5428539,472.257
47.3871432,8.5428539,472.257
47.3871422,8.5428536,472.184
47.3871422,8.5428536,472.184
47.3871411,8.5428521,472.239
47.3871411,8.5428521,472.239
47.3871404,8.5428514,472.091
47.3871404,8.5428514,472.091
47.3871391,8.5428498,472.087
47.3871391,8.5428498,472.087
47.3871382,8.5428483,472.102
47.3871382,8.5428483,472.102
47.3871391,8.5428488,471.954
47.3871391,8.5428488,471.954
47.3871391,8.5428487,471.897
47.3871391,8.5428487,471.897
47.3871387,8.5428473,471.881
47.3871387,8.5428473,471.881
47.3871383,8.5428453,471.914
47.3871383,8.5428453,471.914
47.3871381,8.542844,471.828
47.3871381,8.542844,471.828
47.3871377,8.5428422,471.676
47.3871377,8.5428422,471.676
47.3871377,8.5428422,471.676
47.387137,8.54284,471.525
47.387137,8.54284,471.525
47.3871368,8.5428389,471.494
47.3871361,8.5428372,471.494
47.3871361,8.5428372,471.494
47.3871357,8.5428353,471.616
47.3871357,8.5428353,471.616
47.387136,8.5428334,471.387
47.387136,8.5428334,471.387
47.387136,8.5428321,471.164
47.387136,8.5428321,471.164
47.3871359,8.5428308,471.098
47.3871359,8.5428308,471.098
47.3871359,8.5428308,471.098
47.3871359,8.5428291,471.117
47.3871359,8.5428291,471.117
47.3871363,8.542827,471.089
47.3871363,8.542827,471.089
47.3871365,8.5428261,471.293
47.3871363,8.5428244,471.365
47.3871363,8.5428244,471.365
47.3871363,8.5428244,471.365
47.3871365,8.5428231,471.429
47.3871368,8.5428228,471.57
47.3871368,8.5428228,471.57
47.3871368,8.5428228,471.57
47.3871367,8.5428223,471.521
47.3871367,8.5428223,471.521
47.3871366,8.5428224,471.479
47.3871368,8.5428226,471.384
47.3871368,8.5428226,471.384
47.3871363,8.5428223,471.644
47.3871363,8.5428223,471.644
47.3871363,8.5428223,471.644
47.3871358,8.5428216,471.553
47.3871356,8.5428215,471.52
47.3871356,8.5428215,471.52
47.3871363,8.5428221,471.21
47.3871363,8.5428221,471.21
47.3871364,8.5428228,471.097
47.3871364,8.5428228,471.097
47.3871363,8.5428231,470.795
47.3871363,8.5428231,470.795
47.3871362,8.5428245,470.551
47.3871362,8.5428245,470.551
47.3871359,8.5428259,470.688
47.3871359,8.5428259,470.688
47.3871359,8.5428259,470.688
47.3871357,8.5428272,470.805
47.3871357,8.5428272,470.805
47.3871352,8.5428288,470.901
47.3871355,8.5428303,470.846
47.3871355,8.5428303,470.846
47.3871357,8.5428313,470.659
47.3871357,8.5428313,470.659
47.3871351,8.5428315,470.563
47.3871351,8.5428315,470.563
47.3871348,8.5428311,470.344
47.3871348,8.5428311,470.344
47.3871339,8.542831,470.221
47.3871339,8.542831,470.221
47.3871335,8.5428323,470.067
47.3871335,8.5428323,470.067
47.3871337,8.5428327,469.977
47.3871337,8.5428327,469.977
47.3871331,8.5428321,469.782
47.3871331,8.5428321,469.782
47.3871328,8.5428297,469.515
47.3871328,8.5428297,469.515
47.3871318,8.5428274,469.655
47.3871318,8.5428274,469.655
47.3871304,8.5428252,469.865
47.3871304,8.5428252,469.865
47.38713,8.5428239,469.854
47.38713,8.5428239,469.854
47.3871295,8.5428233,469.928
47.3871295,8.5428233,469.928
47.38713,8.5428225,469.945
47.38713,8.5428225,469.945
47.3871295,8.542822,470.222
47.3871295,8.542822,470.222
47.3871288,8.5428202,470.181
47.3871288,8.5428202,470.181
47.3871278,8.5428181,470.1
47.3871278,8.5428181,470.1
47.387127,8.5428164,470.199
47.387127,8.5428164,470.199
47.3871257,8.5428155,470.374
47.3871257,8.5428155,470.374
47.3871249,8.5428146,470.525
47.3871249,8.5428146,470.525
47.387124,8.5428123,470.377
47.387124,8.5428123,470.377
47.3871232,8.5428109,470.584
47.3871232,8.5428109,470.584
47.3871228,8.5428097,470.689
47.3871228,8.5428097,470.689
47.3871221,8.5428087,470.671
47.3871221,8.5428087,470.671
47.3871221,8.5428087,470.671
47.3871211,8.5428073,470.557
47.3871211,8.5428073,470.557
47.3871201,8.5428055,470.493
47.3871201,8.5428055,470.493
47.3871192,8.5428039,470.476
47.3871192,8.5428039,470.476
47.3871189,8.5428044,470.646
47.3871189,8.5428044,470.646
47.3871187,8.5428044,470.622
47.3871187,8.5428044,470.622
47.3871183,8.5428028,470.627
47.3871186,8.5428012,471.049
47.3871186,8.5428012,471.049
47.387118,8.5428004,471.376
47.387118,8.5428004,471.376
47.3871172,8.5427986,471.738
47.3871172,8.5427986,471.738
47.3871148,8.5427962,472.119
47.3871148,8.5427962,472.119
47.3871127,8.5427943,472.102
47.3871127,8.5427943,472.102
47.3871111,8.5427911,472.334
47.3871111,8.5427911,472.334
47.3871105,8.5427884,472.248
47.3871105,8.5427884,472.248
47.3871094,8.5427849,472.021
47.3871094,8.5427849,472.021
47.3871084,8.5427827,472.161
47.3871084,8.5427827,472.161
47.3871068,8.5427828,472.263
47.3871068,8.5427828,472.263
47.3871052,8.5427814,472.415
47.3871052,8.5427814,472.415
47.3871044,8.5427789,472.644
47.3871044,8.5427789,472.644
47.3871036,8.5427763,472.869
47.3871036,8.5427763,472.869
47.3871024,8.5427744,473.126
47.3871024,8.5427744,473.126
47.3871016,8.5427725,473.234
47.3871016,8.5427725,473.234
47.3871001,8.5427707,473.363
47.3871001,8.5427707,473.363
47.3870986,8.5427684,473.272
47.3870986,8.5427684,473.272
47.3870982,8.5427651,472.894
47.3870982,8.5427651,472.894
47.3870976,8.5427618,472.624
47.3870976,8.5427618,472.624
47.3870969,8.5427586,472.649
47.3870969,8.5427586,472.649
47.3870966,8.5427559,472.502
47.3870966,8.5427559,472.502
47.3870959,8.5427536,472.369
47.3870959,8.5427536,472.369
47.3870951,8.5427512,472.343
47.3870951,8.5427512,472.343
47.3870943,8.5427496,472.315
47.3870943,8.5427496,472.315
47.3870933,8.5427475,472.477
47.3870933,8.5427475,472.477
47.3870927,8.5427461,472.352
47.3870927,8.5427461,472.352
47.3870925,8.542744,472.176
47.3870925,8.542744,472.176
47.3870916,8.5427416,472.276
47.3870916,8.5427416,472.276
47.3870908,8.542739,472.262
47.3870908,8.542739,472.262
47.3870897,8.5427357,472.264
47.3870897,8.5427357,472.264
47.3870882,8.5427341,472.272
47.3870882,8.5427341,472.272
47.3870872,8.5427315,472.309
47.3870872,8.5427315,472.309
47.3870852,8.5427289,472.67
47.3870852,8.5427289,472.67
47.3870842,8.5427275,472.582
47.3870842,8.5427275,472.582
47.3870828,8.5427259,472.719
47.3870828,8.5427259,472.719
47.3870814,8.5427239,472.726
47.3870814,8.5427239,472.726
47.387079,8.5427222,472.733
47.387079,8.5427222,472.733
47.3870769,8.5427212,472.934
47.3870769,8.5427212,472.934
47.3870747,8.5427191,473.241
47.3870747,8.5427191,473.241
47.3870738,8.5427173,473.352
47.3870738,8.5427173,473.352
47.3870717,8.5427164,473.739
47.3870717,8.5427164,473.739
47.3870703,8.5427148,473.82
47.3870703,8.5427148,473.82
47.3870689,8.5427132,473.85
47.3870689,8.5427132,473.85
47.3870668,8.5427123,474.068
47.3870668,8.5427123,474.068
47.3870661,8.5427115,474.01
47.3870661,8.5427115,474.01
47.3870651,8.5427096,474.343
47.3870651,8.5427096,474.343
47.3870636,8.5427087,474.6
47.3870636,8.5427087,474.6
47.3870613,8.5427078,474.682
47.3870613,8.5427078,474.682
47.3870595,8.5427062,474.758
47.3870595,8.5427062,474.758
47.3870576,8.5427052,474.956
47.3870576,8.5427052,474.956
47.3870569,8.5427048,474.806
47.3870569,8.5427048,474.806
47.3870556,8.5427033,474.811
47.3870556,8.5427033,474.811
47.3870543,8.5427017,474.892
47.3870543,8.5427017,474.892
47.387053,8.5427008,475.106
47.387053,8.5427008,475.106
47.3870526,8.5426994,475.146
47.3870526,8.5426994,475.146
47.387052,8.5426976,475.274
47.387052,8.5426976,475.274
47.3870512,8.5426968,475.431
47.3870512,8.5426968,475.431
47.3870508,8.542697,475.37
47.3870508,8.542697,475.37
47.3870497,8.5426946,475.399
47.3870497,8.5426946,475.399
47.3870491,8.542693,475.32
47.3870491,8.542693,475.32
47.3870475,8.5426909,475.412
47.3870475,8.5426909,475.412
47.3870461,8.5426902,475.401
47.3870461,8.5426902,475.401
47.3870446,8.5426876,475.533
47.3870446,8.5426876,475.533
47.3870432,8.5426864,475.426
47.3870432,8.5426864,475.426
47.387042,8.5426859,475.194
47.387042,8.5426859,475.194
47.3870407,8.5426859,475.218
47.3870407,8.5426859,475.218
47.3870393,8.5426845,475.451
47.3870393,8.5426845,475.451
47.3870391,8.5426833,475.34
47.3870391,8.5426833,475.34
47.3870388,8.5426814,475.288
47.3870388,8.5426814,475.288
47.3870392,8.54268,475.259
47.3870392,8.54268,475.259
47.3870394,8.5426782,475.349
47.3870394,8.5426782,475.349
47.3870393,8.5426759,475.453
47.3870393,8.5426759,475.453
47.3870391,8.542674,475.513
47.3870391,8.542674,475.513
47.3870385,8.542672,475.747
47.3870385,8.542672,475.747
47.387038,8.5426709,475.973
47.387038,8.5426709,475.973
47.3870373,8.5426695,476.159
47.3870373,8.5426695,476.159
47.387037,8.5426683,476.228
47.387037,8.5426683,476.228
47.3870372,8.5426669,476.125
47.3870372,8.5426669,476.125
47.3870364,8.5426649,476.301
47.3870364,8.5426649,476.301
47.3870356,8.5426639,476.337
47.3870356,8.5426639,476.337
47.3870356,8.5426639,476.337
47.387035,8.5426624,476.228
47.3870339,8.5426615,476.175
47.3870339,8.5426615,476.175
47.3870339,8.5426615,476.175
47.3870329,8.5426604,476.268
47.3870329,8.5426604,476.268
47.3870321,8.5426578,476.575
47.3870321,8.5426578,476.575
47.3870314,8.542657,476.721
47.3870314,8.542657,476.721
47.3870311,8.542656,476.702
47.3870308,8.5426551,476.485
47.3870308,8.5426551,476.485
47.3870308,8.5426551,476.485
47.3870305,8.5426548,476.305
47.3870305,8.5426548,476.305
47.3870304,8.5426553,475.899
47.3870304,8.5426553,475.899
47.3870297,8.5426549,475.556
47.3870297,8.5426549,475.556
47.3870286,8.5426539,475.583
47.3870286,8.5426539,475.583
47.3870276,8.5426518,475.505
47.3870276,8.5426518,475.505
47.3870261,8.5426491,475.851
47.3870253,8.5426474,476.015
47.3870253,8.5426474,476.015
47.3870253,8.5426474,476.015
47.3870241,8.5426454,476.132
47.3870239,8.5426448,475.894
47.3870239,8.5426448,475.894
47.3870238,8.5426441,475.835
47.3870238,8.5426441,475.835
47.3870236,8.5426434,475.574
47.3870236,8.5426434,475.574
47.3870236,8.5426434,475.574
47.3870229,8.5426416,475.629
47.3870229,8.5426416,475.629
47.3870216,8.5426391,475.657
47.3870216,8.5426391,475.657
47.3870202,8.542636,475.921
47.3870191,8.542634,476.106
47.3870191,8.542634,476.106
47.3870173,8.5426316,476.289
47.3870173,8.5426316,476.289
47.3870173,8.5426316,476.289
47.3870155,8.5426292,476.553
47.3870155,8.5426292,476.553
47.3870137,8.5426266,476.86
47.3870137,8.5426266,476.86
47.3870123,8.5426243,477.003
47.3870123,8.5426243,477.003
47.3870111,8.5426218,477.393
47.3870111,8.5426218,477.393
47.3870103,8.5426194,477.532
47.3870103,8.5426194,477.532
47.387009,8.542617,477.698
47.387009,8.542617,477.698
47.3870076,8.5426144,477.819
47.3870076,8.5426144,477.819
47.3870058,8.5426115,478.184
47.3870058,8.5426115,478.184
47.3870044,8.5426099,478.29
47.3870044,8.5426099,478.29
47.3870039,8.5426076,478.671
47.3870037,8.5426064,478.893
47.3870037,8.5426064,478.893
47.3870032,8.5426061,478.857
47.3870032,8.5426061,478.857
47.3870026,8.5426062,478.659
47.3870026,8.5426062,478.659
47.3870018,8.5426048,478.809
47.3870018,8.5426048,478.809
47.3870008,8.5426037,478.759
47.3870008,8.5426037,478.759
47.3869999,8.5426021,478.732
47.3869999,8.5426021,478.732
47.386999,8.5426008,478.636
47.386999,8.5426008,478.636
47.3869977,8.5425989,478.601
47.3869977,8.5425989,478.601
47.3869966,8.5425978,478.416
47.3869966,8.5425978,478.416
47.3869953,8.5425972,478.385
47.3869953,8.5425972,478.385
47.3869943,8.5425969,478.347
47.3869943,8.5425969,478.347
47.3869935,8.5425964,478.384
47.3869935,8.5425964,478.384
47.3869926,8.5425958,478.464
47.3869926,8.5425958,478.464
47.386992,8.5425953,478.37
47.3870967,8.5426638,467.954
47.3870967,8.5426638,467.954
47.3870969,8.5426643,467.752
47.3870969,8.5426643,467.752
47.3870968,8.5426645,467.719
47.3870968,8.5426645,467.719
47.3870973,8.5426655,467.56
47.3870973,8.5426655,467.56
47.3870982,8.5426672,467.362
47.3870982,8.5426672,467.362
47.387098,8.5426675,467.518
47.387098,8.5426675,467.518
47.3870982,8.5426695,467.239
47.3870982,8.5426695,467.239
47.3870981,8.5426709,467.202
47.3870981,8.5426709,467.202
47.3870985,8.5426712,467.22
47.3870985,8.5426712,467.22
47.3870989,8.5426716,467.159
47.3870989,8.5426716,467.159
47.3870991,8.5426718,467.177
47.3870991,8.5426718,467.177
47.3870986,8.5426709,467.357
47.3870986,8.5426709,467.357
47.3870976,8.5426695,467.679
47.3870976,8.5426695,467.679
47.387098,8.54267,467.586
47.387098,8.54267,467.586
47.3870978,8.5426696,467.631
47.3870978,8.5426696,467.631
47.3870975,8.5426691,467.693
47.3870975,8.5426691,467.693
47.3870969,8.5426682,467.75
47.3870969,8.5426682,467.75
47.3870963,8.5426672,467.884
47.3870963,8.5426672,467.884
47.3870963,8.5426653,467.649
47.3870963,8.5426653,467.649
47.3870961,8.542664,467.736
47.3870961,8.542664,467.736
47.3870953,8.5426631,467.989
47.3870953,8.5426631,467.989
47.3870938,8.5426621,467.984
47.3870938,8.5426621,467.984
47.3870932,8.5426619,467.802
47.3870932,8.5426619,467.802
47.3870918,8.5426611,467.768
47.3870918,8.5426611,467.768
47.3870914,8.5426615,467.349
47.3870914,8.5426615,467.349
47.3870906,8.5426609,467.292
47.3870906,8.5426609,467.292
47.3870904,8.5426605,467.223
47.3870904,8.5426605,467.223
47.3870889,8.5426592,467.491
47.3870889,8.5426592,467.491
47.3870879,8.5426588,467.414
47.3870879,8.5426588,467.414
47.3870865,8.5426582,467.591
47.3870865,8.5426582,467.591
47.3870852,8.5426581,467.736
47.3870852,8.5426581,467.736
47.3870829,8.5426573,467.998
47.3870829,8.5426573,467.998
47.3870811,8.5426569,468.12
47.3870811,8.5426569,468.12
47.3870799,8.5426562,468.131
47.3870799,8.5426562,468.131
47.3870786,8.5426546,468.42
47.3870786,8.5426546,468.42
47.3870782,8.5426527,468.492
47.3870782,8.5426527,468.492
47.3870768,8.542649,468.59
47.3870768,8.542649,468.59
47.3870754,8.5426458,468.61
47.3870754,8.5426458,468.61
47.3870742,8.5426446,468.481
47.3870742,8.5426446,468.481
47.3870738,8.5426443,468.406
47.3870738,8.5426443,468.406
47.3870732,8.5426429,468.277
47.3870732,8.5426429,468.277
47.3870734,8.5426423,468.102
47.3870734,8.5426423,468.102
47.387072,8.5426396,468.119
47.387072,8.5426396,468.119
47.3870716,8.5426394,468.132
47.3870716,8.5426394,468.132
47.3870715,8.5426397,467.98
47.3870715,8.5426397,467.98
47.3870712,8.5426384,467.972
47.3870712,8.5426384,467.972
47.3870703,8.5426374,467.948
47.3870703,8.5426374,467.948
47.387069,8.5426359,468.054
47.387069,8.5426359,468.054
47.3870681,8.5426345,468.21
47.3870681,8.5426345,468.21
47.3870672,8.5426324,468.476
47.3870672,8.5426324,468.476
47.3870658,8.5426308,468.478
47.3870658,8.5426308,468.478
47.3870666,8.542631,468.418
47.3870666,8.542631,468.418
47.3870667,8.5426307,468.353
47.3870667,8.5426307,468.353
47.3870666,8.5426302,468.271
47.3870666,8.5426302,468.271
47.3870658,8.5426285,468.44
47.3870658,8.5426285,468.44
47.3870655,8.5426273,468.486
47.3870655,8.5426273,468.486
47.3870645,8.5426258,468.612
47.3870645,8.5426258,468.612
47.3870635,8.542624,468.799
47.3870635,8.542624,468.799
47.3870625,8.5426239,468.708
47.3870625,8.5426239,468.708
47.3870619,8.5426246,468.693
47.3870619,8.5426246,468.693
47.3870604,8.542623,469.024
47.3870604,8.542623,469.024
47.3870592,8.5426225,469.001
47.3870592,8.5426225,469.001
47.3870585,8.5426226,469.022
47.3870585,8.5426226,469.022
47.3870558,8.5426201,469.528
47.3870558,8.5426201,469.528
47.3870545,8.5426196,469.485
47.3870545,8.5426196,469.485
47.3870545,8.5426204,469.145
47.3870545,8.5426204,469.145
47.3870537,8.5426204,469.056
47.3870537,8.5426204,469.056
47.3870533,8.5426207,468.996
47.3870533,8.5426207,468.996
47.3870527,8.5426215,468.949
47.3870527,8.5426215,468.949
47.3870521,8.5426224,469.006
47.3870521,8.5426224,469.006
47.3870529,8.5426251,468.697
47.3870529,8.5426251,468.697
47.3870518,8.5426246,468.871
47.3870518,8.5426246,468.871
47.387051,8.5426246,468.882
47.387051,8.5426246,468.882
47.38705,8.5426243,468.959
47.38705,8.5426243,468.959
47.3870504,8.5426266,468.538
47.3870504,8.5426266,468.538
47.3870483,8.5426251,468.672
47.3870483,8.5426251,468.672
47.3870479,8.5426256,468.447
47.3870479,8.5426256,468.447
47.3870466,8.5426244,468.63
47.3870466,8.5426244,468.63
47.3870452,8.5426228,468.807
47.3870452,8.5426228,468.807
47.387044,8.5426219,468.749
47.387044,8.5426219,468.749
47.3870415,8.54262,468.795
47.3870415,8.54262,468.795
47.3870412,8.5426202,468.547
47.3870412,8.5426202,468.547
47.3870412,8.5426202,468.338
47.3870412,8.5426202,468.338
47.3870399,8.5426194,468.112
47.3870399,8.5426194,468.112
47.3870375,8.542617,468.23
47.3870375,8.542617,468.23
47.3870369,8.542616,468.258
47.3870369,8.542616,468.258
47.3870364,8.542615,468.17
47.3870364,8.542615,468.17
47.3870352,8.5426138,468.224
47.3870352,8.5426138,468.224
47.3870341,8.5426126,468.219
47.3870341,8.5426126,468.219
47.3870335,8.5426123,468.138
47.3870335,8.5426123,468.138
47.3870324,8.5426118,468.226
47.3870324,8.5426118,468.226
47.387031,8.5426108,468.338
47.387031,8.5426108,468.338
47.3870307,8.5426108,468.443
47.3870307,8.5426108,468.443
47.3870293,8.5426096,468.615
47.3870293,8.5426096,468.615
47.3870293,8.5426103,468.412
47.3870293,8.5426103,468.412
47.3870284,8.54261,468.406
47.3870284,8.54261,468.406
47.3870265,8.5426089,468.717
47.3870265,8.5426089,468.717
47.3870251,8.5426086,468.763
47.3870251,8.5426086,468.763
47.3870246,8.5426092,468.636
47.3870246,8.5426092,468.636
47.3870241,8.5426102,468.609
47.3870241,8.5426102,468.609
47.3870238,8.5426114,468.498
47.3870238,8.5426114,468.498
47.387023,8.5426111,468.546
47.387023,8.5426111,468.546
47.3870227,8.5426115,468.48
47.3870227,8.5426115,468.48
47.3870227,8.5426128,468.239
47.3870227,8.5426128,468.239
47.387022,8.5426132,468.268
47.387022,8.5426132,468.268
47.3870206,8.5426123,468.416
47.3870206,8.5426123,468.416
47.3870204,8.5426133,468.213
47.3870204,8.5426133,468.213
47.3870201,8.5426143,468.031
47.3870201,8.5426143,468.031
47.3870192,8.5426139,468.19
47.3870192,8.5426139,468.19
47.3870184,8.5426138,468.261
47.3870184,8.5426138,468.261
47.3870176,8.5426135,468.496
47.3870176,8.5426135,468.496
47.3870172,8.5426137,468.399
47.3870172,8.5426137,468.399
47.3870143,8.5426131,468.832
47.3870143,8.5426131,468.832
47.3870127,8.5426148,468.738
47.3870127,8.5426148,468.738
47.3870118,8.5426153,468.662
47.3870118,8.5426153,468.662
47.3870106,8.5426146,468.839
47.3870106,8.5426146,468.839
47.3870094,8.5426143,468.94
47.3870094,8.5426143,468.94
47.3870078,8.5426133,469.234
47.3870078,8.5426133,469.234
47.3870063,8.5426125,469.375
47.3870063,8.5426125,469.375
47.3870054,8.5426123,469.404
47.3870054,8.5426123,469.404
47.3870045,8.5426118,469.653
47.3870045,8.5426118,469.653
47.3870039,8.5426119,469.476
47.3870039,8.5426119,469.476
47.3870034,8.5426119,469.471
47.3870034,8.5426119,469.471
47.3870022,8.5426117,469.583
47.3870022,8.5426117,469.583
47.3870015,8.5426116,469.733
47.3870015,8.5426116,469.733
47.3870014,8.5426122,469.744
47.3870014,8.5426122,469.744
47.3870014,8.5426129,469.771
47.3870014,8.5426129,469.771
47.3870015,8.5426136,469.737
47.3870015,8.5426136,469.737
47.3870012,8.5426136,469.848
47.3870012,8.5426136,469.848
47.3870011,8.542614,469.84
47.3870011,8.542614,469.84
47.3870005,8.5426139,469.975
47.3870005,8.5426139,469.975
47.3869997,8.5426145,470.127
47.3869997,8.5426145,470.127
47.3869992,8.5426151,470.052
47.3869992,8.5426151,470.052
47.386999,8.5426161,469.838
47.386999,8.5426161,469.838
47.3869978,8.5426164,469.84
47.3869978,8.5426164,469.84
47.3869971,8.5426166,469.819
47.3869971,8.5426166,469.819
47.3869964,8.5426169,469.868
47.3869964,8.5426169,469.868
47.3869957,8.5426182,469.769
47.3869957,8.5426182,469.769
47.3869948,8.5426191,469.704
47.3869948,8.5426191,469.704
47.3869946,8.5426196,469.786
47.3869946,8.5426196,469.786
47.3869946,8.5426202,469.685
47.3869946,8.5426202,469.685
47.386994,8.5426203,469.657
47.386994,8.5426203,469.657
47.3869931,8.5426203,469.667
47.3869931,8.5426203,469.667
47.3869913,8.54262,469.624
47.3869913,8.54262,469.624
47.3869899,8.5426202,469.551
47.3869899,8.5426202,469.551
47.3869887,8.5426201,469.736
47.3869887,8.5426201,469.736
47.3869876,8.5426201,469.76
47.3869876,8.5426201,469.76
47.3869869,8.5426198,469.828
47.3869869,8.5426198,469.828
47.3869868,8.5426199,469.666
47.3869868,8.5426199,469.666
47.3869863,8.5426196,469.612
47.3869863,8.5426196,469.612
47.3869861,8.5426191,469.582
47.3869861,8.5426191,469.582
47.3869859,8.5426187,469.621
47.3869859,8.5426187,469.621
47.3869851,8.5426181,469.734
47.3869851,8.5426181,469.734
47.386985,8.5426181,469.715
47.386985,8.5426181,469.715
47.3869842,8.5426176,469.788
47.3869842,8.5426176,469.788
47.3869834,8.5426169,469.893
47.3869834,8.5426169,469.893
47.3869838,8.5426173,469.821
47.3869838,8.5426173,469.821
47.3869833,8.542617,469.955
47.3869833,8.542617,469.955
47.3869828,8.5426166,470.154
47.3869828,8.5426166,470.154
47.3869827,8.5426163,470.217
47.3869827,8.5426163,470.217
47.3869834,8.5426165,470.157
47.3869834,8.5426165,470.157
47.3869833,8.5426161,470.086
47.3869833,8.5426161,470.086
47.3869829,8.5426152,470.209
47.3869829,8.5426152,470.209
47.3869832,8.5426149,470.147
47.3869832,8.5426149,470.147
47.3869827,8.5426144,470.179
47.3869827,8.5426144,470.179
47.3869819,8.5426138,470.001
47.3869819,8.5426138,470.001
47.3869806,8.5426129,470.218
47.3869806,8.5426129,470.218
47.3869803,8.5426122,470.315
47.3869803,8.5426122,470.315
47.38698,8.542611,470.344
47.38698,8.542611,470.344
47.3869791,8.54261,470.57
47.3869791,8.54261,470.57
47.3869782,8.5426088,470.529
47.3869782,8.5426088,470.529
47.3869778,8.5426072,470.531
47.3869778,8.5426072,470.531
47.3869772,8.5426057,470.636
47.3869772,8.5426057,470.636
47.3869771,8.5426053,470.514
47.3869771,8.5426053,470.514
47.3869771,8.542605,470.377
47.3869771,8.542605,470.377
47.3869768,8.5426047,470.305
47.3869768,8.5426047,470.305
47.3869766,8.5426039,470.093
47.3869766,8.5426039,470.093
47.3869762,8.5426032,469.996
47.3869762,8.5426032,469.996
47.3869759,8.5426027,470.007
47.3869759,8.5426027,470.007
47.3869757,8.5426022,470.074
47.3869757,8.5426022,470.074
47.3869756,8.542602,470.03
47.3869756,8.542602,470.03
47.386975,8.5426019,470.005
47.386975,8.5426019,470.005
47.3869752,8.5426021,469.903
47.3869752,8.5426021,469.903
47.3869749,8.5426019,469.898
47.3869749,8.5426019,469.898
47.386974,8.5426009,470.18
47.386974,8.5426009,470.18
47.3869742,8.542601,470.251
47.3869742,8.542601,470.251
47.386974,8.542601,470.396
47.386974,8.542601,470.396
47.3869738,8.5426006,470.553
47.3869738,8.5426006,470.553
47.3869739,8.5426,470.695
47.3869739,8.5426,470.695
47.3869742,8.5425999,470.766
47.3869742,8.5425999,470.766
47.3869742,8.5426001,470.877
47.3869742,8.5426001,470.877
47.3869742,8.5426009,470.901
47.3869742,8.5426009,470.901
47.386974,8.5426012,471.035
47.386974,8.5426012,471.035
47.3869737,8.5426016,470.996
47.3869737,8.5426016,470.996
47.386973,8.5426014,471.132
47.386973,8.5426014,471.132
47.3869717,8.5426011,471.175
47.3869717,8.5426011,471.175
47.38697,8.5426007,471.41
47.38697,8.5426007,471.41
47.3869687,8.5426005,471.447
47.3869687,8.5426005,471.447
47.3869675,8.5426007,471.419
47.3869675,8.5426007,471.419
47.3869658,8.5426006,471.656
47.3869658,8.5426006,471.656
47.3869646,8.5426008,471.498
47.3869646,8.5426008,471.498
47.3869634,8.5426006,471.615
47.3869634,8.5426006,471.615
47.3869628,8.5426007,471.542
47.3869628,8.5426007,471.542
47.3869621,8.5426011,471.586
47.3869621,8.5426011,471.586
47.3869609,8.5426014,471.72
47.3869609,8.5426014,471.72
47.3869594,8.542602,472.06
47.3869594,8.542602,472.06
47.3869581,8.5426027,472.154
47.3869581,8.5426027,472.154
47.3869561,8.5426038,472.086
47.3869561,8.5426038,472.086
47.3869538,8.5426044,472.206
47.3869538,8.5426044,472.206
47.3869526,8.5426052,472.264
47.3869526,8.5426052,472.264
47.386951,8.5426053,472.316
47.386951,8.5426053,472.316
47.3869502,8.5426066,472.267
47.3869502,8.5426066,472.267
47.3869493,8.5426083,472.225
47.3869493,8.5426083,472.225
47.3869482,8.5426096,472.216
47.3869482,8.5426096,472.216
47.386947,8.5426109,472.276
47.386947,8.5426109,472.276
47.3869463,8.5426116,472.131
47.3869463,8.5426116,472.131
47.3869458,8.5426121,472.128
47.3869458,8.5426121,472.128
47.3869446,8.5426129,472.14
47.3869446,8.5426129,472.14
47.3869428,8.5426135,472.096
47.3869428,8.5426135,472.096
47.3869411,8.5426143,472.157
47.3869411,8.5426143,472.157
47.3869395,8.5426153,472.122
47.3869395,8.5426153,472.122
47.3869381,8.5426167,472.053
47.3869381,8.5426167,472.053
47.3869367,8.5426179,471.972
47.3869367,8.5426179,471.972
47.3869345,8.5426189,472.028
47.3869345,8.5426189,472.028
47.3869335,8.5426208,471.913
47.3869335,8.5426208,471.913
47.3869322,8.5426224,471.801
47.3869322,8.5426224,471.801
47.3869303,8.5426233,471.911
47.3869303,8.5426233,471.911
47.3869288,8.5426245,471.863
47.3869288,8.5426245,471.863
47.3869266,8.5426256,471.786
47.3869266,8.5426256,471.786
47.3869241,8.5426265,471.835
47.3869241,8.5426265,471.835
47.3869228,8.5426281,471.84
47.3869228,8.5426281,471.84
47.3869213,8.5426292,471.729
47.3869213,8.5426292,471.729
47.3869199,8.5426304,471.742
47.3869199,8.5426304,471.742
47.3869189,8.5426316,471.548
47.3869189,8.5426316,471.548
47.3869165,8.5426318,471.735
47.3869165,8.5426318,471.735
47.3869148,8.5426323,471.789
47.3869148,8.5426323,471.789
47.3869139,8.5426329,471.529
47.3869139,8.5426329,471.529
47.3869125,8.5426336,471.536
47.3869125,8.5426336,471.536
47.3869111,8.5426342,471.561
47.3869111,8.5426342,471.561
47.3869091,8.5426347,471.666
47.3869091,8.5426347,471.666
47.386907,8.5426356,471.707
47.386907,8.5426356,471.707
47.3869049,8.5426367,471.778
47.3869049,8.5426367,471.778
47.3869032,8.5426379,471.655
47.3869032,8.5426379,471.655
47.3869017,8.542639,471.532
47.3869017,8.542639,471.532
47.3869001,8.5426397,471.516
47.3869001,8.5426397,471.516
47.3868989,8.5426403,471.301
47.3868989,8.5426403,471.301
47.3868974,8.5426411,471.312
47.3868974,8.5426411,471.312
47.3868963,8.5426421,471.276
47.3868963,8.5426421,471.276
47.386895,8.5426432,471.296
47.386895,8.5426432,471.296
47.3868933,8.5426447,471.445
47.3868933,8.5426447,471.445
47.3868917,8.5426461,471.533
47.3868917,8.5426461,471.533
47.3868902,8.542647,471.393
47.3868902,8.542647,471.393
47.3868887,8.5426481,471.395
47.3868887,8.5426481,471.395
47.3868873,8.5426495,471.493
47.3868873,8.5426495,471.493
47.3868862,8.5426509,471.508
47.3868862,8.5426509,471.508
47.3868849,8.5426525,471.512
47.3868849,8.5426525,471.512
47.3868839,8.5426536,471.411
47.3868839,8.5426536,471.411
47.386883,8.5426544,471.258
47.386883,8.5426544,471.258
47.3868812,8.5426554,471.209
47.3868812,8.5426554,471.209
47.3868794,8.5426567,471.036
47.3868794,8.5426567,471.036
47.3868779,8.5426576,470.965
47.3868779,8.5426576,470.965
47.3868766,8.5426586,470.745
47.3868766,8.5426586,470.745
47.3868755,8.5426581,470.457
47.3868755,8.5426581,470.457
47.3868747,8.5426573,470.102
47.3868747,8.5426573,470.102
47.3868744,8.5426566,469.634
47.3868744,8.5426566,469.634
47.3868736,8.5426563,469.193
47.3868736,8.5426563,469.193
47.3868725,8.5426557,469.008
47.3868725,8.5426557,469.008
47.3868716,8.5426553,468.624
47.3868716,8.5426553,468.624
47.3868703,8.5426565,468.359
47.3868703,8.5426565,468.359
47.3868693,8.5426578,468.108
47.3868693,8.5426578,468.108
47.3868675,8.5426592,468.131
47.3868675,8.5426592,468.131
47.3868658,8.5426611,468.216
47.3868658,8.5426611,468.216
47.3868638,8.5426638,468.283
47.3868638,8.5426638,468.283
47.3868621,8.5426667,468.131
47.3868621,8.5426667,468.131
47.3868604,8.5426693,468.031
47.3868604,8.5426693,468.031
47.3868588,8.5426709,467.911
47.3868588,8.5426709,467.911
47.3868568,8.5426727,467.791
47.3868568,8.5426727,467.791
47.3868546,8.5426759,467.852
47.3868546,8.5426759,467.852
47.3868524,8.5426785,467.87
47.3868524,8.5426785,467.87
47.3868508,8.5426804,467.88
47.3868508,8.5426804,467.88
47.386849,8.542683,467.751
47.386849,8.542683,467.751
47.3868482,8.5426848,467.568
47.3868482,8.5426848,467.568
47.3868465,8.5426871,467.65
47.3868465,8.5426871,467.65
47.3868449,8.5426893,467.684
47.3868449,8.5426893,467.684
47.386843,8.5426913,467.799
47.386843,8.5426913,467.799
47.3868413,8.5426939,467.795
47.3868413,8.5426939,467.795
47.38684,8.5426953,467.834
47.38684,8.5426953,467.834
47.3868389,8.5426973,467.877
47.3868389,8.5426973,467.877
47.3868382,8.5426998,467.865
47.3868382,8.5426998,467.865
47.3868365,8.542703,468.1
47.3868365,8.542703,468.1
47.386835,8.542706,468.312
47.386835,8.542706,468.312
47.3868339,8.542709,468.396
47.3868339,8.542709,468.396
47.3868333,8.5427112,468.346
47.3868333,8.5427112,468.346
47.3868338,8.5427124,467.988
47.3868338,8.5427124,467.988
47.3868326,8.5427141,468.129
47.3868326,8.5427141,468.129
47.3868319,8.5427161,468.258
47.3868319,8.5427161,468.258
47.3868314,8.5427174,468.278
47.3868314,8.5427174,468.278
47.3868319,8.5427197,468.121
47.3868319,8.5427197,468.121
47.3868322,8.5427212,467.993
47.3868322,8.5427212,467.993
47.3868321,8.5427221,467.828
47.3868321,8.5427221,467.828
47.3868319,8.5427228,467.831
47.3868319,8.5427228,467.831
47.3868316,8.5427237,467.644
47.3868316,8.5427237,467.644
47.3868302,8.5427257,467.774
47.3868302,8.5427257,467.774
47.3868295,8.5427264,467.687
47.3868295,8.5427264,467.687
47.3868287,8.5427276,467.638
47.3868287,8.5427276,467.638
47.3868281,8.5427292,467.61
47.3868281,8.5427292,467.61
47.3868278,8.5427294,467.388
47.3868278,8.5427294,467.388
47.3868268,8.5427307,467.435
47.3868268,8.5427307,467.435
47.3868248,8.5427328,467.562
47.3868248,8.5427328,467.562
47.3868233,8.5427341,467.422
47.3868233,8.5427341,467.422
47.3868212,8.5427362,467.439
47.3868212,8.5427362,467.439
47.386819,8.5427378,467.409
47.386819,8.5427378,467.409
47.3868163,8.5427393,467.489
47.3868163,8.5427393,467.489
47.386815,8.5427403,467.326
47.386815,8.5427403,467.326
47.3868138,8.5427409,467.13
47.3868138,8.5427409,467.13
47.3868119,8.5427423,467.103
47.3868119,8.5427423,467.103
47.3868097,8.542744,467.123
47.3868097,8.542744,467.123
47.3868079,8.5427457,467.174
47.3868079,8.5427457,467.174
47.3868059,8.5427472,467.117
47.3868059,8.5427472,467.117
47.3868036,8.5427488,467.162
47.3868036,8.5427488,467.162
47.3868017,8.5427506,467.214
47.3868017,8.5427506,467.214
47.3868002,8.5427522,467.121
47.3868002,8.5427522,467.121
47.3867985,8.5427535,466.955
47.3867985,8.5427535,466.955
47.3867968,8.5427548,466.882
47.3867968,8.5427548,466.882
47.3867956,8.5427563,466.813
47.3867956,8.5427563,466.813
47.3867944,8.5427574,466.768
47.3867944,8.5427574,466.768
47.3867926,8.5427583,466.759
47.3867926,8.5427583,466.759
47.3867909,8.5427596,466.848
47.3867909,8.5427596,466.848
47.3867899,8.5427612,466.599
47.3867899,8.5427612,466.599
47.3867894,8.5427636,466.714
47.3867894,8.5427636,466.714
47.3867879,8.5427653,466.712
47.3867879,8.5427653,466.712
47.3867875,8.5427677,466.609
47.3867875,8.5427677,466.609
47.386786,8.5427692,466.606
47.386786,8.5427692,466.606
47.3867846,8.542771,466.761
47.3867846,8.542771,466.761
47.3867837,8.5427728,466.788
47.3867837,8.5427728,466.788
47.3867829,8.5427745,466.834
47.3867829,8.5427745,466.834
47.3867813,8.5427758,466.937
47.3867813,8.5427758,466.937
47.3867798,8.5427769,467.087
47.3867798,8.5427769,467.087
47.3867788,8.5427775,467.12
47.3867788,8.5427775,467.12
47.3867778,8.5427781,466.985
47.3867778,8.5427781,466.985
47.3867759,8.5427783,466.872
47.3867759,8.5427783,466.872
47.3867741,8.542779,466.872
47.3867741,8.542779,466.872
47.3867724,8.5427801,466.926
47.3867724,8.5427801,466.926
47.3867707,8.5427815,466.912
47.3867707,8.5427815,466.912
47.3867684,8.542783,467.046
47.3867684,8.542783,467.046
47.3867668,8.5427845,467.177
47.3867668,8.5427845,467.177
47.3867646,8.5427856,467.014
47.3867646,8.5427856,467.014
47.3867627,8.5427868,466.962
47.3867627,8.5427868,466.962
47.3867611,8.5427884,466.964
47.3867611,8.5427884,466.964
47.3867595,8.54279,467.007
47.3867595,8.54279,467.007
47.3867571,8.5427907,467.208
47.3867571,8.5427907,467.208
47.3867551,8.5427916,467.232
47.3867551,8.5427916,467.232
47.3867538,8.5427933,467.377
47.3867538,8.5427933,467.377
47.3867523,8.542795,467.516
47.3867523,8.542795,467.516
47.3867508,8.5427963,467.447
47.3867508,8.5427963,467.447
47.3867483,8.5427969,467.6
47.3867483,8.5427969,467.6
47.3867467,8.5427977,467.435
47.3867467,8.5427977,467.435
47.386745,8.5427988,467.376
47.386745,8.5427988,467.376
47.3867425,8.5427999,467.729
47.3867425,8.5427999,467.729
47.3867407,8.5428017,467.762
47.3867407,8.5428017,467.762
47.3867385,8.5428029,467.994
47.3867385,8.5428029,467.994
47.3867362,8.5428042,468.157
47.3867362,8.5428042,468.157
47.3867339,8.5428054,468.254
47.3867339,8.5428054,468.254
47.3867307,8.5428058,468.306
47.3867307,8.5428058,468.306
47.3867278,8.5428065,468.332
47.3867278,8.5428065,468.332
47.3867256,8.542807,468.541
47.3867256,8.542807,468.541
47.3867241,8.542808,468.574
47.3867241,8.542808,468.574
47.3867227,8.5428093,468.568
47.3867227,8.5428093,468.568
47.3867213,8.5428105,468.514
47.3867213,8.5428105,468.514
47.38672,8.5428114,468.524
47.38672,8.5428114,468.524
47.3867184,8.5428126,468.321
47.3867184,8.5428126,468.321
47.3867171,8.5428145,468.264
47.3867171,8.5428145,468.264
47.3867155,8.5428162,468.565
47.3867155,8.5428162,468.565
47.3867143,8.5428181,468.657
47.3867143,8.5428181,468.657
47.386713,8.5428202,468.867
47.386713,8.5428202,468.867
47.3867119,8.5428221,468.863
47.3867119,8.5428221,468.863
47.3867105,8.5428235,468.841
47.3867105,8.5428235,468.841
47.3867087,8.542825,468.87
47.3867087,8.542825,468.87
47.3867065,8.5428261,468.902
47.3867065,8.5428261,468.902
47.3867043,8.5428268,469.013
47.3867043,8.5428268,469.013
47.3867026,8.5428279,469.127
47.3867026,8.5428279,469.127
47.3867006,8.5428291,469.276
47.3867006,8.5428291,469.276
47.3866982,8.5428299,469.386
47.3866982,8.5428299,469.386
47.3866951,8.5428297,469.622
47.3866951,8.5428297,469.622
47.3866929,8.5428308,469.857
47.3866929,8.5428308,469.857
47.3866908,8.5428321,470.116
47.3866908,8.5428321,470.116
47.3866892,8.5428335,470.277
47.3866892,8.5428335,470.277
47.3866874,8.5428345,470.57
47.3866874,8.5428345,470.57
47.3866856,8.5428354,470.716
47.3866856,8.5428354,470.716
47.386684,8.5428367,470.891
47.386684,8.5428367,470.891
47.386682,8.5428375,471.104
47.386682,8.5428375,471.104
47.3866802,8.5428384,471.225
47.3866802,8.5428384,471.225
47.3866783,8.5428395,471.347
47.3866783,8.5428395,471.347
47.3866766,8.5428417,471.525
47.3866766,8.5428417,471.525
47.386675,8.5428436,471.524
47.386675,8.5428436,471.524
47.3866733,8.5428452,471.586
47.3866733,8.5428452,471.586
47.3866717,8.5428461,471.559
47.3866717,8.5428461,471.559
47.3866702,8.5428468,471.526
47.3866702,8.5428468,471.526
47.3866688,8.5428479,471.669
47.3866688,8.5428479,471.669
47.386668,8.5428493,471.639
47.386668,8.5428493,471.639
47.386667,8.5428509,471.893
47.386667,8.5428509,471.893
47.3866656,8.5428522,471.958
47.3866656,8.5428522,471.958
47.3866645,8.5428536,472.029
47.3866645,8.5428536,472.029
47.3866633,8.5428553,472.082
47.3866633,8.5428553,472.082
47.3866622,8.542857,472.192
47.3866622,8.542857,472.192
47.386661,8.5428582,472.391
47.386661,8.5428582,472.391
47.3866596,8.5428593,472.537
47.3866596,8.5428593,472.537
47.3866583,8.5428608,472.685
47.3866583,8.5428608,472.685
47.3866569,8.542862,472.772
47.3866569,8.542862,472.772
47.3866554,8.5428633,472.794
47.3866554,8.5428633,472.794
47.3866535,8.5428642,472.95
47.3866535,8.5428642,472.95
47.3866518,8.5428649,473.172
47.3866518,8.5428649,473.172
47.3866506,8.5428659,473.022
47.3866506,8.5428659,473.022
47.386649,8.5428667,472.958
47.386649,8.5428667,472.958
47.3866473,8.5428673,473.003
47.3866473,8.5428673,473.003
47.3866458,8.5428682,472.962
47.3866458,8.5428682,472.962
47.3866443,8.5428692,472.978
47.3866443,8.5428692,472.978
47.3866427,8.54287,473.112
47.3866427,8.54287,473.112
47.3866414,8.5428711,473.071
47.3866414,8.5428711,473.071
47.3866402,8.5428724,473.119
47.3866402,8.5428724,473.119
47.3866388,8.5428738,473.142
47.3866388,8.5428738,473.142
47.3866376,8.5428753,473.103
47.3866376,8.5428753,473.103
47.3866362,8.5428763,473.123
47.3866362,8.5428763,473.123
47.386635,8.5428772,473.209
47.386635,8.5428772,473.209
47.3866336,8.5428783,473.366
47.3866336,8.5428783,473.366
47.3866325,8.5428794,473.387
47.3866325,8.5428794,473.387
47.3866313,8.5428803,473.432
47.3866313,8.5428803,473.432
47.3866301,8.5428816,473.419
47.3866301,8.5428816,473.419
47.3866285,8.5428826,473.534
47.3866285,8.5428826,473.534
47.3866272,8.5428839,473.413
47.3866272,8.5428839,473.413
47.3866258,8.542885,473.593
47.3866258,8.542885,473.593
47.3866248,8.542886,473.524
47.3866248,8.542886,473.524
47.3866236,8.5428866,473.499
47.3866236,8.5428866,473.499
47.3866223,8.542887,473.437
47.3866223,8.542887,473.437
47.3866213,8.5428876,473.317
47.3866213,8.5428876,473.317
47.3866199,8.5428881,473.261
47.3866199,8.5428881,473.261
47.3866183,8.5428881,473.3
47.3866183,8.5428881,473.3
47.3866167,8.5428882,473.403
47.3866167,8.5428882,473.403
47.3866148,8.5428884,473.387
47.3866148,8.5428884,473.387
47.3866131,8.5428887,473.237
47.3866131,8.5428887,473.237
47.3866112,8.5428888,473.271
47.3866112,8.5428888,473.271
47.3866097,8.542889,473.26
47.3866097,8.542889,473.26
47.3866085,8.5428894,473.107
47.3866085,8.5428894,473.107
47.3866069,8.5428893,473.147
47.3866069,8.5428893,473.147
47.3866054,8.5428894,473.04
47.3866054,8.5428894,473.04
47.3866044,8.54289,473.041
47.3866044,8.54289,473.041
47.386603,8.5428905,473.098
47.386603,8.5428905,473.098
47.3866018,8.5428907,473.078
47.3866018,8.5428907,473.078
47.3866001,8.5428905,473.023
47.3866001,8.5428905,473.023
47.3865982,8.5428901,473.071
47.3865982,8.5428901,473.071
47.3865967,8.5428902,473.171
47.3865967,8.5428902,473.171
47.3865954,8.5428904,473.16
47.3865954,8.5428904,473.16
47.3865938,8.5428905,473.347
47.3865938,8.5428905,473.347
47.3865923,8.5428906,473.374
47.3865923,8.5428906,473.374
47.3865913,8.5428907,473.345
47.3865913,8.5428907,473.345
47.3865904,8.5428908,473.269
47.3865904,8.5428908,473.269
47.3865893,8.5428911,473.217
47.3865893,8.5428911,473.217
47.3865887,8.5428913,473.235
47.3865887,8.5428913,473.235
47.3865882,8.5428914,473.232
47.3865882,8.5428914,473.232
47.3865878,8.5428916,473.262
47.3865878,8.5428916,473.262
47.3865871,8.5428919,473.188
47.3865871,8.5428919,473.188
47.3865864,8.5428924,473.121
47.3865864,8.5428924,473.121
47.3865856,8.5428929,473.116
47.3865856,8.5428929,473.116
47.3865849,8.5428938,472.893
47.3865849,8.5428938,472.893
47.3865842,8.5428938,472.895
47.3865842,8.5428938,472.895
47.3865836,8.5428939,472.901
47.3865836,8.5428939,472.901
47.3865833,8.5428943,472.865
47.3865833,8.5428943,472.865
47.3865833,8.5428948,472.749
47.3865833,8.5428948,472.749
47.3865828,8.5428947,472.884
47.3865828,8.5428947,472.884
47.3865825,8.5428946,472.891
47.3865825,8.5428946,472.891
47.3865823,8.5428948,472.916
47.3865823,8.5428948,472.916
47.3865822,8.5428956,472.868
47.3865822,8.5428956,472.868
47.3865819,8.5428961,472.971
47.3865819,8.5428961,472.971
47.3865807,8.5428957,473.233
47.3865807,8.5428957,473.233
47.3865804,8.5428962,473.285
47.3865804,8.5428962,473.285
47.3865805,8.542897,473.218
47.3865805,8.542897,473.218
47.3865806,8.5428978,473.33
47.3865806,8.5428978,473.33
47.3865808,8.5428988,473.122
47.3865808,8.5428988,473.122
47.3865801,8.5428992,473.107
47.3865801,8.5428992,473.107
47.3865799,8.5429002,472.966
47.3865799,8.5429002,472.966
47.38658,8.5429014,472.802
47.38658,8.5429014,472.802
47.3865802,8.5429026,472.639
47.3865802,8.5429026,472.639
47.3865805,8.5429037,472.465
47.3865805,8.5429037,472.465
47.3865805,8.5429049,472.308
47.3865805,8.5429049,472.308
47.38658,8.5429058,472.156
47.38658,8.5429058,472.156
47.3865794,8.5429067,472.011
47.3865794,8.5429067,472.011
47.386579,8.5429079,471.906
47.386579,8.5429079,471.906
47.3865786,8.5429091,471.774
47.3865786,8.5429091,471.774
47.386578,8.5429098,471.76
47.386578,8.5429098,471.76
47.3865774,8.5429103,471.688
47.3865774,8.5429103,471.688
47.3865767,8.5429109,471.56
47.3865767,8.5429109,471.56
47.3865761,8.5429117,471.387
47.3865761,8.5429117,471.387
47.3865753,8.5429131,471.082
47.3865753,8.5429131,471.082
47.3865746,8.5429148,470.952
47.3865746,8.5429148,470.952
47.3865737,8.5429165,470.837
47.3865737,8.5429165,470.837
47.3865728,8.542918,470.844
47.3865728,8.542918,470.844
47.386572,8.5429194,470.776
47.386572,8.5429194,470.776
47.3865714,8.5429204,470.836
47.3865714,8.5429204,470.836
47.3865708,8.5429214,470.779
47.3865708,8.5429214,470.779
47.3865702,8.5429227,470.674
47.3865702,8.5429227,470.674
47.3865695,8.5429241,470.583
47.3865695,8.5429241,470.583
47.3865687,8.5429252,470.512
47.3865687,8.5429252,470.512
47.3865677,8.5429261,470.261
47.3865677,8.5429261,470.261
47.386567,8.542927,470.215
47.386567,8.542927,470.215
47.3865662,8.5429278,470.162
47.3865662,8.5429278,470.162
47.3865641,8.5429272,470.416
47.3865641,8.5429272,470.416
47.3865619,8.5429264,470.474
47.3865619,8.5429264,470.474
47.3865612,8.5429266,470.315
47.3865612,8.5429266,470.315
47.3865603,8.5429271,470.284
47.3865603,8.5429271,470.284
47.3865592,8.5429277,470.217
47.3865592,8.5429277,470.217
47.3865597,8.5429295,470.006
47.3865597,8.5429295,470.006
47.3865595,8.5429307,470.008
47.3865595,8.5429307,470.008
47.3865586,8.5429311,470.088
47.3865586,8.5429311,470.088
47.3865579,8.542932,469.99
47.3865579,8.542932,469.99
47.3865569,8.5429328,470.068
47.3865569,8.5429328,470.068
47.3865559,8.5429336,470.006
47.3865559,8.5429336,470.006
47.3865547,8.5429343,470.078
47.3865547,8.5429343,470.078
47.386554,8.5429355,470.14
47.386554,8.5429355,470.14
47.3865529,8.5429365,470.182
47.3865529,8.5429365,470.182
47.3865522,8.5429374,470.097
47.3865522,8.5429374,470.097
47.386551,8.5429381,470.04
47.386551,8.5429381,470.04
47.38655,8.5429388,470.046
47.38655,8.5429388,470.046
47.3865493,8.5429395,470.001
47.3865493,8.5429395,470.001
47.3865489,8.5429405,469.915
47.3865489,8.5429405,469.915
47.3865485,8.5429415,469.602
47.3865485,8.5429415,469.602
47.386548,8.5429423,469.522
47.386548,8.5429423,469.522
47.3865474,8.5429428,469.403
47.3865474,8.5429428,469.403
47.3865471,8.5429429,469.33
47.3865471,8.5429429,469.33
47.3865466,8.542943,469.245
47.3865466,8.542943,469.245
47.3865462,8.5429435,469.072
47.3865462,8.5429435,469.072
47.3865457,8.5429441,468.863
47.3865457,8.5429441,468.863
47.3865452,8.5429449,468.757
47.3865452,8.5429449,468.757
47.3865447,8.5429457,468.676
47.3865447,8.5429457,468.676
47.386544,8.5429464,468.608
47.386544,8.5429464,468.608
47.3865431,8.5429469,468.483
47.3865431,8.5429469,468.483
47.3865424,8.5429475,468.366
47.3865424,8.5429475,468.366
47.3865414,8.5429477,468.383
47.3865414,8.5429477,468.383
47.3865408,8.5429483,468.495
47.3865408,8.5429483,468.495
47.3865399,8.5429486,468.515
47.3865399,8.5429486,468.515
47.3865389,8.5429487,468.543
47.3865389,8.5429487,468.543
47.3865378,8.542949,468.554
47.3865378,8.542949,468.554
47.3865366,8.5429494,468.585
47.3865366,8.5429494,468.585
47.3865354,8.5429498,468.529
47.3865354,8.5429498,468.529
47.3865338,8.5429501,468.561
47.3865338,8.5429501,468.561
47.3865321,8.5429502,468.703
47.3865321,8.5429502,468.703
47.3865313,8.5429505,468.78
47.3865313,8.5429505,468.78
47.3865303,8.5429507,468.748
47.3865303,8.5429507,468.748
47.3865295,8.5429515,468.565
47.3865295,8.5429515,468.565
47.3865286,8.5429529,468.46
47.3865286,8.5429529,468.46
47.3865277,8.542954,468.376
47.3865277,8.542954,468.376
47.3865268,8.5429548,468.344
47.3865268,8.5429548,468.344
47.3865252,8.542955,468.387
47.3865252,8.542955,468.387
47.3865234,8.5429553,468.491
47.3865234,8.5429553,468.491
47.3865224,8.5429564,468.443
47.3865224,8.5429564,468.443
47.3865217,8.5429577,468.454
47.3865217,8.5429577,468.454
47.3865209,8.542959,468.345
47.3865209,8.542959,468.345
47.3865199,8.5429603,468.175
47.3865199,8.5429603,468.175
47.3865187,8.5429617,468.132
47.3865187,8.5429617,468.132
47.3865171,8.5429627,468.263
47.3865171,8.5429627,468.263
47.3865157,8.542964,468.351
47.3865157,8.542964,468.351
47.3865144,8.5429649,468.668
47.3865144,8.5429649,468.668
47.3865148,8.5429672,468.56
47.3865148,8.5429672,468.56
47.3865141,8.5429688,468.59
47.3865141,8.5429688,468.59
47.3865135,8.5429701,468.497
47.3865135,8.5429701,468.497
47.3865126,8.542971,468.496
47.3865126,8.542971,468.496
47.3865114,8.5429716,468.601
47.3865114,8.5429716,468.601
47.3865106,8.5429722,468.548
47.3865106,8.5429722,468.548
47.3865092,8.5429727,468.793
47.3865092,8.5429727,468.793
47.3865079,8.5429732,468.991
47.3865079,8.5429732,468.991
47.3865064,8.5429735,469.257
47.3865064,8.5429735,469.257
47.386505,8.542974,469.208
47.386505,8.542974,469.208
47.3865038,8.5429745,469.199
47.3865038,8.5429745,469.199
47.3865029,8.5429751,469.159
47.3865029,8.5429751,469.159
47.3865022,8.5429758,469.111
47.3865022,8.5429758,469.111
47.3865014,8.5429768,468.9
47.3865014,8.5429768,468.9
47.3865,8.5429771,468.904
47.3865,8.5429771,468.904
47.3864991,8.5429775,469.018
47.3864991,8.5429775,469.018
47.3864983,8.5429781,469.077
47.3864983,8.5429781,469.077
47.3864981,8.5429791,469.105
47.3864981,8.5429791,469.105
47.3864972,8.5429795,469.182
47.3864972,8.5429795,469.182
47.386497,8.5429808,468.945
47.386497,8.5429808,468.945
47.386496,8.5429814,468.875
47.386496,8.5429814,468.875
47.3864955,8.5429826,468.971
47.3864955,8.5429826,468.971
47.3864949,8.5429836,468.783
47.3864949,8.5429836,468.783
47.3864942,8.5429847,468.697
47.3864942,8.5429847,468.697
47.3864932,8.5429856,468.585
47.3864932,8.5429856,468.585
47.3864921,8.5429864,468.589
47.3864921,8.5429864,468.589
47.386491,8.5429872,468.548
47.386491,8.5429872,468.548
47.3864897,8.5429883,468.436
47.3864897,8.5429883,468.436
47.3864891,8.5429897,468.367
47.3864891,8.5429897,468.367
47.3864878,8.5429906,468.562
47.3864878,8.5429906,468.562
47.3864861,8.5429912,468.717
47.3864861,8.5429912,468.717
47.3864845,8.542992,468.756
47.3864845,8.542992,468.756
47.3864832,8.5429929,468.917
47.3864832,8.5429929,468.917
47.386482,8.5429941,468.977
47.386482,8.5429941,468.977
47.3864811,8.5429952,468.896
47.3864811,8.5429952,468.896
47.3864802,8.5429961,468.967
47.3864802,8.5429961,468.967
47.3864789,8.5429967,469.052
47.3864789,8.5429967,469.052
47.3864773,8.5429973,469.08
47.3864773,8.5429973,469.08
47.386476,8.5429983,469.005
47.386476,8.5429983,469.005
47.386475,8.5429992,469.011
47.386475,8.5429992,469.011
47.3864742,8.5430004,468.965
47.3864742,8.5430004,468.965
47.3864717,8.5430001,469.05
47.3864717,8.5430001,469.05
47.3864698,8.5430003,469.016
47.3864698,8.5430003,469.016
47.3864678,8.5430006,469.044
47.3864678,8.5430006,469.044
47.3864662,8.543001,468.946
47.3864662,8.543001,468.946
47.386465,8.5430016,468.82
47.386465,8.5430016,468.82
47.3864634,8.543002,468.835
47.3864634,8.543002,468.835
47.3864616,8.543002,468.862
47.3864616,8.543002,468.862
47.3864604,8.5430023,468.853
47.3864604,8.5430023,468.853
47.3864597,8.5430036,468.763
47.3864597,8.5430036,468.763
47.3864585,8.5430047,468.772
47.3864585,8.5430047,468.772
47.3864572,8.5430057,468.631
47.3864572,8.5430057,468.631
47.3864551,8.5430066,468.725
47.3864551,8.5430066,468.725
47.3864532,8.5430076,468.902
47.3864532,8.5430076,468.902
47.3864519,8.5430091,468.953
47.3864519,8.5430091,468.953
47.3864508,8.5430111,468.951
47.3864508,8.5430111,468.951
47.386449,8.5430126,469.019
47.386449,8.5430126,469.019
47.3864467,8.5430143,468.945
47.3864467,8.5430143,468.945
47.3864446,8.5430157,469.035
47.3864446,8.5430157,469.035
47.3864427,8.543017,469.142
47.3864427,8.543017,469.142
47.3864407,8.5430185,469.229
47.3864407,8.5430185,469.229
47.3864385,8.5430201,469.381
47.3864385,8.5430201,469.381
47.3864367,8.5430219,469.373
47.3864367,8.5430219,469.373
47.386435,8.5430248,469.42
47.386435,8.5430248,469.42
47.386433,8.5430273,469.427
47.386433,8.5430273,469.427
47.3864315,8.5430299,469.466
47.3864315,8.5430299,469.466
47.3864297,8.543032,469.665
47.3864297,8.543032,469.665
47.386428,8.5430341,469.698
47.386428,8.5430341,469.698
47.386426,8.5430358,469.873
47.386426,8.5430358,469.873
47.3864241,8.5430376,469.857
47.3864241,8.5430376,469.857
47.3864217,8.5430396,470.03
47.3864217,8.5430396,470.03
47.3864191,8.5430416,470.159
47.3864191,8.5430416,470.159
47.3864168,8.5430437,470.222
47.3864168,8.5430437,470.222
47.3864141,8.5430448,470.403
47.3864141,8.5430448,470.403
47.3864102,8.5430447,470.681
47.3864102,8.5430447,470.681
47.3864064,8.5430447,470.773
47.3864064,8.5430447,470.773
47.3864037,8.5430457,470.794
47.3864037,8.5430457,470.794
47.3864011,8.5430469,470.834
47.3864011,8.5430469,470.834
47.3863989,8.543048,470.809
47.3863989,8.543048,470.809
47.3863967,8.5430488,470.954
47.3863967,8.5430488,470.954
47.3863943,8.5430499,470.963
47.3863943,8.5430499,470.963
47.3863914,8.5430509,471.139
47.3863914,8.5430509,471.139
47.3863887,8.543052,471.165
47.3863887,8.543052,471.165
47.3863867,8.5430536,471.207
47.3863867,8.5430536,471.207
47.3863852,8.5430552,471.429
47.3863852,8.5430552,471.429
47.3863839,8.5430571,471.458
47.3863839,8.5430571,471.458
47.3863826,8.543059,471.445
47.3863826,8.543059,471.445
47.3863804,8.5430601,471.582
47.3863804,8.5430601,471.582
47.3863788,8.5430614,471.657
47.3863788,8.5430614,471.657
47.3863773,8.5430631,471.561
47.3863773,8.5430631,471.561
47.3863751,8.5430642,471.726
47.3863751,8.5430642,471.726
47.3863728,8.5430652,471.778
47.3863728,8.5430652,471.778
47.3863705,8.5430663,471.872
47.3863705,8.5430663,471.872
47.386369,8.543068,471.788
47.386369,8.543068,471.788
47.3863673,8.5430695,471.912
47.3863673,8.5430695,471.912
47.3863657,8.5430712,471.994
47.3863657,8.5430712,471.994
47.3863645,8.5430732,471.994
47.3863645,8.5430732,471.994
47.3863631,8.5430749,471.857
47.3863631,8.5430749,471.857
47.3863619,8.5430766,471.85
47.3863619,8.5430766,471.85
47.3863598,8.5430775,471.91
47.3863598,8.5430775,471.91
47.3863575,8.5430783,471.955
47.3863575,8.5430783,471.955
47.3863562,8.5430801,471.865
47.3863562,8.5430801,471.865
47.3863545,8.5430816,471.882
47.3863545,8.5430816,471.882
47.3863526,8.5430827,471.946
47.3863526,8.5430827,471.946
47.3863511,8.5430839,471.883
47.3863511,8.5430839,471.883
47.3863498,8.5430854,471.607
47.3863498,8.5430854,471.607
47.3863475,8.5430864,471.694
47.3863475,8.5430864,471.694
47.3863469,8.5430886,471.564
47.3863469,8.5430886,471.564
47.3863448,8.5430897,471.598
47.3863448,8.5430897,471.598
47.3863432,8.5430915,471.474
47.3863432,8.5430915,471.474
47.3863416,8.5430933,471.465
47.3863416,8.5430933,471.465
47.3863398,8.5430943,471.305
47.3863398,8.5430943,471.305
47.3863381,8.5430954,471.261
47.3863381,8.5430954,471.261
47.3863362,8.5430968,471.274
47.3863362,8.5430968,471.274
47.3863342,8.543098,471.228
47.3863342,8.543098,471.228
47.3863321,8.5430991,471.337
47.3863321,8.5430991,471.337
47.3863303,8.5431008,471.271
47.3863303,8.5431008,471.271
47.3863283,8.5431018,471.301
47.3863283,8.5431018,471.301
47.3863262,8.5431029,471.265
47.3863262,8.5431029,471.265
47.386325,8.5431045,471.091
47.386325,8.5431045,471.091
47.3863238,8.5431059,470.749
47.3863238,8.5431059,470.749
47.3863221,8.5431067,470.705
47.3863221,8.5431067,470.705
47.3863208,8.5431079,470.666
47.3863208,8.5431079,470.666
47.3863197,8.5431095,470.558
47.3863197,8.5431095,470.558
47.3863185,8.5431115,470.481
47.3863185,8.5431115,470.481
47.3863177,8.543114,470.418
47.3863177,8.543114,470.418
47.3863168,8.5431161,470.49
47.3863168,8.5431161,470.49
47.3863159,8.5431178,470.43
47.3863159,8.5431178,470.43
47.3863146,8.5431189,470.394
47.3863146,8.5431189,470.394
47.3863133,8.5431202,470.318
47.3863133,8.5431202,470.318
47.3863117,8.5431216,470.292
47.3863117,8.5431216,470.292
47.3863109,8.5431233,470.213
47.3863109,8.5431233,470.213
47.3863099,8.5431247,470.152
47.3863099,8.5431247,470.152
47.3863091,8.5431259,470.139
47.3863091,8.5431259,470.139
47.3863082,8.543127,470.094
47.3863082,8.543127,470.094
47.3863066,8.5431277,470.018
47.3863066,8.5431277,470.018
47.3863052,8.5431278,469.904
47.3863052,8.5431278,469.904
47.3863043,8.5431278,469.768
47.3863043,8.5431278,469.768
47.3863032,8.5431279,469.633
47.3863032,8.5431279,469.633
47.3863032,8.5431279,469.633
47.3863004,8.5431284,469.208
47.3863004,8.5431284,469.208
47.3863004,8.5431284,469.208
47.3862987,8.5431282,469.069
47.3862987,8.5431282,469.069
47.3862971,8.5431281,468.84
47.3862971,8.5431281,468.84
47.3862954,8.543128,468.728
47.3862954,8.543128,468.728
47.3862937,8.543128,468.65
47.3862937,8.543128,468.65
47.3862922,8.5431279,468.315
47.3862922,8.5431279,468.315
47.3862902,8.543128,468.177
47.3862902,8.543128,468.177
47.3862878,8.5431284,468.203
47.3862878,8.5431284,468.203
47.3862857,8.5431287,468.176
47.3862857,8.5431287,468.176
47.3862837,8.5431291,468.191
47.3862837,8.5431291,468.191
47.3862813,8.5431292,468.323
47.3862813,8.5431292,468.323
47.3862794,8.5431294,468.456
47.3862794,8.5431294,468.456
47.3862777,8.5431306,468.345
47.3862777,8.5431306,468.345
47.3862758,8.5431316,468.499
47.3862758,8.5431316,468.499
47.3862744,8.543133,468.479
47.3862744,8.543133,468.479
47.3862729,8.543135,468.53
47.3862729,8.543135,468.53
47.3862721,8.5431358,468.34
47.3862721,8.5431358,468.34
47.3862709,8.5431367,468.444
47.3862709,8.5431367,468.444
47.3862696,8.543138,468.451
47.3862696,8.543138,468.451
47.3862681,8.5431389,468.573
47.3862681,8.5431389,468.573
47.3862662,8.5431405,468.688
47.3862662,8.5431405,468.688
47.3862639,8.5431428,468.831
47.3862639,8.5431428,468.831
47.3862621,8.5431457,468.866
47.3862621,8.5431457,468.866
47.3862605,8.5431477,469.01
47.3862605,8.5431477,469.01
47.3862589,8.5431499,469.256
47.3862589,8.5431499,469.256
47.3862571,8.5431526,469.463
47.3862571,8.5431526,469.463
47.3862559,8.5431545,469.565
47.3862559,8.5431545,469.565
47.3862547,8.5431565,469.714
47.3862547,8.5431565,469.714
47.3862532,8.543159,469.784
47.3862532,8.543159,469.784
47.3862509,8.5431615,470.079
47.3862509,8.5431615,470.079
47.3862491,8.5431642,470.174
47.3862491,8.5431642,470.174
47.3862476,8.5431664,470.295
47.3862476,8.5431664,470.295
47.3862458,8.543169,470.642
47.3862458,8.543169,470.642
47.3862435,8.5431722,471.099
47.3862435,8.5431722,471.099
47.3862424,8.5431738,471.193
47.3862424,8.5431738,471.193
47.3862406,8.5431764,471.527
47.3862406,8.5431764,471.527
47.3862396,8.5431788,471.418
47.3862396,8.5431788,471.418
47.3862375,8.5431805,471.64
47.3862375,8.5431805,471.64
47.3862355,8.5431825,471.702
47.3862355,8.5431825,471.702
47.3862335,8.5431844,471.772
47.3862335,8.5431844,471.772
47.386232,8.5431864,471.883
47.386232,8.5431864,471.883
47.3862307,8.5431885,471.811
47.3862307,8.5431885,471.811
47.3862296,8.54319,471.745
47.3862296,8.54319,471.745
47.3862282,8.5431911,471.662
47.3862282,8.5431911,471.662
47.3862265,8.5431922,471.613
47.3862265,8.5431922,471.613
47.3862254,8.5431937,471.609
47.3862254,8.5431937,471.609
47.3862242,8.5431953,471.657
47.3862242,8.5431953,471.657
47.3862229,8.5431965,471.622
47.3862229,8.5431965,471.622
47.3862218,8.5431979,471.677
47.3862218,8.5431979,471.677
47.3862207,8.5431991,471.736
47.3862207,8.5431991,471.736
47.3862195,8.5432003,471.864
47.3862195,8.5432003,471.864
47.3862182,8.5432015,471.82
47.3862182,8.5432015,471.82
47.3862171,8.5432029,471.597
47.3862171,8.5432029,471.597
47.3862157,8.5432047,471.64
47.3862157,8.5432047,471.64
47.3862144,8.5432063,471.648
47.3862144,8.5432063,471.648
47.386213,8.5432077,471.67
47.386213,8.5432077,471.67
47.386212,8.5432092,471.41
47.386212,8.5432092,471.41
47.3862111,8.543211,471.33
47.3862111,8.543211,471.33
47.3862099,8.5432125,471.434
47.3862099,8.5432125,471.434
47.3862089,8.5432137,471.523
47.3862089,8.5432137,471.523
47.3862077,8.5432151,471.716
47.3862077,8.5432151,471.716
47.3862068,8.5432166,471.698
47.3862068,8.5432166,471.698
47.3862058,8.5432178,471.75
47.3862058,8.5432178,471.75
47.3862043,8.5432189,471.973
47.3862043,8.5432189,471.973
47.3862034,8.5432201,471.899
47.3862034,8.5432201,471.899
47.3862021,8.5432213,471.931
47.3862021,8.5432213,471.931
47.3862001,8.5432223,472.079
47.3862001,8.5432223,472.079
47.3861985,8.5432239,472.075
47.3861985,8.5432239,472.075
47.3861972,8.5432255,471.918
47.3861972,8.5432255,471.918
47.3861956,8.5432269,472.0
47.3861956,8.5432269,472.0
47.3861942,8.5432283,471.995
47.3861942,8.5432283,471.995
47.3861926,8.5432293,472.137
47.3861926,8.5432293,472.137
47.3861908,8.5432306,472.263
47.3861908,8.5432306,472.263
47.3861891,8.5432315,472.417
47.3861891,8.5432315,472.417
47.3861878,8.5432326,472.364
47.3861878,8.5432326,472.364
47.386187,8.5432336,472.525
47.386187,8.5432336,472.525
47.3861863,8.5432348,472.804
47.3861863,8.5432348,472.804
47.3861855,8.5432363,472.742
47.3861855,8.5432363,472.742
47.3861844,8.5432378,472.762
47.3861844,8.5432378,472.762
47.3861837,8.5432393,472.699
47.3861837,8.5432393,472.699
47.3861831,8.5432406,472.758
47.3861831,8.5432406,472.758
47.3861821,8.543242,472.658
47.3861821,8.543242,472.658
47.3861809,8.5432436,472.467
47.3861809,8.5432436,472.467
47.3861801,8.5432455,472.361
47.3861801,8.5432455,472.361
47.3861797,8.5432474,472.342
47.3861797,8.5432474,472.342
47.386179,8.5432491,472.209
47.386179,8.5432491,472.209
47.3861779,8.5432506,472.208
47.3861779,8.5432506,472.208
47.3861767,8.5432516,472.133
47.3861767,8.5432516,472.133
47.386176,8.5432531,471.839
47.386176,8.5432531,471.839
47.386175,8.5432542,471.892
47.386175,8.5432542,471.892
47.3861742,8.5432556,471.802
47.3861742,8.5432556,471.802
47.3861735,8.5432571,471.863
47.3861735,8.5432571,471.863
47.3861729,8.5432589,471.784
47.3861729,8.5432589,471.784
47.3861722,8.5432611,471.576
47.3861722,8.5432611,471.576
47.3861714,8.5432634,471.481
47.3861714,8.5432634,471.481
47.3861704,8.5432653,471.4
47.3861704,8.5432653,471.4
47.3861691,8.543267,471.504
47.3861691,8.543267,471.504
47.3861682,8.5432685,471.529
47.3861682,8.5432685,471.529
47.3861671,8.5432703,471.654
47.3861671,8.5432703,471.654
47.3861656,8.5432716,471.647
47.3861656,8.5432716,471.647
47.3861641,8.5432728,471.616
47.3861641,8.5432728,471.616
47.3861626,8.543274,471.674
47.3861626,8.543274,471.674
47.3861613,8.5432757,471.485
47.3861613,8.5432757,471.485
47.3861595,8.5432771,471.563
47.3861595,8.5432771,471.563
47.3861582,8.5432789,471.505
47.3861582,8.5432789,471.505
47.3861562,8.5432803,471.621
47.3861562,8.5432803,471.621
47.3861549,8.5432821,471.546
47.3861549,8.5432821,471.546
47.3861531,8.5432837,471.639
47.3861531,8.5432837,471.639
47.3861516,8.5432855,471.575
47.3861516,8.5432855,471.575
47.3861498,8.543287,471.633
47.3861498,8.543287,471.633
47.3861485,8.5432885,471.597
47.3861485,8.5432885,471.597
47.3861472,8.5432901,471.529
47.3861472,8.5432901,471.529
47.3861458,8.5432916,471.566
47.3861458,8.5432916,471.566
47.3861447,8.5432936,471.379
47.3861447,8.5432936,471.379
47.3861431,8.5432957,471.218
47.3861431,8.5432957,471.218
47.3861418,8.5432976,471.181
47.3861418,8.5432976,471.181
47.3861405,8.5432992,471.154
47.3861405,8.5432992,471.154
47.3861389,8.5433009,471.057
47.3861389,8.5433009,471.057
47.3861374,8.5433029,470.963
47.3861374,8.5433029,470.963
47.3861358,8.5433047,470.865
47.3861358,8.5433047,470.865
47.3861335,8.5433061,470.907
47.3861335,8.5433061,470.907
47.3861319,8.5433078,470.931
47.3861319,8.5433078,470.931
47.3861303,8.543309,471.152
47.3861303,8.543309,471.152
47.3861282,8.5433102,471.239
47.3861282,8.5433102,471.239
47.3861265,8.5433119,470.949
47.3861265,8.5433119,470.949
47.3861247,8.5433136,470.865
47.3861247,8.5433136,470.865
47.3861222,8.5433146,471.01
47.3861222,8.5433146,471.01
47.3861197,8.5433157,471.098
47.3861197,8.5433157,471.098
47.3861172,8.543317,471.048
47.3861172,8.543317,471.048
47.3861149,8.5433179,471.13
47.3861149,8.5433179,471.13
47.3861129,8.5433188,471.085
47.3861129,8.5433188,471.085
47.3861107,8.54332,471.219
47.3861107,8.54332,471.219
47.3861084,8.5433209,471.273
47.3861084,8.5433209,471.273
47.3861065,8.5433221,471.129
47.3861065,8.5433221,471.129
47.3861046,8.5433236,470.967
47.3861046,8.5433236,470.967
47.3861024,8.5433251,470.818
47.3861024,8.5433251,470.818
47.3861001,8.5433265,470.739
47.3861001,8.5433265,470.739
47.3860974,8.5433274,470.56
47.3860974,8.5433274,470.56
47.3860955,8.543329,470.493
47.3860955,8.543329,470.493
47.3860934,8.5433302,470.459
47.3860934,8.5433302,470.459
47.3860913,8.5433312,470.417
47.3860913,8.5433312,470.417
47.3860888,8.5433322,470.229
47.3860888,8.5433322,470.229
47.3860872,8.5433339,470.139
47.3860872,8.5433339,470.139
47.3860858,8.5433359,470.011
47.3860858,8.5433359,470.011
47.3860832,8.5433368,470.158
47.3860832,8.5433368,470.158
47.3860813,8.5433381,470.125
47.3860813,8.5433381,470.125
47.3860788,8.543339,470.248
47.3860788,8.543339,470.248
47.3860768,8.5433403,470.301
47.3860768,8.5433403,470.301
47.3860748,8.5433416,470.221
47.3860748,8.5433416,470.221
47.3860734,8.5433437,470.009
47.3860734,8.5433437,470.009
47.3860722,8.5433457,469.898
47.3860722,8.5433457,469.898
47.3860699,8.5433468,469.94
47.3860699,8.5433468,469.94
47.3860681,8.5433479,469.969
47.3860681,8.5433479,469.969
47.3860657,8.5433486,470.026
47.3860657,8.5433486,470.026
47.3860639,8.5433499,469.893
47.3860639,8.5433499,469.893
47.3860619,8.5433513,470.029
47.3860619,8.5433513,470.029
47.3860602,8.5433526,469.96
47.3860602,8.5433526,469.96
47.3860587,8.5433531,469.839
47.3860587,8.5433531,469.839
47.3860572,8.543354,469.696
47.3860572,8.543354,469.696
47.3860555,8.5433551,469.887
47.3860555,8.5433551,469.887
47.3860545,8.5433563,469.705
47.3860545,8.5433563,469.705
47.3860535,8.5433574,469.529
47.3860535,8.5433574,469.529
47.3860527,8.5433594,469.322
47.3860527,8.5433594,469.322
47.3860525,8.5433616,469.096
47.3860525,8.5433616,469.096
47.3860511,8.5433629,469.041
47.3860511,8.5433629,469.041
47.3860507,8.5433651,468.836
47.3860507,8.5433651,468.836
47.386049,8.5433665,468.895
47.386049,8.5433665,468.895
47.3860464,8.5433673,468.988
47.3860464,8.5433673,468.988
47.3860448,8.5433684,468.899
47.3860448,8.5433684,468.899
47.3860434,8.5433698,468.906
47.3860434,8.5433698,468.906
47.3860411,8.5433707,468.937
47.3860411,8.5433707,468.937
47.3860392,8.543372,468.861
47.3860392,8.543372,468.861
47.3860376,8.5433736,468.704
47.3860376,8.5433736,468.704
47.3860362,8.543375,468.682
47.3860362,8.543375,468.682
47.3860344,8.5433763,468.729
47.3860344,8.5433763,468.729
47.386033,8.5433781,468.52
47.386033,8.5433781,468.52
47.3860315,8.5433803,468.353
47.3860315,8.5433803,468.353
47.3860296,8.543382,468.255
47.3860296,8.543382,468.255
47.386028,8.5433837,468.217
47.386028,8.5433837,468.217
47.386026,8.543385,468.151
47.386026,8.543385,468.151
47.3860243,8.5433863,468.053
47.3860243,8.5433863,468.053
47.3860222,8.5433875,467.955
47.3860222,8.5433875,467.955
47.3860198,8.5433888,467.934
47.3860198,8.5433888,467.934
47.3860182,8.5433904,467.637
47.3860182,8.5433904,467.637
47.3860163,8.5433916,467.545
47.3860163,8.5433916,467.545
47.3860147,8.543393,467.575
47.3860147,8.543393,467.575
47.3860132,8.5433944,467.596
47.3860132,8.5433944,467.596
47.3860117,8.5433954,467.6
47.3860117,8.5433954,467.6
47.3860104,8.543397,467.434
47.3860104,8.543397,467.434
47.3860089,8.5433989,467.21
47.3860089,8.5433989,467.21
47.3860073,8.5434004,467.124
47.3860073,8.5434004,467.124
47.3860053,8.5434013,466.951
47.3860053,8.5434013,466.951
47.3860035,8.5434024,466.782
47.3860035,8.5434024,466.782
47.3860026,8.5434041,466.522
47.3860026,8.5434041,466.522
47.3860022,8.5434064,466.315
47.3860022,8.5434064,466.315
47.386001,8.5434085,466.146
47.386001,8.5434085,466.146
47.3860001,8.5434108,466.032
47.3860001,8.5434108,466.032
47.3859993,8.5434127,465.936
47.3859993,8.5434127,465.936
47.3859991,8.5434153,465.669
47.3859991,8.5434153,465.669
47.3859982,8.5434175,465.391
47.3859982,8.5434175,465.391
47.3859975,8.5434196,465.32
47.3859975,8.5434196,465.32
47.3859959,8.543421,465.365
47.3859959,8.543421,465.365
47.3859934,8.5434219,465.443
47.3859934,8.5434219,465.443
47.3859908,8.5434227,465.539
47.3859908,8.5434227,465.539
47.3859879,8.5434232,465.493
47.3859879,8.5434232,465.493
47.3859861,8.5434241,465.414
47.3859861,8.5434241,465.414
47.3859839,8.5434245,465.385
47.3859839,8.5434245,465.385
47.385981,8.5434244,465.438
47.385981,8.5434244,465.438
47.3859778,8.5434235,465.494
47.3859778,8.5434235,465.494
47.3859762,8.5434244,465.438
47.3859762,8.5434244,465.438
47.3859751,8.5434262,465.285
47.3859751,8.5434262,465.285
47.3859724,8.5434264,465.369
47.3859724,8.5434264,465.369
47.3859714,8.5434278,465.403
47.3859714,8.5434278,465.403
47.3859699,8.5434286,465.277
47.3859699,8.5434286,465.277
47.385968,8.5434284,465.245
47.385968,8.5434284,465.245
47.3859656,8.5434282,465.253
47.3859656,8.5434282,465.253
47.3859636,8.5434284,465.173
47.3859636,8.5434284,465.173
47.3859622,8.5434287,465.114
47.3859622,8.5434287,465.114
47.3859612,8.5434291,464.95
47.3859612,8.5434291,464.95
47.3859594,8.5434291,464.954
47.3859594,8.5434291,464.954
47.3859583,8.5434303,464.801
47.3859583,8.5434303,464.801
47.3859575,8.5434314,464.657
47.3859575,8.5434314,464.657
47.3859556,8.5434312,464.633
47.3859556,8.5434312,464.633
47.3859538,8.543431,464.571
47.3859538,8.543431,464.571
47.3859508,8.5434296,464.619
47.3859508,8.5434296,464.619
47.3859491,8.5434294,464.611
47.3859491,8.5434294,464.611
47.3859482,8.5434305,464.575
47.3859482,8.5434305,464.575
47.3859461,8.5434307,464.607
47.3859461,8.5434307,464.607
47.3859435,8.5434307,464.724
47.3859435,8.5434307,464.724
47.3859426,8.5434326,464.522
47.3859426,8.5434326,464.522
47.3859407,8.543434,464.587
47.3859407,8.543434,464.587
47.3859388,8.5434348,464.539
47.3859388,8.5434348,464.539
47.3859373,8.5434357,464.463
47.3859373,8.5434357,464.463
47.3859363,8.5434379,464.456
47.3859363,8.5434379,464.456
47.3859357,8.5434399,464.295
47.3859357,8.5434399,464.295
47.3859349,8.5434414,464.16
47.3859349,8.5434414,464.16
47.3859326,8.5434417,464.091
47.3859326,8.5434417,464.091
47.3859314,8.5434433,463.94
47.3859314,8.5434433,463.94
47.3859299,8.5434451,463.789
47.3859299,8.5434451,463.789
47.3859274,8.5434458,464.054
47.3859274,8.5434458,464.054
47.3859255,8.5434473,464.071
47.3859255,8.5434473,464.071
47.3859226,8.5434476,464.08
47.3859226,8.5434476,464.08
47.3859192,8.5434479,464.24
47.3859192,8.5434479,464.24
47.3859187,8.5434511,464.093
47.3859187,8.5434511,464.093
47.3859166,8.5434529,464.273
47.3859166,8.5434529,464.273
47.3859143,8.5434547,464.382
47.3859143,8.5434547,464.382
47.385913,8.5434572,464.326
47.385913,8.5434572,464.326
47.3859113,8.5434591,464.3
47.3859113,8.5434591,464.3
47.3859095,8.5434609,464.299
47.3859095,8.5434609,464.299
47.385907,8.5434623,464.432
47.385907,8.5434623,464.432
47.3859054,8.5434642,464.307
47.3859054,8.5434642,464.307
47.3859038,8.5434658,464.416
47.3859038,8.5434658,464.416
47.385902,8.5434671,464.326
47.385902,8.5434671,464.326
47.3859001,8.5434683,464.314
47.3859001,8.5434683,464.314
47.3858989,8.5434701,464.352
47.3858989,8.5434701,464.352
47.385898,8.5434713,464.335
47.385898,8.5434713,464.335
47.3858972,8.5434729,464.288
47.3858972,8.5434729,464.288
47.385896,8.5434741,464.094
47.385896,8.5434741,464.094
47.385894,8.5434748,464.153
47.385894,8.5434748,464.153
47.385895,8.5434778,463.594
47.385895,8.5434778,463.594
47.3858979,8.5434832,463.004
47.3858979,8.5434832,463.004
47.3859006,8.5434885,462.481
47.3859006,8.5434885,462.481
47.3859012,8.5434917,462.135
47.3859012,8.5434917,462.135
47.3859004,8.5434929,461.821
47.3859004,8.5434929,461.821
47.3858989,8.5434937,461.786
47.3858989,8.5434937,461.786
47.3858974,8.5434943,461.544
47.3858974,8.5434943,461.544
47.385896,8.5434952,461.384
47.385896,8.5434952,461.384
47.3858945,8.5434965,461.369
47.3858945,8.5434965,461.369
47.3858933,8.5434974,461.244
47.3858933,8.5434974,461.244
47.3858915,8.5434986,461.141
47.3858915,8.5434986,461.141
47.3858912,8.5434993,460.489
47.3858912,8.5434993,460.489
47.3858911,8.5434992,459.912
47.3858911,8.5434992,459.912
47.3858913,8.5434983,459.458
47.3858913,8.5434983,459.458
47.3858918,8.5434974,458.835
47.3858918,8.5434974,458.835
47.3858909,8.5434976,458.564
47.3858909,8.5434976,458.564
47.3858891,8.5434986,458.416
47.3858891,8.5434986,458.416
47.3858874,8.5434998,458.395
47.3858874,8.5434998,458.395
47.385886,8.5435008,458.153
47.385886,8.5435008,458.153
47.3858848,8.5435015,457.727
47.3858848,8.5435015,457.727
47.385883,8.5435023,457.537
47.385883,8.5435023,457.537
47.385882,8.5435025,457.33
47.385882,8.5435025,457.33
47.3858801,8.5435029,457.215
47.3858801,8.5435029,457.215
47.3858785,8.5435031,457.008
47.3858785,8.5435031,457.008
47.3858768,8.5435033,456.83
47.3858768,8.5435033,456.83
47.3858754,8.5435037,456.52
47.3858754,8.5435037,456.52
47.3858739,8.543504,456.239
47.3858739,8.543504,456.239
47.3858722,8.543504,456.116
47.3858722,8.543504,456.116
47.3858704,8.5435042,456.045
47.3858704,8.5435042,456.045
47.3858677,8.543505,456.173
47.3858677,8.543505,456.173
47.3858654,8.5435063,456.188
47.3858654,8.5435063,456.188
47.3858654,8.5435063,456.188
47.3858616,8.5435077,455.9
47.3858616,8.5435077,455.9
47.3858616,8.5435077,455.9
47.3858616,8.5435077,455.9
47.3858472,8.5435166,455.489
47.3858472,8.5435166,455.489
47.3858472,8.5435166,455.489
47.3858445,8.5435182,455.653
47.3858445,8.5435182,455.653
47.3858423,8.5435199,455.802
47.3858423,8.5435199,455.802
47.3858405,8.5435206,455.683
47.3858405,8.5435206,455.683
47.3858379,8.5435229,455.882
47.3858379,8.5435229,455.882
47.3858361,8.5435245,456.014
47.3858361,8.5435245,456.014
47.3858338,8.543526,456.26
47.3858338,8.543526,456.26
47.3858313,8.5435288,456.46
47.3858313,8.5435288,456.46
47.385829,8.5435316,456.69
47.385829,8.5435316,456.69
47.3858268,8.5435336,456.817
47.3858268,8.5435336,456.817
47.3858253,8.543534,456.732
47.3858253,8.543534,456.732
47.3858238,8.5435348,456.806
47.3858238,8.5435348,456.806
47.3858226,8.5435358,456.791
47.3858226,8.5435358,456.791
47.385821,8.5435369,456.787
47.385821,8.5435369,456.787
47.3858186,8.5435384,456.917
47.3858186,8.5435384,456.917
47.3858163,8.5435405,457.005
47.3858163,8.5435405,457.005
47.3858136,8.543543,457.19
47.3858136,8.543543,457.19
47.3858116,8.5435445,457.061
47.3858116,8.5435445,457.061
47.385809,8.5435463,457.189
47.385809,8.5435463,457.189
47.3858063,8.5435482,457.366
47.3858063,8.5435482,457.366
47.385804,8.5435502,457.522
47.385804,8.5435502,457.522
47.3858016,8.5435521,457.669
47.3858016,8.5435521,457.669
47.3857991,8.5435535,457.797
47.3857991,8.5435535,457.797
47.3857975,8.5435561,457.826
47.3857975,8.5435561,457.826
47.3857965,8.5435582,457.735
47.3857965,8.5435582,457.735
47.3857941,8.5435614,458.028
47.3857941,8.5435614,458.028
47.3857925,8.543563,457.974
47.3857925,8.543563,457.974
47.3857912,8.5435652,458.033
47.3857912,8.5435652,458.033
47.3857893,8.5435675,458.106
47.3857893,8.5435675,458.106
47.385787,8.5435692,458.373
47.385787,8.5435692,458.373
47.3857852,8.5435723,458.482
47.3857852,8.5435723,458.482
47.3857838,8.5435748,458.461
47.3857838,8.5435748,458.461
47.3857826,8.5435771,458.401
47.3857826,8.5435771,458.401
47.3857825,8.5435787,458.345
47.3857825,8.5435787,458.345
47.3857808,8.543581,458.553
47.3857808,8.543581,458.553
47.3857786,8.5435831,458.901
47.3857786,8.5435831,458.901
47.3857768,8.5435848,459.062
47.3857768,8.5435848,459.062
47.3857751,8.5435863,459.282
47.3857751,8.5435863,459.282
47.3857739,8.5435877,459.346
47.3857739,8.5435877,459.346
47.3857721,8.5435897,459.514
47.3857721,8.5435897,459.514
47.3857698,8.5435917,459.813
47.3857698,8.5435917,459.813
47.3857678,8.5435925,460.579
47.3857678,8.5435925,460.579
47.3857658,8.5435917,461.414
47.3857658,8.5435917,461.414
47.3857641,8.5435911,461.942
47.3857641,8.5435911,461.942
47.3857625,8.5435917,462.019
47.3857625,8.5435917,462.019
47.3857609,8.5435925,462.106
47.3857609,8.5435925,462.106
47.3857589,8.5435938,462.16
47.3857589,8.5435938,462.16
47.3857569,8.5435953,462.178
47.3857569,8.5435953,462.178
47.3857549,8.5435967,462.284
47.3857549,8.5435967,462.284
47.3857531,8.5435981,462.212
47.3857531,8.5435981,462.212
47.3857511,8.5435996,462.225
47.3857511,8.5435996,462.225
47.3857488,8.5436014,462.362
47.3857488,8.5436014,462.362
47.3857469,8.5436034,462.6
47.3857469,8.5436034,462.6
47.3857456,8.5436057,462.69
47.3857456,8.5436057,462.69
47.3857442,8.5436076,462.505
47.3857442,8.5436076,462.505
47.3857427,8.5436095,462.435
47.3857427,8.5436095,462.435
47.3857413,8.5436109,462.622
47.3857413,8.5436109,462.622
47.38574,8.5436123,462.563
47.38574,8.5436123,462.563
47.3857385,8.5436136,462.419
47.3857385,8.5436136,462.419
47.3857368,8.5436148,462.62
47.3857368,8.5436148,462.62
47.3857354,8.5436161,462.512
47.3857354,8.5436161,462.512
47.3857338,8.5436175,462.508
47.3857338,8.5436175,462.508
47.3857321,8.5436188,462.527
47.3857321,8.5436188,462.527
47.3857302,8.5436203,462.681
47.3857302,8.5436203,462.681
47.3857285,8.5436214,462.697
47.3857285,8.5436214,462.697
47.3857266,8.5436225,462.812
47.3857266,8.5436225,462.812
47.3857246,8.5436236,462.836
47.3857246,8.5436236,462.836
47.3857223,8.5436241,463.06
47.3857223,8.5436241,463.06
47.3857201,8.5436241,463.381
47.3857201,8.5436241,463.381
47.3857183,8.5436254,463.197
47.3857183,8.5436254,463.197
47.3857162,8.5436269,463.279
47.3857162,8.5436269,463.279
47.385714,8.5436278,463.369
47.385714,8.5436278,463.369
47.3857115,8.5436285,463.374
47.3857115,8.5436285,463.374
47.3857093,8.5436295,463.425
47.3857093,8.5436295,463.425
47.3857068,8.5436305,463.593
47.3857068,8.5436305,463.593
47.3857046,8.5436311,463.511
47.3857046,8.5436311,463.511
47.3857019,8.5436314,463.637
47.3857019,8.5436314,463.637
47.3856991,8.5436323,463.662
47.3856991,8.5436323,463.662
47.3856964,8.5436333,463.841
47.3856964,8.5436333,463.841
47.3856942,8.543634,463.809
47.3856942,8.543634,463.809
47.385692,8.5436346,463.761
47.385692,8.5436346,463.761
47.3856896,8.5436352,463.713
47.3856896,8.5436352,463.713
47.385687,8.5436361,463.59
47.385687,8.5436361,463.59
47.3856846,8.5436374,463.73
47.3856846,8.5436374,463.73
47.3856829,8.5436395,463.617
47.3856829,8.5436395,463.617
47.3856809,8.5436414,463.895
47.3856809,8.5436414,463.895
47.3856794,8.543644,463.765
47.3856794,8.543644,463.765
47.3856773,8.5436464,463.823
47.3856773,8.5436464,463.823
47.3856754,8.5436491,463.753
47.3856754,8.5436491,463.753
47.3856736,8.5436517,463.763
47.3856736,8.5436517,463.763
47.3856713,8.5436544,463.824
47.3856713,8.5436544,463.824
47.3856689,8.5436574,463.786
47.3856689,8.5436574,463.786
47.3856668,8.5436597,463.749
47.3856668,8.5436597,463.749
47.3856646,8.5436617,463.766
47.3856646,8.5436617,463.766
47.3856629,8.5436639,463.705
47.3856629,8.5436639,463.705
47.3856607,8.5436654,463.978
47.3856607,8.5436654,463.978
47.3856584,8.5436671,464.216
47.3856584,8.5436671,464.216
47.3856567,8.5436691,464.213
47.3856567,8.5436691,464.213
47.3856551,8.5436712,464.189
47.3856551,8.5436712,464.189
47.3856533,8.5436733,464.13
47.3856533,8.5436733,464.13
47.3856517,8.5436756,464.085
47.3856517,8.5436756,464.085
47.38565,8.5436777,463.946
47.38565,8.5436777,463.946
47.385647,8.5436791,463.985
47.385647,8.5436791,463.985
47.3856447,8.5436803,464.092
47.3856447,8.5436803,464.092
47.3856427,8.5436816,464.118
47.3856427,8.5436816,464.118
47.3856407,8.543683,464.174
47.3856407,8.543683,464.174
47.3856375,8.5436845,464.083
47.3856375,8.5436845,464.083
47.3856351,8.5436859,464.037
47.3856351,8.5436859,464.037
47.3856331,8.5436872,464.134
47.3856331,8.5436872,464.134
47.3856317,8.5436882,464.18
47.3856317,8.5436882,464.18
47.3856298,8.5436893,464.251
47.3856298,8.5436893,464.251
47.3856281,8.5436904,464.191
47.3856281,8.5436904,464.191
47.385626,8.5436911,464.144
47.385626,8.5436911,464.144
47.3856243,8.5436919,464.037
47.3856243,8.5436919,464.037
47.3856221,8.5436927,464.004
47.3856221,8.5436927,464.004
47.3856201,8.5436933,463.979
47.3856201,8.5436933,463.979
47.3856174,8.543694,463.963
47.3856174,8.543694,463.963
47.3856149,8.5436951,463.995
47.3856149,8.5436951,463.995
47.3856123,8.5436957,464.029
47.3856123,8.5436957,464.029
47.38561,8.5436958,463.993
47.38561,8.5436958,463.993
47.3856077,8.5436965,463.858
47.3856077,8.5436965,463.858
47.3856053,8.5436976,463.791
47.3856053,8.5436976,463.791
47.3856031,8.5436991,463.772
47.3856031,8.5436991,463.772
47.3856014,8.5437002,463.61
47.3856014,8.5437002,463.61
47.3856,8.5437013,463.443
47.3856,8.5437013,463.443
47.3855983,8.5437023,463.266
47.3855983,8.5437023,463.266
47.385596,8.5437044,463.405
47.385596,8.5437044,463.405
47.3855941,8.5437072,463.464
47.3855941,8.5437072,463.464
47.3855928,8.5437084,463.313
47.3855928,8.5437084,463.313
47.3855907,8.5437088,462.995
47.3855907,8.5437088,462.995
47.3855887,8.543708,462.888
47.3855887,8.543708,462.888
47.3855869,8.5437091,462.781
47.3855869,8.5437091,462.781
47.3855846,8.5437091,462.808
47.3855846,8.5437091,462.808
47.3855834,8.5437094,462.722
47.3855834,8.5437094,462.722
47.3855817,8.5437102,462.627
47.3855817,8.5437102,462.627
47.3855797,8.5437116,462.66
47.3855797,8.5437116,462.66
47.3855782,8.5437141,462.67
47.3855782,8.5437141,462.67
47.3855766,8.5437169,462.643
47.3855766,8.5437169,462.643
47.3855755,8.5437211,462.733
47.3855755,8.5437211,462.733
47.3855738,8.5437269,463.054
47.3855738,8.5437269,463.054
47.3855714,8.5437318,463.473
47.3855714,8.5437318,463.473
47.3855688,8.5437364,463.882
47.3855688,8.5437364,463.882
47.3855656,8.5437403,464.402
47.3855656,8.5437403,464.402
47.3855633,8.5437435,464.51
47.3855633,8.5437435,464.51
47.3855625,8.5437479,464.628
47.3855625,8.5437479,464.628
47.3855612,8.5437507,464.816
47.3855612,8.5437507,464.816
47.3855588,8.5437516,464.76
47.3855588,8.5437516,464.76
47.3855562,8.543754,464.885
47.3855562,8.543754,464.885
47.3855539,8.5437571,464.967
47.3855539,8.5437571,464.967
47.3855516,8.5437596,465.133
47.3855516,8.5437596,465.133
47.3855481,8.5437616,465.463
47.3855481,8.5437616,465.463
47.3855454,8.5437638,465.603
47.3855454,8.5437638,465.603
47.3855431,8.5437661,465.734
47.3855431,8.5437661,465.734
47.3855398,8.5437666,465.741
47.3855398,8.5437666,465.741
47.3855373,8.543766,465.601
47.3855373,8.543766,465.601
47.3855329,8.5437653,465.785
47.3855329,8.5437653,465.785
47.3855293,8.543766,466.032
47.3855293,8.543766,466.032
47.3855263,8.5437658,466.022
47.3855263,8.5437658,466.022
47.3855243,8.5437656,465.996
47.3855243,8.5437656,465.996
47.3855229,8.5437671,465.954
47.3855229,8.5437671,465.954
47.3855219,8.5437676,465.923
47.3855219,8.5437676,465.923
47.3855188,8.5437673,465.935
47.3855188,8.5437673,465.935
47.3855168,8.5437678,465.769
47.3855168,8.5437678,465.769
47.3855147,8.5437685,465.606
47.3855147,8.5437685,465.606
47.3855128,8.5437689,465.5
47.3855128,8.5437689,465.5
47.3855104,8.5437714,465.6
47.3855104,8.5437714,465.6
47.3855068,8.5437724,465.603
47.3855068,8.5437724,465.603
47.3855042,8.5437721,465.562
47.3855042,8.5437721,465.562
47.3855023,8.5437722,465.451
47.3855023,8.5437722,465.451
47.3855016,8.5437741,465.314
47.3855016,8.5437741,465.314
47.3855007,8.5437759,465.12
47.3855007,8.5437759,465.12
47.3854982,8.5437782,465.294
47.3854982,8.5437782,465.294
47.3854956,8.5437807,465.38
47.3854956,8.5437807,465.38
47.3854931,8.5437831,465.391
47.3854931,8.5437831,465.391
47.3854905,8.5437849,465.364
47.3854905,8.5437849,465.364
47.3854885,8.5437873,465.354
47.3854885,8.5437873,465.354
47.3854866,8.5437901,465.377
47.3854866,8.5437901,465.377
47.3854841,8.5437921,465.474
47.3854841,8.5437921,465.474
47.385481,8.543795,465.759
47.385481,8.543795,465.759
47.3854774,8.5437987,466.097
47.3854774,8.5437987,466.097
47.3854727,8.5438016,466.652
47.3854727,8.5438016,466.652
47.3854675,8.5438054,467.186
47.3854675,8.5438054,467.186
47.3854627,8.5438101,467.764
47.3854627,8.5438101,467.764
47.3854583,8.5438151,468.434
47.3854583,8.5438151,468.434
47.3854542,8.5438213,469.092
47.3854542,8.5438213,469.092
47.3854504,8.5438282,469.699
47.3854504,8.5438282,469.699
47.3854476,8.5438315,469.782
47.3854476,8.5438315,469.782
47.3854443,8.5438362,470.07
47.3854443,8.5438362,470.07
47.3854424,8.5438384,470.0
47.3854424,8.5438384,470.0
47.3854408,8.543841,469.98
47.3854408,8.543841,469.98
47.3854405,8.5438461,469.895
47.3854405,8.5438461,469.895
47.3854396,8.5438502,469.909
47.3854396,8.5438502,469.909
47.3854383,8.5438536,469.997
47.3854383,8.5438536,469.997
47.385436,8.5438539,469.878
47.385436,8.5438539,469.878
47.3854359,8.543856,469.648
47.3854359,8.543856,469.648
47.3854353,8.5438554,469.323
47.3854353,8.5438554,469.323
47.385434,8.5438552,469.022
47.385434,8.5438552,469.022
47.3854321,8.5438564,468.983
47.3854321,8.5438564,468.983
47.3854305,8.543857,468.803
47.3854305,8.543857,468.803
47.3854302,8.5438574,468.374
47.3854302,8.5438574,468.374
47.3854296,8.5438589,468.025
47.3854296,8.5438589,468.025
47.3854285,8.5438612,467.867
47.3854285,8.5438612,467.867
47.3854268,8.5438617,467.8
47.3854268,8.5438617,467.8
47.3854242,8.543862,467.776
47.3854242,8.543862,467.776
47.3854219,8.5438625,467.658
47.3854219,8.5438625,467.658
47.3854203,8.543864,467.508
47.3854203,8.543864,467.508
47.3854176,8.5438645,467.496
47.3854176,8.5438645,467.496
47.3854155,8.5438652,467.379
47.3854155,8.5438652,467.379
47.3854136,8.5438662,467.356
47.3854136,8.5438662,467.356
47.3854114,8.543866,467.164
47.3854114,8.543866,467.164
47.3854094,8.5438658,466.994
47.3854094,8.5438658,466.994
47.3854073,8.5438664,466.927
47.3854073,8.5438664,466.927
47.3854044,8.5438675,467.172
47.3854044,8.5438675,467.172
47.3854018,8.543868,467.223
47.3854018,8.543868,467.223
47.3853994,8.5438689,467.151
47.3853994,8.5438689,467.151
47.3853964,8.5438697,467.298
47.3853964,8.5438697,467.298
47.3853936,8.5438705,467.309
47.3853936,8.5438705,467.309
47.3853923,8.5438719,466.986
47.3853923,8.5438719,466.986
47.3853892,8.5438718,466.818
47.3853892,8.5438718,466.818
47.3853872,8.5438728,466.807
47.3853872,8.5438728,466.807
47.3853853,8.5438736,466.669
47.3853853,8.5438736,466.669
47.3853826,8.543874,466.738
47.3853826,8.543874,466.738
47.3853816,8.5438752,466.539
47.3853816,8.5438752,466.539
47.3853793,8.5438757,466.51
47.3853793,8.5438757,466.51
47.3853769,8.5438772,466.701
47.3853769,8.5438772,466.701
47.3853734,8.5438768,466.756
47.3853734,8.5438768,466.756
47.3853722,8.5438781,466.622
47.3853722,8.5438781,466.622
47.3853689,8.5438783,466.843
47.3853689,8.5438783,466.843
47.3853657,8.5438806,467.26
47.3853657,8.5438806,467.26
47.385363,8.5438817,467.416
47.385363,8.5438817,467.416
47.3853597,8.5438832,467.595
47.3853597,8.5438832,467.595
47.3853552,8.5438839,467.601
47.3853552,8.5438839,467.601
47.3853517,8.5438834,467.376
47.3853517,8.5438834,467.376
47.3853483,8.5438829,467.325
47.3853483,8.5438829,467.325
47.3853465,8.543883,467.339
47.3853465,8.543883,467.339
47.3853449,8.5438831,467.318
47.3853449,8.5438831,467.318
47.3853427,8.5438831,467.386
47.3853427,8.5438831,467.386
47.3853404,8.5438832,467.489
47.3853404,8.5438832,467.489
47.3853375,8.5438828,467.596
47.3853375,8.5438828,467.596
47.3853366,8.5438833,467.384
47.3853366,8.5438833,467.384
47.3853347,8.5438845,467.357
47.3853347,8.5438845,467.357
47.3853328,8.5438857,467.304
47.3853328,8.5438857,467.304
47.3853309,8.5438845,467.298
47.3853309,8.5438845,467.298
47.3853297,8.5438836,467.31
47.3853297,8.5438836,467.31
47.3853281,8.543882,467.213
47.3853281,8.543882,467.213
47.385326,8.5438802,467.094
47.385326,8.5438802,467.094
47.3853233,8.5438784,466.875
47.3853233,8.5438784,466.875
47.3853224,8.5438803,466.776
47.3853224,8.5438803,466.776
47.3853218,8.5438823,466.698
47.3853218,8.5438823,466.698
47.3853215,8.5438846,466.702
47.3853215,8.5438846,466.702
47.3853209,8.5438867,466.682
47.3853209,8.5438867,466.682
47.3853191,8.543885,466.523
47.3853191,8.543885,466.523
47.3853189,8.5438853,466.175
47.3853189,8.5438853,466.175
47.3853186,8.5438855,465.859
47.3853186,8.5438855,465.859
47.3853175,8.543883,465.325
47.3853175,8.543883,465.325
47.385317,8.5438842,464.964
47.385317,8.5438842,464.964
47.385317,8.543884,464.527
47.385317,8.543884,464.527
47.3853171,8.5438826,463.978
47.3853171,8.5438826,463.978
47.3853177,8.5438792,463.305
47.3853177,8.5438792,463.305
47.3853163,8.5438717,462.377
47.3853163,8.5438717,462.377
47.385315,8.5438633,461.431
47.385315,8.5438633,461.431
47.3853139,8.5438549,460.461
47.3853139,8.5438549,460.461
47.3853113,8.5438479,459.868
47.3853113,8.5438479,459.868
47.3853084,8.5438407,459.332
47.3853084,8.5438407,459.332
47.3853053,8.5438351,458.953
47.3853053,8.5438351,458.953
47.3853028,8.5438293,458.503
47.3853028,8.5438293,458.503
47.3853003,8.5438264,458.35
47.3853003,8.5438264,458.35
47.3852973,8.5438237,458.236
47.3852973,8.5438237,458.236
47.3852941,8.5438211,458.014
47.3852941,8.5438211,458.014
47.3852915,8.543815,457.372
47.3852915,8.543815,457.372
47.3852888,8.5438098,456.753
47.3852888,8.5438098,456.753
47.385284,8.543802,456.312
47.385284,8.543802,456.312
47.3852788,8.5437958,456.179
47.3852788,8.5437958,456.179
47.3852756,8.5437906,455.646
47.3852756,8.5437906,455.646
47.3852729,8.5437863,455.153
47.3852729,8.5437863,455.153
47.38527,8.543779,454.304
47.38527,8.543779,454.304
47.3852654,8.5437703,453.698
47.3852654,8.5437703,453.698
47.3852623,8.5437611,452.925
47.3852623,8.5437611,452.925
47.3852583,8.5437531,452.281
47.3852583,8.5437531,452.281
47.3852529,8.5437478,452.072
47.3852529,8.5437478,452.072
47.3852478,8.5437438,451.927
47.3852478,8.5437438,451.927
47.3852426,8.5437399,451.949
47.3852426,8.5437399,451.949
47.385237,8.5437356,452.028
47.385237,8.5437356,452.028
47.3852317,8.5437322,452.087
47.3852317,8.5437322,452.087
47.3852278,8.5437258,451.536
47.3852278,8.5437258,451.536
47.3852231,8.5437183,451.087
47.3852231,8.5437183,451.087
47.3852185,8.5437105,450.554
47.3852185,8.5437105,450.554
47.385214,8.5437046,450.186
47.385214,8.5437046,450.186
47.3852094,8.5436993,449.939
47.3852094,8.5436993,449.939
47.3852044,8.5436949,449.899
47.3852044,8.5436949,449.899
47.3851988,8.5436906,450.038
47.3851988,8.5436906,450.038
47.3851926,8.5436863,450.094
47.3851926,8.5436863,450.094
47.3851876,8.5436825,449.943
47.3851876,8.5436825,449.943
47.3851827,8.5436796,449.901
47.3851827,8.5436796,449.901
47.3851795,8.5436763,449.605
47.3851795,8.5436763,449.605
47.385175,8.5436726,449.427
47.385175,8.5436726,449.427
47.3851693,8.5436714,449.739
47.3851693,8.5436714,449.739
47.385164,8.5436657,449.321
47.385164,8.5436657,449.321
47.3851648,8.5436691,448.973
47.3851648,8.5436691,448.973
47.3851632,8.5436706,448.956
47.3851632,8.5436706,448.956
47.3851608,8.5436806,449.841
47.3851608,8.5436806,449.841
47.3851587,8.5436901,450.462
47.3851587,8.5436901,450.462
47.3851563,8.5436988,451.304
47.3851563,8.5436988,451.304
47.3851561,8.5437087,452.014
47.3851561,8.5437087,452.014
47.3851547,8.543718,452.689
47.3851547,8.543718,452.689
47.3851531,8.5437259,453.327
47.3851531,8.5437259,453.327
47.3851514,8.5437344,454.183
47.3851514,8.5437344,454.183
47.3851504,8.5437422,454.628
47.3851504,8.5437422,454.628
47.3851495,8.5437493,455.224
47.3851495,8.5437493,455.224
47.3851492,8.5437567,455.434
47.3851492,8.5437567,455.434
47.3851483,8.5437647,456.102
47.3851483,8.5437647,456.102
47.3851485,8.5437723,456.569
47.3851485,8.5437723,456.569
47.3851485,8.5437792,456.884
47.3851485,8.5437792,456.884
47.3851478,8.5437862,457.182
47.3851478,8.5437862,457.182
47.3851482,8.5437935,457.604
47.3851482,8.5437935,457.604
47.3851485,8.5437995,457.799
47.3851485,8.5437995,457.799
47.3851479,8.5438047,458.292
47.3851479,8.5438047,458.292
47.3851475,8.5438097,458.61
47.3851475,8.5438097,458.61
47.3851472,8.5438145,458.873
47.3851472,8.5438145,458.873
47.3851461,8.543819,459.303
47.3851461,8.543819,459.303
47.3851454,8.5438236,459.661
47.3851454,8.5438236,459.661
47.3851461,8.5438279,459.513
47.3851461,8.5438279,459.513
47.3851462,8.543831,459.467
47.3851462,8.543831,459.467
47.385146,8.543834,459.571
47.385146,8.543834,459.571
47.3851453,8.5438372,459.58
47.3851453,8.5438372,459.58
47.3851448,8.5438402,459.583
47.3851448,8.5438402,459.583
47.3851434,8.5438429,459.68
47.3851434,8.5438429,459.68
47.3851425,8.5438454,459.72
47.3851425,8.5438454,459.72
47.3851417,8.5438478,459.83
47.3851417,8.5438478,459.83
47.3851408,8.5438502,459.993
47.3851408,8.5438502,459.993
47.3851394,8.5438521,459.843
47.3851394,8.5438521,459.843
47.3851371,8.5438533,460.037
47.3851371,8.5438533,460.037
47.3851351,8.5438544,460.175
47.3851351,8.5438544,460.175
47.3851334,8.5438555,460.218
47.3851334,8.5438555,460.218
47.3851313,8.5438562,460.34
47.3851313,8.5438562,460.34
47.3851292,8.5438572,460.421
47.3851292,8.5438572,460.421
47.3851273,8.5438584,460.533
47.3851273,8.5438584,460.533
47.3851253,8.5438592,460.679
47.3851253,8.5438592,460.679
47.3851237,8.5438602,460.853
47.3851237,8.5438602,460.853
47.3851221,8.5438613,460.906
47.3851221,8.5438613,460.906
47.3851226,8.5438645,460.691
47.3851226,8.5438645,460.691
47.3851229,8.5438671,460.587
47.3851229,8.5438671,460.587
47.3851215,8.5438682,460.523
47.3851215,8.5438682,460.523
47.38512,8.5438691,460.641
47.38512,8.5438691,460.641
47.3851192,8.5438706,460.683
47.3851192,8.5438706,460.683
47.3851178,8.5438721,460.815
47.3851178,8.5438721,460.815
47.3851161,8.5438736,461.073
47.3851161,8.5438736,461.073
47.385115,8.5438758,461.13
47.385115,8.5438758,461.13
47.3851145,8.5438787,461.186
47.3851145,8.5438787,461.186
47.3851141,8.5438818,461.277
47.3851141,8.5438818,461.277
47.3851136,8.5438845,461.403
47.3851136,8.5438845,461.403
47.3851133,8.5438867,461.441
47.3851133,8.5438867,461.441
47.3851127,8.5438896,461.532
47.3851127,8.5438896,461.532
47.3851133,8.5438934,461.264
47.3851133,8.5438934,461.264
47.3851125,8.5438959,461.473
47.3851125,8.5438959,461.473
47.385113,8.5438995,461.433
47.385113,8.5438995,461.433
47.3851121,8.5439022,461.506
47.3851121,8.5439022,461.506
47.3851119,8.5439055,461.566
47.3851119,8.5439055,461.566
47.3851116,8.5439085,461.518
47.3851116,8.5439085,461.518
47.3851113,8.5439114,461.518
47.3851113,8.5439114,461.518
47.3851113,8.5439146,461.342
47.3851113,8.5439146,461.342
47.3851112,8.5439174,461.389
47.3851112,8.5439174,461.389
47.3851107,8.5439193,461.682
47.3851107,8.5439193,461.682
47.3851099,8.543921,461.786
47.3851099,8.543921,461.786
47.3851088,8.5439232,461.806
47.3851088,8.5439232,461.806
47.3851075,8.5439258,461.829
47.3851075,8.5439258,461.829
47.3851064,8.5439277,461.817
47.3851064,8.5439277,461.817
47.3851054,8.5439293,461.867
47.3851054,8.5439293,461.867
47.3851047,8.5439309,461.84
47.3851047,8.5439309,461.84
47.3851032,8.5439314,462.013
47.3851032,8.5439314,462.013
47.3851021,8.5439325,461.83
47.3851021,8.5439325,461.83
47.3851008,8.5439335,461.804
47.3851008,8.5439335,461.804
47.3850998,8.543935,461.919
47.3850998,8.543935,461.919
47.3850987,8.5439364,462.02
47.3850987,8.5439364,462.02
47.3850978,8.5439378,461.965
47.3850978,8.5439378,461.965
47.3850968,8.5439391,461.997
47.3850968,8.5439391,461.997
47.3850957,8.5439396,462.169
47.3850957,8.5439396,462.169
47.3850947,8.5439396,462.207
47.3850947,8.5439396,462.207
47.3850939,8.5439401,462.287
47.3850939,8.5439401,462.287
47.3850935,8.5439419,462.115
47.3850935,8.5439419,462.115
47.3850929,8.5439438,462.051
47.3850929,8.5439438,462.051
47.3850921,8.5439455,461.974
47.3850921,8.5439455,461.974
47.3850914,8.5439472,461.868
47.3850914,8.5439472,461.868
47.3850906,8.5439484,461.888
47.3850906,8.5439484,461.888
47.3850898,8.5439498,461.774
47.3850898,8.5439498,461.774
47.3850889,8.5439509,461.828
47.3850889,8.5439509,461.828
47.3850878,8.5439516,461.934
47.3850878,8.5439516,461.934
47.3850865,8.5439521,462.131
47.3850865,8.5439521,462.131
47.385085,8.5439531,462.089
47.385085,8.5439531,462.089
47.385084,8.5439544,461.881
47.385084,8.5439544,461.881
47.3850824,8.5439554,461.947
47.3850824,8.5439554,461.947
47.3850811,8.5439568,461.899
47.3850811,8.5439568,461.899
47.3850798,8.5439583,462.039
47.3850798,8.5439583,462.039
47.3850783,8.5439597,462.111
47.3850783,8.5439597,462.111
47.3850771,8.5439611,462.053
47.3850771,8.5439611,462.053
47.3850757,8.5439627,462.072
47.3850757,8.5439627,462.072
47.3850743,8.5439637,462.083
47.3850743,8.5439637,462.083
47.3850723,8.5439646,462.112
47.3850723,8.5439646,462.112
47.3850701,8.5439655,462.399
47.3850701,8.5439655,462.399
47.3850683,8.5439673,462.506
47.3850683,8.5439673,462.506
47.3850665,8.5439688,462.544
47.3850665,8.5439688,462.544
47.3850646,8.54397,462.742
47.3850646,8.54397,462.742
47.3850632,8.5439716,462.864
47.3850632,8.5439716,462.864
47.3850607,8.5439722,463.15
47.3850607,8.5439722,463.15
47.3850586,8.5439733,463.336
47.3850586,8.5439733,463.336
47.3850564,8.543974,463.5
47.3850564,8.543974,463.5
47.3850542,8.5439748,463.608
47.3850542,8.5439748,463.608
47.3850524,8.5439758,463.744
47.3850524,8.5439758,463.744
47.3850505,8.5439768,463.921
47.3850505,8.5439768,463.921
47.3850486,8.5439778,463.934
47.3850486,8.5439778,463.934
47.3850463,8.5439785,463.964
47.3850463,8.5439785,463.964
47.3850441,8.543979,464.038
47.3850441,8.543979,464.038
47.3850419,8.5439794,464.205
47.3850419,8.5439794,464.205
47.3850397,8.5439795,464.402
47.3850397,8.5439795,464.402
47.3850375,8.5439801,464.351
47.3850375,8.5439801,464.351
47.3850354,8.5439811,464.362
47.3850354,8.5439811,464.362
47.3850334,8.5439819,464.396
47.3850334,8.5439819,464.396
47.3850318,8.5439829,464.394
47.3850318,8.5439829,464.394
47.3850298,8.5439835,464.412
47.3850298,8.5439835,464.412
47.3850279,8.5439841,464.525
47.3850279,8.5439841,464.525
47.3850264,8.5439851,464.582
47.3850264,8.5439851,464.582
47.3850255,8.5439861,464.555
47.3850255,8.5439861,464.555
47.3850241,8.5439866,464.565
47.3850241,8.5439866,464.565
47.3850232,8.5439884,464.364
47.3850232,8.5439884,464.364
47.385024,8.5439912,464.029
47.385024,8.5439912,464.029
47.3850265,8.5439964,463.397
47.3850265,8.5439964,463.397
47.3850276,8.5440003,463.166
47.3850276,8.5440003,463.166
47.3850271,8.5440023,462.982
47.3850271,8.5440023,462.982
47.3850257,8.5440035,463.042
47.3850257,8.5440035,463.042
47.3850236,8.5440038,463.066
47.3850236,8.5440038,463.066
47.3850225,8.544005,463.001
47.3850225,8.544005,463.001
47.3850213,8.5440059,463.017
47.3850213,8.5440059,463.017
47.3850184,8.5440065,463.358
47.3850184,8.5440065,463.358
47.3850162,8.5440088,463.54
47.3850162,8.5440088,463.54
47.3850137,8.5440102,463.548
47.3850137,8.5440102,463.548
47.3850108,8.5440103,463.581
47.3850108,8.5440103,463.581
47.385008,8.544011,463.774
47.385008,8.544011,463.774
47.3850054,8.5440108,463.815
47.3850054,8.5440108,463.815
47.3850039,8.544011,463.736
47.3850039,8.544011,463.736
47.3850019,8.544011,463.581
47.3850019,8.544011,463.581
47.3849995,8.5440096,463.703
47.3849995,8.5440096,463.703
47.384997,8.5440088,463.821
47.384997,8.5440088,463.821
47.3849957,8.54401,463.787
47.3849957,8.54401,463.787
47.384994,8.5440117,463.828
47.384994,8.5440117,463.828
47.3849916,8.5440117,464.203
47.3849916,8.5440117,464.203
47.3849893,8.5440124,464.463
47.3849893,8.5440124,464.463
47.3849875,8.5440133,464.419
47.3849875,8.5440133,464.419
47.3849858,8.5440155,464.347
47.3849858,8.5440155,464.347
47.3849831,8.5440169,464.413
47.3849831,8.5440169,464.413
47.3849806,8.5440181,464.489
47.3849806,8.5440181,464.489
47.3849789,8.5440201,464.41
47.3849789,8.5440201,464.41
47.3849774,8.5440214,464.377
47.3849774,8.5440214,464.377
47.384976,8.544023,464.375
47.384976,8.544023,464.375
47.3849733,8.544023,464.556
47.3849733,8.544023,464.556
47.3849712,8.5440236,464.563
47.3849712,8.5440236,464.563
47.3849705,8.5440249,464.276
47.3849705,8.5440249,464.276
47.3849691,8.5440267,464.26
47.3849691,8.5440267,464.26
47.384968,8.5440292,464.074
47.384968,8.5440292,464.074
47.3849662,8.5440315,464.164
47.3849662,8.5440315,464.164
47.3849646,8.5440316,464.226
47.3849646,8.5440316,464.226
47.3849625,8.5440317,464.285
47.3849625,8.5440317,464.285
47.3849593,8.5440309,464.537
47.3849593,8.5440309,464.537
47.3849578,8.5440298,464.375
47.3849578,8.5440298,464.375
47.384958,8.5440304,463.941
47.384958,8.5440304,463.941
47.3849565,8.5440307,464.06
47.3849565,8.5440307,464.06
47.384955,8.5440311,463.98
47.384955,8.5440311,463.98
47.3849533,8.5440306,463.859
47.3849533,8.5440306,463.859
47.3849524,8.5440299,463.708
47.3849524,8.5440299,463.708
47.3849507,8.5440306,463.569
47.3849507,8.5440306,463.569
47.3849483,8.5440316,463.837
47.3849483,8.5440316,463.837
47.3849467,8.5440325,463.862
47.3849467,8.5440325,463.862
47.3849458,8.5440316,463.645
47.3849458,8.5440316,463.645
47.3849452,8.5440313,463.33
47.3849452,8.5440313,463.33
47.3849437,8.5440319,463.149
47.3849437,8.5440319,463.149
47.3849415,8.5440329,463.244
47.3849415,8.5440329,463.244
47.3849404,8.5440335,463.147
47.3849404,8.5440335,463.147
47.3849397,8.5440338,463.013
47.3849397,8.5440338,463.013
47.3849384,8.5440343,463.015
47.3849384,8.5440343,463.015
47.3849366,8.5440349,463.022
47.3849366,8.5440349,463.022
47.384934,8.5440365,463.188
47.384934,8.5440365,463.188
47.3849317,8.544038,463.31
47.3849317,8.544038,463.31
47.3849285,8.54404,463.634
47.3849285,8.54404,463.634
47.3849258,8.5440416,463.698
47.3849258,8.5440416,463.698
47.3849241,8.5440425,463.533
47.3849241,8.5440425,463.533
47.3849213,8.5440444,463.69
47.3849213,8.5440444,463.69
47.3849168,8.5440465,464.289
47.3849168,8.5440465,464.289
47.3849138,8.5440477,464.349
47.3849138,8.5440477,464.349
47.3849113,8.5440484,464.337
47.3849113,8.5440484,464.337
47.3849089,8.5440496,464.338
47.3849089,8.5440496,464.338
47.3849058,8.5440503,464.42
47.3849058,8.5440503,464.42
47.3849035,8.5440521,464.376
47.3849035,8.5440521,464.376
47.3849007,8.5440541,464.391
47.3849007,8.5440541,464.391
47.384899,8.5440559,464.36
47.384899,8.5440559,464.36
47.3848971,8.544057,464.217
47.3848971,8.544057,464.217
47.3848949,8.5440582,464.183
47.3848949,8.5440582,464.183
47.3848927,8.544059,464.223
47.3848927,8.544059,464.223
47.3848907,8.5440607,464.255
47.3848907,8.5440607,464.255
47.3848893,8.5440619,464.21
47.3848893,8.5440619,464.21
47.3848864,8.5440629,464.443
47.3848864,8.5440629,464.443
47.3848822,8.5440651,464.885
47.3848822,8.5440651,464.885
47.3848801,8.5440665,464.76
47.3848801,8.5440665,464.76
47.384877,8.5440684,465.065
47.384877,8.5440684,465.065
47.3848736,8.5440695,465.243
47.3848736,8.5440695,465.243
47.384871,8.5440708,465.319
47.384871,8.5440708,465.319
47.3848688,8.5440729,465.288
47.3848688,8.5440729,465.288
47.3848673,8.5440749,465.182
47.3848673,8.5440749,465.182
47.3848648,8.5440772,465.419
47.3848648,8.5440772,465.419
47.3848618,8.5440792,465.851
47.3848618,8.5440792,465.851
47.384859,8.5440811,466.121
47.384859,8.5440811,466.121
47.3848557,8.5440835,466.425
47.3848557,8.5440835,466.425
47.384853,8.5440857,466.639
47.384853,8.5440857,466.639
47.3848505,8.5440875,466.732
47.3848505,8.5440875,466.732
47.384848,8.5440892,466.765
47.384848,8.5440892,466.765
47.3848457,8.5440909,466.814
47.3848457,8.5440909,466.814
47.3848428,8.5440924,467.047
47.3848428,8.5440924,467.047
47.3848405,8.5440937,467.137
47.3848405,8.5440937,467.137
47.384838,8.544095,467.222
47.384838,8.544095,467.222
47.3848351,8.5440965,467.31
47.3848351,8.5440965,467.31
47.3848328,8.5440978,467.366
47.3848328,8.5440978,467.366
47.3848307,8.5440986,467.2
47.3848307,8.5440986,467.2
47.384828,8.5440992,467.308
47.384828,8.5440992,467.308
47.3848256,8.5441001,467.304
47.3848256,8.5441001,467.304
47.3848231,8.5441012,467.265
47.3848231,8.5441012,467.265
47.384821,8.5441024,467.309
47.384821,8.5441024,467.309
47.3848185,8.5441032,467.435
47.3848185,8.5441032,467.435
47.384816,8.5441041,467.47
47.384816,8.5441041,467.47
47.3848135,8.5441046,467.66
47.3848135,8.5441046,467.66
47.3848117,8.544105,467.609
47.3848117,8.544105,467.609
47.3848094,8.5441052,467.704
47.3848094,8.5441052,467.704
47.3848072,8.5441053,467.712
47.3848072,8.5441053,467.712
47.3848054,8.5441056,467.615
47.3848054,8.5441056,467.615
47.3848033,8.5441057,467.589
47.3848033,8.5441057,467.589
47.3848013,8.544106,467.619
47.3848013,8.544106,467.619
47.3847998,8.5441068,467.703
47.3847998,8.5441068,467.703
47.3847978,8.544107,467.863
47.3847978,8.544107,467.863
47.3847957,8.5441066,467.889
47.3847957,8.5441066,467.889
47.384794,8.5441061,467.834
47.384794,8.5441061,467.834
47.3847925,8.5441069,467.673
47.3847925,8.5441069,467.673
47.3847903,8.5441079,467.762
47.3847903,8.5441079,467.762
47.384788,8.5441089,467.884
47.384788,8.5441089,467.884
47.3847862,8.5441098,467.91
47.3847862,8.5441098,467.91
47.3847837,8.5441106,468.024
47.3847837,8.5441106,468.024
47.3847812,8.5441109,468.267
47.3847812,8.5441109,468.267
47.3847793,8.5441116,468.308
47.3847793,8.5441116,468.308
47.3847772,8.544112,468.311
47.3847772,8.544112,468.311
47.384775,8.5441113,468.472
47.384775,8.5441113,468.472
47.3847732,8.5441109,468.474
47.3847732,8.5441109,468.474
47.384772,8.5441106,468.328
47.384772,8.5441106,468.328
47.384771,8.5441114,468.189
47.384771,8.5441114,468.189
47.3847699,8.5441107,468.056
47.3847699,8.5441107,468.056
47.3847683,8.5441108,468.114
47.3847683,8.5441108,468.114
47.3847667,8.5441117,468.217
47.3847667,8.5441117,468.217
47.3847652,8.5441127,468.323
47.3847652,8.5441127,468.323
47.3847632,8.5441141,468.552
47.3847632,8.5441141,468.552
47.3847612,8.5441155,468.8
47.3847612,8.5441155,468.8
47.3847601,8.5441158,468.954
47.3847601,8.5441158,468.954
47.3847588,8.5441168,469.118
47.3847588,8.5441168,469.118
47.3847576,8.5441186,469.341
47.3847576,8.5441186,469.341
47.3847562,8.5441204,469.533
47.3847562,8.5441204,469.533
47.3847548,8.5441216,469.664
47.3847548,8.5441216,469.664
47.3847541,8.5441233,469.676
47.3847541,8.5441233,469.676
47.3847528,8.5441249,469.717
47.3847528,8.5441249,469.717
47.3847524,8.5441252,469.627
47.3847524,8.5441252,469.627
47.3847519,8.5441246,469.651
47.3847519,8.5441246,469.651
47.3847507,8.5441246,469.595
47.3847507,8.5441246,469.595
47.3847488,8.5441261,469.736
47.3847488,8.5441261,469.736
47.3847465,8.5441282,470.002
47.3847465,8.5441282,470.002
47.3847441,8.5441297,470.009
47.3847441,8.5441297,470.009
47.3847425,8.5441306,470.165
47.3847425,8.5441306,470.165
47.3847404,8.5441328,470.447
47.3847404,8.5441328,470.447
47.3847382,8.5441351,470.703
47.3847382,8.5441351,470.703
47.3847365,8.5441365,470.901
47.3847365,8.5441365,470.901
47.384734,8.5441382,471.24
47.384734,8.5441382,471.24
47.3847309,8.5441396,471.714
47.3847309,8.5441396,471.714
47.3847286,8.5441414,472.011
47.3847286,8.5441414,472.011
47.3847267,8.5441434,472.159
47.3847267,8.5441434,472.159
47.3847255,8.544144,472.049
47.3847255,8.544144,472.049
47.3847227,8.5441454,472.278
47.3847227,8.5441454,472.278
47.3847196,8.5441444,472.581
47.3847196,8.5441444,472.581
47.3847172,8.5441416,472.652
47.3847172,8.5441416,472.652
47.3847143,8.5441392,472.614
47.3847143,8.5441392,472.614
47.3847128,8.5441369,472.455
47.3847128,8.5441369,472.455
47.3847102,8.5441355,472.64
47.3847102,8.5441355,472.64
47.3847073,8.5441344,472.72
47.3847073,8.5441344,472.72
47.3847047,8.5441328,472.9
47.3847047,8.5441328,472.9
47.3847022,8.5441316,472.903
47.3847022,8.5441316,472.903
47.3847009,8.5441317,472.728
47.3847009,8.5441317,472.728
47.3846993,8.5441311,472.608
47.3846993,8.5441311,472.608
47.3846971,8.5441308,472.47
47.3846971,8.5441308,472.47
47.384695,8.5441298,472.198
47.384695,8.5441298,472.198
47.3846926,8.5441296,472.288
47.3846926,8.5441296,472.288
47.3846906,8.54413,472.293
47.3846906,8.54413,472.293
47.3846875,8.5441307,472.606
47.3846875,8.5441307,472.606
47.3846863,8.5441318,472.397
47.3846863,8.5441318,472.397
47.3846836,8.544133,472.578
47.3846836,8.544133,472.578
47.3846816,8.5441333,472.591
47.3846816,8.5441333,472.591
47.3846796,8.544134,472.544
47.3846796,8.544134,472.544
47.3846766,8.5441336,472.517
47.3846766,8.5441336,472.517
47.3846743,8.5441344,472.571
47.3846743,8.5441344,472.571
47.3846718,8.5441347,472.685
47.3846718,8.5441347,472.685
47.3846698,8.5441344,472.652
47.3846698,8.5441344,472.652
47.3846684,8.5441339,472.668
47.3846684,8.5441339,472.668
47.3846666,8.5441331,472.705
47.3846666,8.5441331,472.705
47.384664,8.5441325,472.812
47.384664,8.5441325,472.812
47.3846601,8.5441325,473.387
47.3846601,8.5441325,473.387
47.3846568,8.5441334,473.697
47.3846568,8.5441334,473.697
47.384655,8.5441341,473.677
47.384655,8.5441341,473.677
47.3846531,8.5441348,473.786
47.3846531,8.5441348,473.786
47.3846515,8.5441345,473.675
47.3846515,8.5441345,473.675
47.3846499,8.5441334,473.591
47.3846499,8.5441334,473.591
47.3846469,8.5441329,473.71
47.3846469,8.5441329,473.71
47.3846442,8.5441337,473.882
47.3846442,8.5441337,473.882
47.3846416,8.5441345,474.122
47.3846416,8.5441345,474.122
47.3846391,8.5441362,474.311
47.3846391,8.5441362,474.311
47.384638,8.544138,474.228
47.384638,8.544138,474.228
47.3846371,8.5441397,474.087
47.3846371,8.5441397,474.087
47.3846347,8.5441411,474.269
47.3846347,8.5441411,474.269
47.3846331,8.5441431,474.377
47.3846331,8.5441431,474.377
47.384632,8.5441445,474.332
47.384632,8.5441445,474.332
47.3846298,8.5441448,474.358
47.3846298,8.5441448,474.358
47.3846284,8.544146,474.385
47.3846284,8.544146,474.385
47.3846272,8.5441474,474.441
47.3846272,8.5441474,474.441
47.3846257,8.5441498,474.461
47.3846257,8.5441498,474.461
47.384624,8.5441517,474.498
47.384624,8.5441517,474.498
47.3846216,8.5441538,474.725
47.3846216,8.5441538,474.725
47.3846188,8.5441536,474.638
47.3846188,8.5441536,474.638
47.384616,8.544152,474.621
47.384616,8.544152,474.621
47.3846136,8.5441511,474.495
47.3846136,8.5441511,474.495
47.38461,8.5441513,474.668
47.38461,8.5441513,474.668
47.3846077,8.5441529,474.685
47.3846077,8.5441529,474.685
47.384605,8.5441542,474.711
47.384605,8.5441542,474.711
47.3846033,8.5441555,474.606
47.3846033,8.5441555,474.606
47.3846011,8.5441572,474.542
47.3846011,8.5441572,474.542
47.3845991,8.544159,474.356
47.3845991,8.544159,474.356
47.3845983,8.5441597,474.009
47.3845983,8.5441597,474.009
47.3845955,8.5441612,474.168
47.3845955,8.5441612,474.168
47.3845926,8.5441633,474.333
47.3845926,8.5441633,474.333
47.3845902,8.5441654,474.21
47.3845902,8.5441654,474.21
47.3845881,8.5441667,474.073
47.3845881,8.5441667,474.073
47.3845863,8.5441677,473.864
47.3845863,8.5441677,473.864
47.3845847,8.5441708,474.004
47.3845847,8.5441708,474.004
47.3845827,8.544173,474.037
47.3845827,8.544173,474.037
47.3845811,8.5441764,474.191
47.3845811,8.5441764,474.191
47.3845802,8.5441794,474.153
47.3845802,8.5441794,474.153
47.3845786,8.5441805,473.936
47.3845786,8.5441805,473.936
47.3845765,8.5441837,474.308
47.3845765,8.5441837,474.308
47.3845745,8.5441859,474.492
47.3845745,8.5441859,474.492
47.384572,8.5441879,474.712
47.384572,8.5441879,474.712
47.3845702,8.5441891,474.637
47.3845702,8.5441891,474.637
47.3845718,8.5441922,474.14
47.3845718,8.5441922,474.14
47.3845699,8.5441952,474.345
47.3845699,8.5441952,474.345
47.3845687,8.5441969,474.342
47.3845687,8.5441969,474.342
47.3845668,8.5441983,474.606
47.3845668,8.5441983,474.606
47.3845642,8.5441987,474.797
47.3845642,8.5441987,474.797
47.3845627,8.5441995,474.764
47.3845627,8.5441995,474.764
47.3845626,8.5441997,474.396
47.3845626,8.5441997,474.396
47.3845623,8.5442004,474.099
47.3845623,8.5442004,474.099
47.3845615,8.5442006,473.829
47.3845615,8.5442006,473.829
47.3845593,8.5442,473.907
47.3845593,8.5442,473.907
47.3845585,8.5441999,473.634
47.3845585,8.5441999,473.634
47.3845577,8.5441998,473.263
47.3845577,8.5441998,473.263
47.3845562,8.5442004,473.283
47.3845562,8.5442004,473.283
47.3845548,8.5442013,473.282
47.3845548,8.5442013,473.282
47.3845535,8.5442023,473.241
47.3845535,8.5442023,473.241
47.3845522,8.544203,473.184
47.3845522,8.544203,473.184
47.3845516,8.5442043,472.915
47.3845516,8.5442043,472.915
47.3845498,8.5442048,472.909
47.3845498,8.5442048,472.909
47.3845481,8.5442056,472.694
47.3845481,8.5442056,472.694
47.3845462,8.5442063,472.654
47.3845462,8.5442063,472.654
47.3845438,8.5442071,472.815
47.3845438,8.5442071,472.815
47.3845417,8.5442078,472.676
47.3845417,8.5442078,472.676
47.3845405,8.5442083,472.326
47.3845405,8.5442083,472.326
47.3845379,8.544207,472.316
47.3845379,8.544207,472.316
47.3845359,8.5442059,472.196
47.3845359,8.5442059,472.196
47.3845343,8.5442055,472.061
47.3845343,8.5442055,472.061
47.3845325,8.544206,471.93
47.3845325,8.544206,471.93
47.3845306,8.5442062,471.775
47.3845306,8.5442062,471.775
47.3845291,8.5442053,471.72
47.3845291,8.5442053,471.72
47.3845273,8.5442046,471.512
47.3845273,8.5442046,471.512
47.3845259,8.5442036,471.142
47.3845259,8.5442036,471.142
47.3845251,8.5442028,470.692
47.3845251,8.5442028,470.692
47.3845236,8.5442022,470.505
47.3845236,8.5442022,470.505
47.384522,8.5442018,470.383
47.384522,8.5442018,470.383
47.3845208,8.5442016,470.069
47.3845208,8.5442016,470.069
47.3845193,8.544201,469.84
47.3845193,8.544201,469.84
47.3845172,8.5442004,469.851
47.3845172,8.5442004,469.851
47.3845154,8.5442002,469.788
47.3845154,8.5442002,469.788
47.3845138,8.5442002,469.717
47.3845138,8.5442002,469.717
47.3845124,8.5442006,469.837
47.3845124,8.5442006,469.837
47.3845114,8.5442005,469.542
47.3845114,8.5442005,469.542
47.3845108,8.5441997,469.312
47.3845108,8.5441997,469.312
47.3845095,8.5441995,469.318
47.3845095,8.5441995,469.318
47.3845085,8.5441993,469.136
47.3845085,8.5441993,469.136
47.3845068,8.5441986,469.245
47.3845068,8.5441986,469.245
47.384506,8.5441973,468.973
47.384506,8.5441973,468.973
47.3845046,8.5441965,468.842
47.3845046,8.5441965,468.842
47.384503,8.5441964,468.946
47.384503,8.5441964,468.946
47.3845016,8.5441964,468.713
47.3845016,8.5441964,468.713
47.3845013,8.5441967,468.456
47.3845013,8.5441967,468.456
47.3845005,8.5441968,468.402
47.3845005,8.5441968,468.402
47.3844998,8.5441967,468.342
47.3844998,8.5441967,468.342
47.3844983,8.5441967,468.26
47.3844983,8.5441967,468.26
47.3844969,8.5441968,468.091
47.3844969,8.5441968,468.091
47.3844953,8.544197,468.059
47.3844953,8.544197,468.059
47.3844937,8.5441972,468.09
47.3844937,8.5441972,468.09
47.3844923,8.5441978,467.907
47.3844923,8.5441978,467.907
47.3844911,8.5441987,467.738
47.3844911,8.5441987,467.738
47.3844897,8.5441993,467.739
47.3844897,8.5441993,467.739
47.3844882,8.5442,467.774
47.3844882,8.5442,467.774
47.3844866,8.5442005,467.801
47.3844866,8.5442005,467.801
47.3844849,8.5442012,467.757
47.3844849,8.5442012,467.757
47.384483,8.5442018,467.557
47.384483,8.5442018,467.557
47.3844816,8.5442028,467.185
47.3844816,8.5442028,467.185
47.3844795,8.5442031,467.157
47.3844795,8.5442031,467.157
47.3844773,8.544203,467.109
47.3844773,8.544203,467.109
47.3844754,8.544203,466.89
47.3844754,8.544203,466.89
47.3844731,8.5442026,466.924
47.3844731,8.5442026,466.924
47.3844712,8.5442023,466.856
47.3844712,8.5442023,466.856
47.3844692,8.5442021,466.742
47.3844692,8.5442021,466.742
47.3844673,8.5442018,466.538
47.3844673,8.5442018,466.538
47.3844657,8.5442024,466.331
47.3844657,8.5442024,466.331
47.3844646,8.5442035,466.32
47.3844646,8.5442035,466.32
47.384463,8.544204,466.21
47.384463,8.544204,466.21
47.3844619,8.5442054,465.843
47.3844619,8.5442054,465.843
47.3844607,8.5442059,465.755
47.3844607,8.5442059,465.755
47.3844598,8.5442057,465.509
47.3844598,8.5442057,465.509
47.3844588,8.5442051,465.523
47.3844588,8.5442051,465.523
47.3844573,8.5442032,465.588
47.3844573,8.5442032,465.588
47.3844564,8.5442021,465.581
47.3844564,8.5442021,465.581
47.3844556,8.5442017,465.462
47.3844556,8.5442017,465.462
47.3844538,8.5442003,465.343
47.3844538,8.5442003,465.343
47.3844531,8.5442006,465.213
47.3844531,8.5442006,465.213
47.3844527,8.5442012,465.043
47.3844527,8.5442012,465.043
47.3844525,8.5442019,464.871
47.3844525,8.5442019,464.871
47.3844515,8.544202,464.832
47.3844515,8.544202,464.832
47.3844511,8.5442025,464.613
47.3844511,8.5442025,464.613
47.3844506,8.5442031,464.688
47.3844506,8.5442031,464.688
47.3844495,8.5442032,464.721
47.3844495,8.5442032,464.721
47.384449,8.544204,464.369
47.384449,8.544204,464.369
47.3844475,8.5442037,464.084
47.3844475,8.5442037,464.084
47.384447,8.5442038,463.642
47.384447,8.5442038,463.642
47.3844464,8.5442028,463.502
47.3844464,8.5442028,463.502
47.3844456,8.5442022,463.362
47.3844456,8.5442022,463.362
47.3844449,8.5442021,463.163
47.3844449,8.5442021,463.163
47.3844439,8.5442016,463.16
47.3844439,8.5442016,463.16
47.384443,8.5442016,463.208
47.384443,8.5442016,463.208
47.3844421,8.5442019,463.14
47.3844421,8.5442019,463.14
47.3844408,8.5442025,463.11
47.3844408,8.5442025,463.11
47.3844396,8.5442031,463.103
47.3844396,8.5442031,463.103
47.384439,8.5442037,462.969
47.384439,8.5442037,462.969
47.3844378,8.5442036,462.996
47.3844378,8.5442036,462.996
47.3844363,8.5442039,462.945
47.3844363,8.5442039,462.945
47.3844348,8.5442043,462.865
47.3844348,8.5442043,462.865
47.3844323,8.5442036,463.024
47.3844323,8.5442036,463.024
47.3844305,8.544203,463.362
47.3844305,8.544203,463.362
47.3844291,8.5442035,463.296
47.3844291,8.5442035,463.296
47.3844272,8.5442031,463.537
47.3844272,8.5442031,463.537
47.3844261,8.5442036,463.465
47.3844261,8.5442036,463.465
47.3844254,8.5442038,463.474
47.3844254,8.5442038,463.474
47.384425,8.5442036,463.612
47.384425,8.5442036,463.612
47.3844246,8.5442035,463.703
47.3844246,8.5442035,463.703
47.3844246,8.5442037,463.708
47.3844246,8.5442037,463.708
47.3844249,8.544205,463.48
47.3844249,8.544205,463.48
47.3844245,8.5442056,463.492
47.3844245,8.5442056,463.492
47.384424,8.5442057,463.268
47.384424,8.5442057,463.268
47.3844233,8.5442054,463.152
47.3844233,8.5442054,463.152
47.3844235,8.5442035,462.306
47.3844235,8.5442035,462.306
47.3844236,8.5442001,461.82
47.3844236,8.5442001,461.82
47.3844228,8.5441959,461.68
47.3844228,8.5441959,461.68
47.3844225,8.544193,461.602
47.3844225,8.544193,461.602
47.3844227,8.5441908,461.454
47.3844227,8.5441908,461.454
47.3844229,8.5441897,461.209
47.3844229,8.5441897,461.209
47.3844225,8.5441884,460.945
47.3844225,8.5441884,460.945
47.384422,8.5441893,460.895
47.384422,8.5441893,460.895
47.3844215,8.5441891,460.836
47.3844215,8.5441891,460.836
47.3844223,8.5441897,460.684
47.3844223,8.5441897,460.684
47.3844227,8.5441907,460.539
47.3844227,8.5441907,460.539
47.3844228,8.5441921,460.765
47.3844228,8.5441921,460.765
47.3844226,8.5441939,460.862
47.3844226,8.5441939,460.862
47.3844228,8.5441983,461.025
47.3844228,8.5441983,461.025
47.3844217,8.5442021,461.302
47.3844217,8.5442021,461.302
47.3844213,8.544208,461.456
47.3844213,8.544208,461.456
47.3844191,8.5442105,462.046
47.3844191,8.5442105,462.046
47.384419,8.5442161,462.452
47.384419,8.5442161,462.452
47.3844169,8.5442162,462.691
47.3844169,8.5442162,462.691
47.3844156,8.5442144,462.426
47.3844156,8.5442144,462.426
47.3844154,8.544216,462.248
47.3844154,8.544216,462.248
47.3844141,8.5442168,462.401
47.3844141,8.5442168,462.401
47.3844125,8.5442177,462.567
47.3844125,8.5442177,462.567
47.3844117,8.5442204,462.573
47.3844117,8.5442204,462.573
47.3844111,8.5442225,462.509
47.3844111,8.5442225,462.509
47.3844107,8.5442247,462.434
47.3844107,8.5442247,462.434
47.3844108,8.5442272,462.467
47.3844108,8.5442272,462.467
47.3844101,8.5442264,462.453
47.3844101,8.5442264,462.453
47.3844102,8.544227,462.378
47.3844102,8.544227,462.378
47.3844121,8.5442303,461.916
47.3844121,8.5442303,461.916
47.3844121,8.5442309,461.883
47.3844121,8.5442309,461.883
47.3844123,8.5442305,461.404
47.3844123,8.5442305,461.404
47.3844117,8.5442281,460.872
47.3844117,8.5442281,460.872
47.3844099,8.5442255,460.835
47.3844099,8.5442255,460.835
47.3844086,8.5442251,460.914
47.3844086,8.5442251,460.914
47.3844074,8.5442249,461.003
47.3844074,8.5442249,461.003
47.3844085,8.5442264,460.841
47.3844085,8.5442264,460.841
47.3844085,8.5442259,460.54
47.3844085,8.5442259,460.54
47.3844078,8.5442253,460.294
47.3844078,8.5442253,460.294
47.3844069,8.5442233,460.173
47.3844069,8.5442233,460.173
47.3844064,8.5442214,459.786
47.3844064,8.5442214,459.786
47.3844055,8.5442183,459.211
47.3844055,8.5442183,459.211
47.3844048,8.5442147,458.747
47.3844048,8.5442147,458.747
47.3844041,8.5442128,458.175
47.3844041,8.5442128,458.175
47.3844028,8.5442088,457.727
47.3844028,8.5442088,457.727
47.3844007,8.5442065,457.583
47.3844007,8.5442065,457.583
47.3843997,8.5442066,457.35
47.3843997,8.5442066,457.35
47.3843981,8.544207,457.308
47.3843981,8.544207,457.308
47.3843974,8.5442076,457.067
47.3843974,8.5442076,457.067
47.3843951,8.544208,457.354
47.3843951,8.544208,457.354
47.384393,8.5442076,457.278
47.384393,8.5442076,457.278
47.3843923,8.54421,456.968
47.3843923,8.54421,456.968
47.3843921,8.5442139,456.76
47.3843921,8.5442139,456.76
47.3843902,8.5442167,457.049
47.3843902,8.5442167,457.049
47.3843903,8.5442221,456.997
47.3843903,8.5442221,456.997
47.3843896,8.5442258,457.059
47.3843896,8.5442258,457.059
47.3843874,8.5442268,457.13
47.3843874,8.5442268,457.13
47.3843859,8.5442273,456.945
47.3843859,8.5442273,456.945
47.384384,8.5442287,457.125
47.384384,8.5442287,457.125
47.3843831,8.5442323,457.414
47.3843831,8.5442323,457.414
47.3843846,8.5442358,456.854
47.3843846,8.5442358,456.854
47.3843834,8.5442384,456.909
47.3843834,8.5442384,456.909
47.3843809,8.544239,457.323
47.3843809,8.544239,457.323
47.3843788,8.5442397,457.476
47.3843788,8.5442397,457.476
47.3843773,8.5442411,457.333
47.3843773,8.5442411,457.333
47.3843763,8.544242,457.089
47.3843763,8.544242,457.089
47.3843756,8.5442433,456.587
47.3843756,8.5442433,456.587
47.3843747,8.5442436,456.559
47.3843747,8.5442436,456.559
47.3843739,8.5442443,456.393
47.3843739,8.5442443,456.393
47.3843727,8.5442439,456.329
47.3843727,8.5442439,456.329
47.384371,8.5442436,456.57
47.384371,8.5442436,456.57
47.3843696,8.5442441,456.682
47.3843696,8.5442441,456.682
47.3843691,8.5442455,456.546
47.3843691,8.5442455,456.546
47.3843682,8.5442462,456.58
47.3843682,8.5442462,456.58
47.3843673,8.5442467,456.532
47.3843673,8.5442467,456.532
47.3843652,8.5442469,456.792
47.3843652,8.5442469,456.792
47.3843625,8.5442463,457.192
47.3843625,8.5442463,457.192
47.3843585,8.5442452,457.835
47.3843585,8.5442452,457.835
47.3843558,8.5442455,458.123
47.3843558,8.5442455,458.123
47.3843537,8.5442464,458.414
47.3843537,8.5442464,458.414
47.3843511,8.5442472,459.06
47.3843511,8.5442472,459.06
47.3843488,8.5442478,459.445
47.3843488,8.5442478,459.445
47.3843465,8.5442487,459.526
47.3843465,8.5442487,459.526
47.3843441,8.5442496,459.586
47.3843441,8.5442496,459.586
47.384343,8.5442514,459.377
47.384343,8.5442514,459.377
47.3843407,8.5442521,459.536
47.3843407,8.5442521,459.536
47.3843389,8.5442535,459.724
47.3843389,8.5442535,459.724
47.3843388,8.5442563,459.358
47.3843388,8.5442563,459.358
47.3843371,8.5442582,459.301
47.3843371,8.5442582,459.301
47.3843335,8.5442582,459.795
47.3843335,8.5442582,459.795
47.3843306,8.5442582,459.984
47.3843306,8.5442582,459.984
47.3843294,8.5442591,459.975
47.3843294,8.5442591,459.975
47.3843276,8.5442586,460.104
47.3843276,8.5442586,460.104
47.3843267,8.5442586,460.108
47.3843267,8.5442586,460.108
47.3843251,8.5442577,460.335
47.3843251,8.5442577,460.335
47.3843239,8.544257,460.47
47.3843239,8.544257,460.47
47.3843227,8.5442566,460.714
47.3843227,8.5442566,460.714
47.384322,8.544256,460.696
47.384322,8.544256,460.696
47.3843223,8.5442564,460.527
47.3843223,8.5442564,460.527
47.3843223,8.5442561,460.534
47.3843223,8.5442561,460.534
47.3843208,8.5442546,460.712
47.3843208,8.5442546,460.712
47.3843206,8.5442545,460.973
47.3843206,8.5442545,460.973
47.3843206,8.5442549,460.699
47.3843206,8.5442549,460.699
47.3843185,8.5442535,461.031
47.3843185,8.5442535,461.031
47.3843176,8.5442526,461.084
47.3843176,8.5442526,461.084
47.3843155,8.5442505,461.271
47.3843155,8.5442505,461.271
47.3843133,8.5442496,461.674
47.3843133,8.5442496,461.674
47.3843108,8.5442488,462.051
47.3843108,8.5442488,462.051
47.3843088,8.5442478,462.303
47.3843088,8.5442478,462.303
47.3843079,8.5442471,462.434
47.3843079,8.5442471,462.434
47.3843073,8.5442469,462.44
47.3843073,8.5442469,462.44
47.3843056,8.5442456,462.676
47.3843056,8.5442456,462.676
47.3843043,8.5442459,462.477
47.3843043,8.5442459,462.477
47.384302,8.5442449,462.524
47.384302,8.5442449,462.524
47.3842996,8.5442442,462.66
47.3842996,8.5442442,462.66
47.3842981,8.5442437,462.652
47.3842981,8.5442437,462.652
47.3842967,8.5442434,462.684
47.3842967,8.5442434,462.684
47.3842946,8.5442431,462.557
47.3842946,8.5442431,462.557
47.3842931,8.5442429,462.536
47.3842931,8.5442429,462.536
47.3842917,8.5442425,462.614
47.3842917,8.5442425,462.614
47.3842904,8.5442423,462.636
47.3842904,8.5442423,462.636
47.384289,8.5442414,462.735
47.384289,8.5442414,462.735
47.3842871,8.5442397,462.975
47.3842871,8.5442397,462.975
47.3842858,8.544239,462.908
47.3842858,8.544239,462.908
47.3842845,8.5442385,462.529
47.3842845,8.5442385,462.529
47.3842832,8.5442381,462.519
47.3842832,8.5442381,462.519
47.384282,8.5442381,462.501
47.384282,8.5442381,462.501
47.3842811,8.5442388,462.304
47.3842811,8.5442388,462.304
47.3842792,8.5442386,462.485
47.3842792,8.5442386,462.485
47.3842769,8.5442372,462.776
47.3842769,8.5442372,462.776
47.3842758,8.5442369,462.622
47.3842758,8.5442369,462.622
47.3842743,8.5442364,462.726
47.3842743,8.5442364,462.726
47.3842728,8.5442362,462.742
47.3842728,8.5442362,462.742
47.3842719,8.5442367,462.723
47.3842719,8.5442367,462.723
47.3842704,8.544237,462.911
47.3842704,8.544237,462.911
47.3842684,8.5442368,463.142
47.3842684,8.5442368,463.142
47.3842675,8.5442375,463.179
47.3842675,8.5442375,463.179
47.3842666,8.5442383,463.084
47.3842666,8.5442383,463.084
47.3842651,8.5442388,463.087
47.3842651,8.5442388,463.087
47.3842642,8.5442398,462.941
47.3842642,8.5442398,462.941
47.3842624,8.5442403,463.236
47.3842624,8.5442403,463.236
47.384261,8.5442415,463.373
47.384261,8.5442415,463.373
47.3842584,8.5442416,463.641
47.3842584,8.5442416,463.641
47.3842562,8.5442421,463.717
47.3842562,8.5442421,463.717
47.3842537,8.5442426,463.833
47.3842537,8.5442426,463.833
47.3842511,8.5442432,464.072
47.3842511,8.5442432,464.072
47.384249,8.5442437,464.065
47.384249,8.5442437,464.065
47.3842462,8.544244,464.14
47.3842462,8.544244,464.14
47.3842435,8.5442444,464.202
47.3842435,8.5442444,464.202
47.3842403,8.5442447,464.444
47.3842403,8.5442447,464.444
47.3842385,8.5442468,464.261
47.3842385,8.5442468,464.261
47.3842356,8.5442473,464.374
47.3842356,8.5442473,464.374
47.384232,8.5442473,464.494
47.384232,8.5442473,464.494
47.3842292,8.544248,464.631
47.3842292,8.544248,464.631
47.3842259,8.5442487,464.678
47.3842259,8.5442487,464.678
47.3842223,8.5442496,464.819
47.3842223,8.5442496,464.819
47.3842201,8.5442511,464.664
47.3842201,8.5442511,464.664
47.3842176,8.5442524,464.676
47.3842176,8.5442524,464.676
47.3842152,8.5442534,464.663
47.3842152,8.5442534,464.663
47.3842129,8.5442541,464.706
47.3842129,8.5442541,464.706
47.3842119,8.5442565,464.294
47.3842119,8.5442565,464.294
47.384209,8.5442566,464.37
47.384209,8.5442566,464.37
47.384207,8.5442574,464.352
47.384207,8.5442574,464.352
47.3842051,8.5442579,464.257
47.3842051,8.5442579,464.257
47.384203,8.544258,464.241
47.384203,8.544258,464.241
47.3842,8.5442569,464.352
47.3842,8.5442569,464.352
47.3841969,8.5442551,464.45
47.3841969,8.5442551,464.45
47.3841948,8.5442543,464.431
47.3841948,8.5442543,464.431
47.384194,8.5442543,464.29
47.384194,8.5442543,464.29
47.384193,8.5442543,464.226
47.384193,8.5442543,464.226
47.3841921,8.5442541,464.182
47.3841921,8.5442541,464.182
47.3841912,8.5442543,464.261
47.3841912,8.5442543,464.261
47.3841903,8.5442543,464.099
47.3841903,8.5442543,464.099
47.3841893,8.5442545,464.024
47.3841893,8.5442545,464.024
47.3841882,8.5442542,464.047
47.3841882,8.5442542,464.047
47.3841879,8.5442546,463.976
47.3841879,8.5442546,463.976
47.3841865,8.5442542,464.026
47.3841865,8.5442542,464.026
47.3841846,8.5442533,464.108
47.3841846,8.5442533,464.108
47.3841838,8.5442535,463.966
47.3841838,8.5442535,463.966
47.384182,8.5442533,463.943
47.384182,8.5442533,463.943
47.3841811,8.5442539,463.938
47.3841811,8.5442539,463.938
47.3841809,8.5442551,463.614
47.3841809,8.5442551,463.614
47.3841805,8.5442566,463.52
47.3841805,8.5442566,463.52
47.3841787,8.5442569,463.526
47.3841787,8.5442569,463.526
47.384176,8.5442564,463.625
47.384176,8.5442564,463.625
47.3841742,8.5442566,463.752
47.3841742,8.5442566,463.752
47.3841726,8.5442571,463.771
47.3841726,8.5442571,463.771
47.3841709,8.5442578,463.788
47.3841709,8.5442578,463.788
47.384169,8.5442583,463.88
47.384169,8.5442583,463.88
47.3841673,8.5442587,463.769
47.3841673,8.5442587,463.769
47.3841654,8.5442596,463.833
47.3841654,8.5442596,463.833
47.3841638,8.5442608,463.87
47.3841638,8.5442608,463.87
47.3841618,8.5442612,464.197
47.3841618,8.5442612,464.197
47.3841607,8.5442627,463.993
47.3841607,8.5442627,463.993
47.3841591,8.5442644,464.06
47.3841591,8.5442644,464.06
47.3841582,8.5442662,463.936
47.3841582,8.5442662,463.936
47.3841564,8.5442676,463.987
47.3841564,8.5442676,463.987
47.3841545,8.5442687,463.941
47.3841545,8.5442687,463.941
47.3841527,8.5442699,463.874
47.3841527,8.5442699,463.874
47.3841511,8.544271,463.832
47.3841511,8.544271,463.832
47.3841492,8.544272,463.889
47.3841492,8.544272,463.889
47.3841473,8.5442733,463.759
47.3841473,8.5442733,463.759
47.3841451,8.5442744,463.814
47.3841451,8.5442744,463.814
47.3841424,8.5442748,463.931
47.3841424,8.5442748,463.931
47.3841412,8.5442763,463.82
47.3841412,8.5442763,463.82
47.3841387,8.5442769,463.963
47.3841387,8.5442769,463.963
47.3841369,8.5442779,463.993
47.3841369,8.5442779,463.993
47.384135,8.544279,463.878
47.384135,8.544279,463.878
47.384133,8.5442801,463.87
47.384133,8.5442801,463.87
47.384131,8.5442807,463.923
47.384131,8.5442807,463.923
47.3841291,8.544281,463.885
47.3841291,8.544281,463.885
47.3841276,8.5442816,463.831
47.3841276,8.5442816,463.831
47.3841255,8.5442821,463.832
47.3841255,8.5442821,463.832
47.3841232,8.5442825,463.844
47.3841232,8.5442825,463.844
47.3841212,8.544283,463.871
47.3841212,8.544283,463.871
47.3841192,8.5442833,463.949
47.3841192,8.5442833,463.949
47.3841169,8.5442838,463.995
47.3841169,8.5442838,463.995
47.3841154,8.5442848,463.963
47.3841154,8.5442848,463.963
47.3841132,8.5442852,463.931
47.3841132,8.5442852,463.931
47.3841111,8.5442853,464.031
47.3841111,8.5442853,464.031
47.3841093,8.5442856,463.965
47.3841093,8.5442856,463.965
47.3841071,8.5442857,463.958
47.3841071,8.5442857,463.958
47.3841049,8.5442856,464.068
47.3841049,8.5442856,464.068
47.3841028,8.5442854,464.114
47.3841028,8.5442854,464.114
47.3841009,8.5442853,464.03
47.3841009,8.5442853,464.03
47.3840989,8.5442851,463.948
47.3840989,8.5442851,463.948
47.3840958,8.5442847,463.954
47.3840958,8.5442847,463.954
47.3840935,8.5442846,463.888
47.3840935,8.5442846,463.888
47.3840912,8.5442843,463.963
47.3840912,8.5442843,463.963
47.3840894,8.544284,463.89
47.3840894,8.544284,463.89
47.3840873,8.5442836,463.893
47.3840873,8.5442836,463.893
47.3840852,8.5442835,463.965
47.3840852,8.5442835,463.965
47.3840834,8.5442832,463.902
47.3840834,8.5442832,463.902
47.384081,8.5442825,464.149
47.384081,8.5442825,464.149
47.3840787,8.5442817,464.276
47.3840787,8.5442817,464.276
47.3840765,8.544281,464.424
47.3840765,8.544281,464.424
47.3840742,8.5442802,464.427
47.3840742,8.5442802,464.427
47.384072,8.544279,464.583
47.384072,8.544279,464.583
47.3840703,8.5442781,464.677
47.3840703,8.5442781,464.677
47.3840683,8.5442767,464.749
47.3840683,8.5442767,464.749
47.3840669,8.5442752,464.72
47.3840669,8.5442752,464.72
47.3840651,8.5442746,464.847
47.3840651,8.5442746,464.847
47.3840632,8.5442738,464.98
47.3840632,8.5442738,464.98
47.3840613,8.5442727,465.077
47.3840613,8.5442727,465.077
47.3840593,8.5442721,465.248
47.3840593,8.5442721,465.248
47.3840572,8.5442719,465.431
47.3840572,8.5442719,465.431
47.3840556,8.5442717,465.465
47.3840556,8.5442717,465.465
47.3840538,8.544272,465.59
47.3840538,8.544272,465.59
47.3840523,8.5442719,465.652
47.3840523,8.5442719,465.652
47.3840513,8.5442712,465.574
47.3840513,8.5442712,465.574
47.3840499,8.5442713,465.712
47.3840499,8.5442713,465.712
47.3840485,8.5442716,465.826
47.3840485,8.5442716,465.826
47.3840474,8.5442717,465.733
47.3840474,8.5442717,465.733
47.3840459,8.5442715,465.922
47.3840459,8.5442715,465.922
47.3840451,8.5442711,465.976
47.3840451,8.5442711,465.976
47.384044,8.5442712,466.054
47.384044,8.5442712,466.054
47.3840432,8.5442715,465.926
47.3840432,8.5442715,465.926
47.3840422,8.5442717,465.891
47.3840422,8.5442717,465.891
47.3840412,8.5442719,466.031
47.3840412,8.5442719,466.031
47.3840407,8.5442722,466.024
47.3840407,8.5442722,466.024
47.3840402,8.5442726,465.948
47.3840402,8.5442726,465.948
47.3840397,8.5442731,465.848
47.3840397,8.5442731,465.848
47.3840395,8.5442739,465.873
47.3840395,8.5442739,465.873
47.3840392,8.5442747,465.908
47.3840392,8.5442747,465.908
47.3840384,8.5442752,465.926
47.3840384,8.5442752,465.926
47.3840374,8.5442756,465.91
47.3840374,8.5442756,465.91
47.384037,8.5442763,465.612
47.384037,8.5442763,465.612
47.3840362,8.5442772,465.578
47.3840362,8.5442772,465.578
47.384035,8.5442779,465.604
47.384035,8.5442779,465.604
47.3840335,8.5442785,465.685
47.3840335,8.5442785,465.685
47.3840316,8.5442791,465.794
47.3840316,8.5442791,465.794
47.3840306,8.5442802,465.618
47.3840306,8.5442802,465.618
47.3840291,8.5442812,465.485
47.3840291,8.5442812,465.485
47.3840271,8.5442818,465.494
47.3840271,8.5442818,465.494
47.3840257,8.5442825,465.406
47.3840257,8.5442825,465.406
47.3840239,8.5442827,465.44
47.3840239,8.5442827,465.44
47.3840224,8.5442832,465.503
47.3840224,8.5442832,465.503
47.3840212,8.5442839,465.425
47.3840212,8.5442839,465.425
47.3840197,8.5442844,465.345
47.3840197,8.5442844,465.345
47.384018,8.5442848,465.508
47.384018,8.5442848,465.508
47.3840166,8.5442851,465.604
47.3840166,8.5442851,465.604
47.3840149,8.544285,465.682
47.3840149,8.544285,465.682
47.3840138,8.5442851,465.613
47.3840138,8.5442851,465.613
47.3840124,8.5442848,465.64
47.3840124,8.5442848,465.64
47.3840112,8.5442848,465.533
47.3840112,8.5442848,465.533
47.3840096,8.5442849,465.476
47.3840096,8.5442849,465.476
47.3840083,8.5442854,465.295
47.3840083,8.5442854,465.295
47.3840063,8.5442848,465.313
47.3840063,8.5442848,465.313
47.3840053,8.5442851,465.362
47.3840053,8.5442851,465.362
47.384004,8.5442855,465.157
47.384004,8.5442855,465.157
47.3840031,8.5442862,464.978
47.3840031,8.5442862,464.978
47.3840021,8.5442871,464.888
47.3840021,8.5442871,464.888
47.3840009,8.544288,464.757
47.3840009,8.544288,464.757
47.3839995,8.5442889,464.648
47.3839995,8.5442889,464.648
47.3839979,8.5442895,464.572
47.3839979,8.5442895,464.572
47.3839965,8.5442905,464.487
47.3839965,8.5442905,464.487
47.383995,8.5442915,464.273
47.383995,8.5442915,464.273
47.3839939,8.544292,464.228
47.3839939,8.544292,464.228
47.3839923,8.5442931,464.121
47.3839923,8.5442931,464.121
47.3839914,8.544294,463.87
47.3839914,8.544294,463.87
47.3839897,8.5442948,463.884
47.3839897,8.5442948,463.884
47.3839882,8.5442962,463.885
47.3839882,8.5442962,463.885
47.3839864,8.5442974,463.852
47.3839864,8.5442974,463.852
47.3839845,8.5442985,464.009
47.3839845,8.5442985,464.009
47.3839824,8.5442996,463.969
47.3839824,8.5442996,463.969
47.3839802,8.5443002,463.955
47.3839802,8.5443002,463.955
47.383978,8.5443005,463.951
47.383978,8.5443005,463.951
47.3839761,8.544301,463.925
47.3839761,8.544301,463.925
47.3839746,8.5443015,463.978
47.3839746,8.5443015,463.978
47.3839725,8.5443023,464.025
47.3839725,8.5443023,464.025
47.3839703,8.5443029,464.045
47.3839703,8.5443029,464.045
47.3839681,8.5443038,464.096
47.3839681,8.5443038,464.096
47.3839664,8.5443044,464.218
47.3839664,8.5443044,464.218
47.383964,8.5443052,464.376
47.383964,8.5443052,464.376
47.383962,8.5443064,464.426
47.383962,8.5443064,464.426
47.3839601,8.5443073,464.525
47.3839601,8.5443073,464.525
47.383958,8.5443079,464.655
47.383958,8.5443079,464.655
47.3839561,8.5443084,464.702
47.3839561,8.5443084,464.702
47.3839541,8.5443089,464.725
47.3839541,8.5443089,464.725
47.383952,8.5443095,464.673
47.383952,8.5443095,464.673
47.3839499,8.5443107,464.588
47.3839499,8.5443107,464.588
47.3839477,8.5443121,464.516
47.3839477,8.5443121,464.516
47.3839456,8.5443131,464.524
47.3839456,8.5443131,464.524
47.3839437,8.5443139,464.444
47.3839437,8.5443139,464.444
47.3839411,8.5443148,464.553
47.3839411,8.5443148,464.553
47.383939,8.5443154,464.575
47.383939,8.5443154,464.575
47.383937,8.5443156,464.435
47.383937,8.5443156,464.435
47.3839355,8.5443162,464.173
47.3839355,8.5443162,464.173
47.3839339,8.5443167,463.972
47.3839339,8.5443167,463.972
47.3839323,8.5443169,464.046
47.3839323,8.5443169,464.046
47.383931,8.5443168,463.966
47.383931,8.5443168,463.966
47.3839293,8.5443164,463.85
47.3839293,8.5443164,463.85
47.383928,8.5443166,464.015
47.383928,8.5443166,464.015
47.3839269,8.5443175,464.168
47.3839269,8.5443175,464.168
47.383926,8.5443183,464.212
47.383926,8.5443183,464.212
47.3839253,8.5443189,464.186
47.3839253,8.5443189,464.186
47.3839242,8.5443196,464.157
47.3839242,8.5443196,464.157
47.3839229,8.5443204,464.144
47.3839229,8.5443204,464.144
47.3839218,8.5443211,464.136
47.3839218,8.5443211,464.136
47.3839207,8.5443215,464.174
47.3839207,8.5443215,464.174
47.3839198,8.544322,463.982
47.3839198,8.544322,463.982
47.3839176,8.5443221,464.043
47.3839176,8.5443221,464.043
47.3839174,8.5443239,463.926
47.3839174,8.5443239,463.926
47.3839165,8.5443251,463.795
47.3839165,8.5443251,463.795
47.3839155,8.544326,463.882
47.3839155,8.544326,463.882
47.3839144,8.5443264,464.006
47.3839144,8.5443264,464.006
47.383914,8.5443268,463.897
47.383914,8.5443268,463.897
47.3839123,8.5443267,463.956
47.3839123,8.5443267,463.956
47.3839116,8.544327,463.994
47.3839116,8.544327,463.994
47.3839113,8.5443274,463.98
47.3839113,8.5443274,463.98
47.3839097,8.5443274,464.164
47.3839097,8.5443274,464.164
47.3839078,8.5443265,464.323
47.3839078,8.5443265,464.323
47.3839055,8.5443256,464.549
47.3839055,8.5443256,464.549
47.3839047,8.5443262,464.58
47.3839047,8.5443262,464.58
47.383904,8.5443264,464.586
47.383904,8.5443264,464.586
47.3839027,8.5443263,464.773
47.3839027,8.5443263,464.773
47.3839008,8.5443257,464.948
47.3839008,8.5443257,464.948
47.3838996,8.5443259,465.06
47.3838996,8.5443259,465.06
47.3838982,8.5443268,464.908
47.3838982,8.5443268,464.908
47.3838974,8.544329,464.715
47.3838974,8.544329,464.715
47.3838968,8.5443303,464.785
47.3838968,8.5443303,464.785
47.3838955,8.5443287,464.914
47.3838955,8.5443287,464.914
47.3838937,8.5443266,464.949
47.3838937,8.5443266,464.949
47.3838925,8.5443269,464.901
47.3838925,8.5443269,464.901
47.3838915,8.5443287,464.911
47.3838915,8.5443287,464.911
47.3838898,8.5443298,464.96
47.3838898,8.5443298,464.96
47.3838882,8.5443305,464.896
47.3838882,8.5443305,464.896
47.3838872,8.5443306,464.852
47.3838872,8.5443306,464.852
47.3838859,8.5443311,465.036
47.3838859,8.5443311,465.036
47.3838847,8.5443327,465.127
47.3838847,8.5443327,465.127
47.3838842,8.5443344,464.932
47.3838842,8.5443344,464.932
47.3838823,8.5443349,465.074
47.3838823,8.5443349,465.074
47.3838801,8.5443355,465.059
47.3838801,8.5443355,465.059
47.3838779,8.5443364,465.025
47.3838779,8.5443364,465.025
47.3838764,8.5443379,464.859
47.3838764,8.5443379,464.859
47.3838756,8.5443393,464.682
47.3838756,8.5443393,464.682
47.3838739,8.54434,464.666
47.3838739,8.54434,464.666
47.3838714,8.5443397,464.832
47.3838714,8.5443397,464.832
47.38387,8.5443406,464.782
47.38387,8.5443406,464.782
47.383868,8.544341,464.729
47.383868,8.544341,464.729
47.383867,8.5443425,464.379
47.383867,8.5443425,464.379
47.3838659,8.5443431,464.391
47.3838659,8.5443431,464.391
47.3838648,8.5443438,464.568
47.3838648,8.5443438,464.568
47.3838639,8.5443449,464.566
47.3838639,8.5443449,464.566
47.3838629,8.544346,464.522
47.3838629,8.544346,464.522
47.3838624,8.5443475,464.257
47.3838624,8.5443475,464.257
47.3838612,8.5443483,464.215
47.3838612,8.5443483,464.215
47.3838595,8.5443487,464.303
47.3838595,8.5443487,464.303
47.3838578,8.5443496,464.235
47.3838578,8.5443496,464.235
47.3838561,8.5443499,464.215
47.3838561,8.5443499,464.215
47.3838553,8.5443508,463.969
47.3838553,8.5443508,463.969
47.383854,8.5443511,463.848
47.383854,8.5443511,463.848
47.3838532,8.5443512,463.675
47.3838532,8.5443512,463.675
47.3838518,8.544352,463.541
47.3838518,8.544352,463.541
47.3838506,8.5443528,463.33
47.3838506,8.5443528,463.33
47.3838483,8.5443522,463.442
47.3838483,8.5443522,463.442
47.3838468,8.544352,463.452
47.3838468,8.544352,463.452
47.3838452,8.5443516,463.558
47.3838452,8.5443516,463.558
47.3838437,8.5443513,463.524
47.3838437,8.5443513,463.524
47.3838424,8.5443513,463.516
47.3838424,8.5443513,463.516
47.3838414,8.5443513,463.182
47.3838414,8.5443513,463.182
47.3838399,8.5443507,463.13
47.3838399,8.5443507,463.13
47.3838377,8.5443495,463.161
47.3838377,8.5443495,463.161
47.3838359,8.5443482,463.285
47.3838359,8.5443482,463.285
47.3838349,8.5443473,463.336
47.3838349,8.5443473,463.336
47.3838343,8.5443472,463.128
47.3838343,8.5443472,463.128
47.383833,8.5443466,463.071
47.383833,8.5443466,463.071
47.3838309,8.5443454,463.188
47.3838309,8.5443454,463.188
47.38383,8.5443454,462.933
47.38383,8.5443454,462.933
47.3838285,8.544345,462.908
47.3838285,8.544345,462.908
47.3838268,8.5443434,462.902
47.3838268,8.5443434,462.902
47.3838254,8.5443424,463.054
47.3838254,8.5443424,463.054
47.3838247,8.5443428,462.968
47.3838247,8.5443428,462.968
47.3838243,8.5443436,462.985
47.3838243,8.5443436,462.985
47.3838244,8.5443455,462.683
47.3838244,8.5443455,462.683
47.3838246,8.5443475,462.361
47.3838246,8.5443475,462.361
47.3838246,8.5443487,462.206
47.3838246,8.5443487,462.206
47.3838225,8.5443473,462.247
47.3838225,8.5443473,462.247
47.3838203,8.5443464,462.358
47.3838203,8.5443464,462.358
47.3838188,8.5443469,462.166
47.3838188,8.5443469,462.166
47.3838172,8.5443464,462.307
47.3838172,8.5443464,462.307
47.3838161,8.5443469,462.198
47.3838161,8.5443469,462.198
47.3838149,8.5443473,462.193
47.3838149,8.5443473,462.193
47.383814,8.5443482,462.325
47.383814,8.5443482,462.325
47.3838114,8.5443491,462.644
47.3838114,8.5443491,462.644
47.383809,8.5443506,462.948
47.383809,8.5443506,462.948
47.3838073,8.5443507,463.135
47.3838073,8.5443507,463.135
47.3838047,8.5443495,463.508
47.3838047,8.5443495,463.508
47.3838035,8.5443496,463.348
47.3838035,8.5443496,463.348
47.3838014,8.5443497,463.503
47.3838014,8.5443497,463.503
47.3837988,8.5443493,463.754
47.3837988,8.5443493,463.754
47.3837959,8.5443494,463.972
47.3837959,8.5443494,463.972
47.3837922,8.5443481,464.211
47.3837922,8.5443481,464.211
47.383789,8.544347,464.255
47.383789,8.544347,464.255
47.3837864,8.5443469,464.446
47.3837864,8.5443469,464.446
47.3837836,8.5443462,464.735
47.3837836,8.5443462,464.735
47.3837815,8.5443459,464.88
47.3837815,8.5443459,464.88
47.3837795,8.5443457,465.027
47.3837795,8.5443457,465.027
47.3837774,8.544345,465.152
47.3837774,8.544345,465.152
47.3837761,8.5443451,464.986
47.3837761,8.5443451,464.986
47.3837744,8.5443452,465.141
47.3837744,8.5443452,465.141
47.3837727,8.544345,465.242
47.3837727,8.544345,465.242
47.3837708,8.5443446,465.133
47.3837708,8.5443446,465.133
47.3837683,8.5443439,465.315
47.3837683,8.5443439,465.315
47.3837658,8.5443436,465.314
47.3837658,8.5443436,465.314
47.3837626,8.5443434,465.534
47.3837626,8.5443434,465.534
47.3837598,8.5443435,465.703
47.3837598,8.5443435,465.703
47.3837572,8.5443436,465.873
47.3837572,8.5443436,465.873
47.3837544,8.544344,466.052
47.3837544,8.544344,466.052
47.3837522,8.5443449,466.089
47.3837522,8.5443449,466.089
47.3837502,8.5443462,466.153
47.3837502,8.5443462,466.153
47.383748,8.5443466,465.997
47.383748,8.5443466,465.997
47.3837452,8.5443463,466.101
47.3837452,8.5443463,466.101
47.3837421,8.5443469,466.443
47.3837421,8.5443469,466.443
47.3837395,8.5443478,466.449
47.3837395,8.5443478,466.449
47.383737,8.5443482,466.539
47.383737,8.5443482,466.539
47.3837351,8.5443485,466.619
47.3837351,8.5443485,466.619
47.3837327,8.5443488,466.774
47.3837327,8.5443488,466.774
47.3837304,8.5443501,466.864
47.3837304,8.5443501,466.864
47.3837286,8.5443508,466.827
47.3837286,8.5443508,466.827
47.3837264,8.5443516,466.918
47.3837264,8.5443516,466.918
47.3837254,8.5443514,466.674
47.3837254,8.5443514,466.674
47.3837243,8.5443511,466.464
47.3837243,8.5443511,466.464
47.3837227,8.5443508,466.253
47.3837227,8.5443508,466.253
47.3837205,8.5443508,466.279
47.3837205,8.5443508,466.279
47.3837188,8.5443509,466.191
47.3837188,8.5443509,466.191
47.383717,8.5443517,466.233
47.383717,8.5443517,466.233
47.3837151,8.544353,466.233
47.3837151,8.544353,466.233
47.3837128,8.5443543,466.254
47.3837128,8.5443543,466.254
47.3837108,8.5443558,466.2
47.3837108,8.5443558,466.2
47.3837095,8.5443565,466.019
47.3837095,8.5443565,466.019
47.3837077,8.5443581,465.983
47.3837077,8.5443581,465.983
47.3837059,8.5443601,466.074
47.3837059,8.5443601,466.074
47.3837042,8.5443622,466.138
47.3837042,8.5443622,466.138
47.3837022,8.5443638,466.264
47.3837022,8.5443638,466.264
47.3836999,8.5443653,466.267
47.3836999,8.5443653,466.267
47.3836977,8.5443668,466.32
47.3836977,8.5443668,466.32
47.3836953,8.5443682,466.446
47.3836953,8.5443682,466.446
47.3836934,8.5443692,466.353
47.3836934,8.5443692,466.353
47.3836908,8.5443705,466.432
47.3836908,8.5443705,466.432
47.3836883,8.5443717,466.51
47.3836883,8.5443717,466.51
47.3836832,8.5443713,466.863
47.3836832,8.5443713,466.863
47.383679,8.5443708,466.987
47.383679,8.5443708,466.987
47.3836737,8.5443698,467.416
47.3836737,8.5443698,467.416
47.3836709,8.5443697,467.358
47.3836709,8.5443697,467.358
47.3836683,8.5443699,467.449
47.3836683,8.5443699,467.449
47.3836667,8.5443707,467.529
47.3836667,8.5443707,467.529
47.3836653,8.5443714,467.494
47.3836653,8.5443714,467.494
47.3836637,8.5443719,467.421
47.3836637,8.5443719,467.421
47.3836616,8.5443718,467.493
47.3836616,8.5443718,467.493
47.3836605,8.5443721,467.456
47.3836605,8.5443721,467.456
47.3836596,8.5443725,467.444
47.3836596,8.5443725,467.444
47.3836584,8.5443727,467.434
47.3836584,8.5443727,467.434
47.3836576,8.5443733,467.371
47.3836576,8.5443733,467.371
47.3836573,8.5443741,467.291
47.3836573,8.5443741,467.291
47.3836573,8.5443751,467.254
47.3836573,8.5443751,467.254
47.3836564,8.5443759,467.263
47.3836564,8.5443759,467.263
47.3836557,8.5443771,467.13
47.3836557,8.5443771,467.13
47.383655,8.5443786,467.044
47.383655,8.5443786,467.044
47.3836538,8.5443795,466.991
47.3836538,8.5443795,466.991
47.3836532,8.5443808,466.954
47.3836532,8.5443808,466.954
47.383652,8.5443818,466.861
47.383652,8.5443818,466.861
47.3836507,8.5443828,466.855
47.3836507,8.5443828,466.855
47.383649,8.5443835,466.966
47.383649,8.5443835,466.966
47.3836471,8.5443842,467.059
47.3836471,8.5443842,467.059
47.3836453,8.5443851,467.151
47.3836453,8.5443851,467.151
47.3836442,8.5443868,467.056
47.3836442,8.5443868,467.056
47.3836424,8.5443881,467.129
47.3836424,8.5443881,467.129
47.383641,8.5443893,467.154
47.383641,8.5443893,467.154
47.3836399,8.5443908,467.057
47.3836399,8.5443908,467.057
47.3836383,8.5443918,467.099
47.3836383,8.5443918,467.099
47.3836366,8.5443927,467.123
47.3836366,8.5443927,467.123
47.3836353,8.5443938,467.16
47.3836353,8.5443938,467.16
47.383634,8.5443951,467.145
47.383634,8.5443951,467.145
47.3836317,8.5443963,467.255
47.3836317,8.5443963,467.255
47.3836305,8.5443979,467.185
47.3836305,8.5443979,467.185
47.3836287,8.5443993,467.215
47.3836287,8.5443993,467.215
47.3836265,8.5444007,467.416
47.3836265,8.5444007,467.416
47.3836238,8.5444013,467.555
47.3836238,8.5444013,467.555
47.3836209,8.5444014,467.663
47.3836209,8.5444014,467.663
47.3836186,8.5444019,467.714
47.3836186,8.5444019,467.714
47.3836156,8.5444023,467.871
47.3836156,8.5444023,467.871
47.3836131,8.544403,468.021
47.3836131,8.544403,468.021
47.3836105,8.5444034,468.09
47.3836105,8.5444034,468.09
47.3836082,8.544404,468.483
47.3836082,8.544404,468.483
47.3836063,8.5444048,468.577
47.3836063,8.5444048,468.577
47.3836044,8.5444059,468.823
47.3836044,8.5444059,468.823
47.3836018,8.5444064,469.115
47.3836018,8.5444064,469.115
47.3835986,8.5444063,469.249
47.3835986,8.5444063,469.249
47.383596,8.5444071,469.533
47.383596,8.5444071,469.533
47.3835952,8.5444091,469.593
47.3835952,8.5444091,469.593
47.3835948,8.5444115,469.65
47.3835948,8.5444115,469.65
47.3835937,8.5444135,469.808
47.3835937,8.5444135,469.808
47.3835925,8.5444155,469.82
47.3835925,8.5444155,469.82
47.3835917,8.5444182,469.796
47.3835917,8.5444182,469.796
47.38359,8.5444199,469.897
47.38359,8.5444199,469.897
47.3835893,8.544422,469.754
47.3835893,8.544422,469.754
47.3835887,8.5444243,469.69
47.3835887,8.5444243,469.69
47.3835883,8.5444265,469.609
47.3835883,8.5444265,469.609
47.3835882,8.5444291,469.418
47.3835882,8.5444291,469.418
47.3835877,8.5444316,469.332
47.3835877,8.5444316,469.332
47.3835875,8.5444342,469.23
47.3835875,8.5444342,469.23
47.3835874,8.5444371,469.097
47.3835874,8.5444371,469.097
47.383587,8.5444398,468.959
47.383587,8.5444398,468.959
47.3835852,8.5444413,468.952
47.3835852,8.5444413,468.952
47.3835844,8.5444434,468.888
47.3835844,8.5444434,468.888
47.3835841,8.5444461,468.77
47.3835841,8.5444461,468.77
47.3835834,8.5444486,468.624
47.3835834,8.5444486,468.624
47.3835831,8.5444511,468.591
47.3835831,8.5444511,468.591
47.3835825,8.5444533,468.488
47.3835825,8.5444533,468.488
47.3835823,8.5444558,468.489
47.3835823,8.5444558,468.489
47.383581,8.5444571,468.641
47.383581,8.5444571,468.641
47.3835804,8.5444593,468.544
47.3835804,8.5444593,468.544
47.3835791,8.5444609,468.522
47.3835791,8.5444609,468.522
47.3835777,8.5444623,468.482
47.3835777,8.5444623,468.482
47.3835764,8.5444638,468.327
47.3835764,8.5444638,468.327
47.3835753,8.5444653,468.181
47.3835753,8.5444653,468.181
47.3835745,8.544467,468.096
47.3835745,8.544467,468.096
47.383573,8.5444684,468.189
47.383573,8.5444684,468.189
47.383572,8.5444701,468.163
47.383572,8.5444701,468.163
47.3835711,8.5444722,468.193
47.3835711,8.5444722,468.193
47.3835701,8.5444741,468.328
47.3835701,8.5444741,468.328
47.3835686,8.5444757,468.395
47.3835686,8.5444757,468.395
47.3835666,8.5444766,468.706
47.3835666,8.5444766,468.706
47.3835656,8.5444782,468.726
47.3835656,8.5444782,468.726
47.3835639,8.5444796,468.833
47.3835639,8.5444796,468.833
47.3835621,8.5444809,468.975
47.3835621,8.5444809,468.975
47.3835607,8.5444827,469.091
47.3835607,8.5444827,469.091
47.3835599,8.5444853,469.055
47.3835599,8.5444853,469.055
47.3835601,8.544489,469.028
47.3835601,8.544489,469.028
47.38356,8.5444923,469.097
47.38356,8.5444923,469.097
47.3835587,8.5444948,469.136
47.3835587,8.5444948,469.136
47.383557,8.5444968,469.235
47.383557,8.5444968,469.235
47.3835552,8.5444987,469.443
47.3835552,8.5444987,469.443
47.3835534,8.5445009,469.495
47.3835534,8.5445009,469.495
47.3835516,8.5445029,469.564
47.3835516,8.5445029,469.564
47.3835499,8.5445054,469.634
47.3835499,8.5445054,469.634
47.383548,8.5445077,469.833
47.383548,8.5445077,469.833
47.3835458,8.5445099,469.971
47.3835458,8.5445099,469.971
47.383544,8.5445123,469.937
47.383544,8.5445123,469.937
47.3835422,8.5445143,469.925
47.3835422,8.5445143,469.925
47.3835405,8.5445165,469.746
47.3835405,8.5445165,469.746
47.3835384,8.5445186,469.793
47.3835384,8.5445186,469.793
47.3835367,8.5445207,469.83
47.3835367,8.5445207,469.83
47.3835345,8.5445224,469.912
47.3835345,8.5445224,469.912
47.3835323,8.544524,469.973
47.3835323,8.544524,469.973
47.3835309,8.5445264,469.991
47.3835309,8.5445264,469.991
47.3835295,8.5445284,469.954
47.3835295,8.5445284,469.954
47.383528,8.5445301,470.0
47.383528,8.5445301,470.0
47.3835264,8.5445322,469.865
47.3835264,8.5445322,469.865
47.3835246,8.5445345,469.919
47.3835246,8.5445345,469.919
47.3835227,8.5445368,469.829
47.3835227,8.5445368,469.829
47.383521,8.5445387,469.909
47.383521,8.5445387,469.909
47.3835194,8.5445409,469.891
47.3835194,8.5445409,469.891
47.3835177,8.5445433,469.807
47.3835177,8.5445433,469.807
47.383516,8.5445457,469.798
47.383516,8.5445457,469.798
47.3835145,8.5445484,469.713
47.3835145,8.5445484,469.713
47.3835136,8.5445515,469.554
47.3835136,8.5445515,469.554
47.3835125,8.544555,469.445
47.3835125,8.544555,469.445
47.3835111,8.544558,469.474
47.3835111,8.544558,469.474
47.3835095,8.5445604,469.364
47.3835095,8.5445604,469.364
47.3835076,8.5445622,469.365
47.3835076,8.5445622,469.365
47.3835065,8.5445645,469.177
47.3835065,8.5445645,469.177
47.3835044,8.5445662,469.203
47.3835044,8.5445662,469.203
47.383503,8.5445683,469.096
47.383503,8.5445683,469.096
47.3835019,8.5445707,469.081
47.3835019,8.5445707,469.081
47.383501,8.5445735,469.037
47.383501,8.5445735,469.037
47.3835009,8.5445768,468.84
47.3835009,8.5445768,468.84
47.3834996,8.5445789,468.782
47.3834996,8.5445789,468.782
47.383498,8.5445806,468.845
47.383498,8.5445806,468.845
47.3834961,8.5445822,468.927
47.3834961,8.5445822,468.927
47.3834942,8.5445833,469.02
47.3834942,8.5445833,469.02
47.3834933,8.5445849,469.1
47.3834933,8.5445849,469.1
47.3834924,8.5445866,469.008
47.3834924,8.5445866,469.008
47.3834907,8.5445876,469.21
47.3834907,8.5445876,469.21
47.3834901,8.5445894,469.11
47.3834901,8.5445894,469.11
47.3834898,8.5445916,469.245
47.3834898,8.5445916,469.245
47.3834886,8.5445928,469.314
47.3834886,8.5445928,469.314
47.3834877,8.5445942,469.395
47.3834877,8.5445942,469.395
47.3834867,8.5445957,469.427
47.3834867,8.5445957,469.427
47.3834856,8.5445969,469.512
47.3834856,8.5445969,469.512
47.3834841,8.5445977,469.575
47.3834841,8.5445977,469.575
47.3834829,8.5445986,469.637
47.3834829,8.5445986,469.637
47.3834821,8.5446004,469.705
47.3834821,8.5446004,469.705
47.3834815,8.5446024,469.701
47.3834815,8.5446024,469.701
47.3834807,8.5446043,469.62
47.3834807,8.5446043,469.62
47.38348,8.5446063,469.537
47.38348,8.5446063,469.537
47.3834797,8.5446082,469.481
47.3834797,8.5446082,469.481
47.383479,8.5446099,469.478
47.383479,8.5446099,469.478
47.3834787,8.5446121,469.388
47.3834787,8.5446121,469.388
47.3834779,8.5446138,469.46
47.3834779,8.5446138,469.46
47.3834769,8.544615,469.585
47.3834769,8.544615,469.585
47.3834767,8.5446167,469.611
47.3834767,8.5446167,469.611
47.3834765,8.5446182,469.698
47.3834765,8.5446182,469.698
47.3834753,8.5446187,469.833
47.3834753,8.5446187,469.833
47.3834739,8.5446189,469.971
47.3834739,8.5446189,469.971
47.3834731,8.5446202,469.935
47.3834731,8.5446202,469.935
47.3834719,8.5446216,470.089
47.3834719,8.5446216,470.089
47.3834719,8.5446241,469.961
47.3834719,8.5446241,469.961
47.3834714,8.5446266,469.886
47.3834714,8.5446266,469.886
47.3834697,8.5446283,470.137
47.3834697,8.5446283,470.137
47.3834691,8.544631,470.111
47.3834691,8.544631,470.111
47.3834681,8.5446332,470.195
47.3834681,8.5446332,470.195
47.3834664,8.5446349,470.211
47.3834664,8.5446349,470.211
47.3834655,8.5446376,470.275
47.3834655,8.5446376,470.275
47.3834637,8.54464,470.474
47.3834637,8.54464,470.474
47.3834623,8.5446426,470.453
47.3834623,8.5446426,470.453
47.3834612,8.5446453,470.467
47.3834612,8.5446453,470.467
47.3834597,8.5446482,470.48
47.3834597,8.5446482,470.48
47.3834581,8.5446511,470.506
47.3834581,8.5446511,470.506
47.3834568,8.5446541,470.418
47.3834568,8.5446541,470.418
47.3834552,8.5446566,470.56
47.3834552,8.5446566,470.56
47.3834532,8.544659,470.695
47.3834532,8.544659,470.695
47.3834518,8.5446617,470.638
47.3834518,8.5446617,470.638
47.3834504,8.5446643,470.8
47.3834504,8.5446643,470.8
47.3834491,8.5446668,470.861
47.3834491,8.5446668,470.861
47.3834486,8.54467,470.706
47.3834486,8.54467,470.706
47.3834475,8.5446729,470.669
47.3834475,8.5446729,470.669
47.3834469,8.5446761,470.614
47.3834469,8.5446761,470.614
47.3834466,8.5446789,470.324
47.3834466,8.5446789,470.324
47.383446,8.5446811,470.287
47.383446,8.5446811,470.287
47.3834454,8.5446835,470.301
47.3834454,8.5446835,470.301
47.3834448,8.5446861,470.223
47.3834448,8.5446861,470.223
47.3834438,8.5446888,470.278
47.3834438,8.5446888,470.278
47.3834432,8.5446915,470.256
47.3834432,8.5446915,470.256
47.3834421,8.5446938,470.331
47.3834421,8.5446938,470.331
47.3834413,8.5446963,470.282
47.3834413,8.5446963,470.282
47.3834403,8.5446987,470.344
47.3834403,8.5446987,470.344
47.3834398,8.5447008,470.172
47.3834398,8.5447008,470.172
47.383439,8.5447028,470.231
47.383439,8.5447028,470.231
47.3834377,8.5447049,470.308
47.3834377,8.5447049,470.308
47.3834363,8.5447068,470.387
47.3834363,8.5447068,470.387
47.383435,8.5447088,470.463
47.383435,8.5447088,470.463
47.3834334,8.5447105,470.5
47.3834334,8.5447105,470.5
47.3834317,8.5447124,470.565
47.3834317,8.5447124,470.565
47.3834303,8.5447144,470.63
47.3834303,8.5447144,470.63
47.3834297,8.5447168,470.597
47.3834297,8.5447168,470.597
47.3834288,8.5447193,470.639
47.3834288,8.5447193,470.639
47.3834272,8.5447217,470.666
47.3834272,8.5447217,470.666
47.3834257,8.5447242,470.659
47.3834257,8.5447242,470.659
47.3834251,8.5447273,470.554
47.3834251,8.5447273,470.554
47.3834247,8.5447305,470.415
47.3834247,8.5447305,470.415
47.3834224,8.5447321,470.548
47.3834224,8.5447321,470.548
47.3834208,8.5447341,470.594
47.3834208,8.5447341,470.594
47.3834198,8.5447362,470.767
47.3834198,8.5447362,470.767
47.3834189,8.5447384,470.804
47.3834189,8.5447384,470.804
47.3834186,8.5447414,470.62
47.3834186,8.5447414,470.62
47.3834183,8.5447441,470.491
47.3834183,8.5447441,470.491
47.3834177,8.544746,470.608
47.3834177,8.544746,470.608
47.3834178,8.5447484,470.642
47.3834178,8.5447484,470.642
47.383417,8.5447507,470.631
47.383417,8.5447507,470.631
47.3834175,8.5447535,470.598
47.3834175,8.5447535,470.598
47.383417,8.5447554,470.506
47.383417,8.5447554,470.506
47.3834172,8.5447575,470.354
47.3834172,8.5447575,470.354
47.3834179,8.5447595,470.006
47.3834179,8.5447595,470.006
47.3834169,8.5447605,470.153
47.3834169,8.5447605,470.153
47.3834167,8.5447619,470.129
47.3834167,8.5447619,470.129
47.3834162,8.5447631,470.176
47.3834162,8.5447631,470.176
47.3834146,8.5447642,470.213
47.3834146,8.5447642,470.213
47.3834134,8.5447653,470.372
47.3834134,8.5447653,470.372
47.3834122,8.544767,470.466
47.3834122,8.544767,470.466
47.3834105,8.5447689,470.464
47.3834105,8.5447689,470.464
47.3834089,8.5447706,470.644
47.3834089,8.5447706,470.644
47.3834076,8.5447721,470.748
47.3834076,8.5447721,470.748
47.3834059,8.5447737,470.835
47.3834059,8.5447737,470.835
47.3834042,8.5447752,470.964
47.3834042,8.5447752,470.964
47.383402,8.5447762,471.151
47.383402,8.5447762,471.151
47.3834003,8.5447777,471.304
47.3834003,8.5447777,471.304
47.3833994,8.5447798,471.442
47.3833994,8.5447798,471.442
47.3833988,8.5447829,471.335
47.3833988,8.5447829,471.335
47.383397,8.5447852,471.245
47.383397,8.5447852,471.245
47.3833948,8.5447868,471.34
47.3833948,8.5447868,471.34
47.3833927,8.5447883,471.318
47.3833927,8.5447883,471.318
47.3833914,8.5447905,471.296
47.3833914,8.5447905,471.296
47.3833905,8.5447932,471.275
47.3833905,8.5447932,471.275
47.383389,8.5447957,471.194
47.383389,8.5447957,471.194
47.3833869,8.5447981,471.174
47.3833869,8.5447981,471.174
47.3833854,8.5448004,471.205
47.3833854,8.5448004,471.205
47.383384,8.5448027,471.207
47.383384,8.5448027,471.207
47.3833826,8.544805,471.155
47.3833826,8.544805,471.155
47.3833814,8.5448079,471.074
47.3833814,8.5448079,471.074
47.3833801,8.5448107,470.905
47.3833801,8.5448107,470.905
47.3833792,8.5448139,470.77
47.3833792,8.5448139,470.77
47.3833784,8.5448173,470.707
47.3833784,8.5448173,470.707
47.3833771,8.5448199,470.749
47.3833771,8.5448199,470.749
47.3833758,8.5448225,470.623
47.3833758,8.5448225,470.623
47.3833742,8.5448249,470.653
47.3833742,8.5448249,470.653
47.3833721,8.5448265,470.597
47.3833721,8.5448265,470.597
47.3833701,8.5448281,470.646
47.3833701,8.5448281,470.646
47.3833686,8.5448301,470.719
47.3833686,8.5448301,470.719
47.383367,8.5448321,470.828
47.383367,8.5448321,470.828
47.3833651,8.5448339,470.825
47.3833651,8.5448339,470.825
47.3833627,8.5448353,470.971
47.3833627,8.5448353,470.971
47.3833612,8.5448371,471.067
47.3833612,8.5448371,471.067
47.3833602,8.5448395,471.283
47.3833602,8.5448395,471.283
47.3833588,8.5448418,471.225
47.3833588,8.5448418,471.225
47.3833573,8.5448445,471.182
47.3833573,8.5448445,471.182
47.3833561,8.5448475,471.144
47.3833561,8.5448475,471.144
47.3833548,8.5448502,471.129
47.3833548,8.5448502,471.129
47.3833529,8.5448518,471.307
47.3833529,8.5448518,471.307
47.3833518,8.5448544,471.206
47.3833518,8.5448544,471.206
47.3833508,8.5448573,471.233
47.3833508,8.5448573,471.233
47.383349,8.5448595,471.313
47.383349,8.5448595,471.313
47.3833478,8.5448619,471.28
47.3833478,8.5448619,471.28
47.383347,8.5448647,471.138
47.383347,8.5448647,471.138
47.3833455,8.5448667,471.119
47.3833455,8.5448667,471.119
47.3833437,8.5448683,471.152
47.3833437,8.5448683,471.152
47.3833423,8.5448701,471.104
47.3833423,8.5448701,471.104
47.3833407,8.5448718,471.042
47.3833407,8.5448718,471.042
47.3833394,8.5448737,471.038
47.3833394,8.5448737,471.038
47.3833382,8.5448755,470.829
47.3833382,8.5448755,470.829
47.3833364,8.544877,470.697
47.3833364,8.544877,470.697
47.3833346,8.5448782,470.686
47.3833346,8.5448782,470.686
47.3833324,8.5448792,470.748
47.3833324,8.5448792,470.748
47.3833306,8.5448805,470.827
47.3833306,8.5448805,470.827
47.3833295,8.5448822,470.701
47.3833295,8.5448822,470.701
47.3833282,8.5448838,470.483
47.3833282,8.5448838,470.483
47.3833266,8.544885,470.554
47.3833266,8.544885,470.554
47.3833254,8.5448864,470.542
47.3833254,8.5448864,470.542
47.3833246,8.5448878,470.685
47.3833246,8.5448878,470.685
47.3833236,8.5448889,470.674
47.3833236,8.5448889,470.674
47.3833231,8.5448903,470.395
47.3833231,8.5448903,470.395
47.383322,8.5448911,470.45
47.383322,8.5448911,470.45
47.383321,8.5448922,470.452
47.383321,8.5448922,470.452
47.3833198,8.5448936,470.34
47.3833198,8.5448936,470.34
47.383319,8.544895,470.103
47.383319,8.544895,470.103
47.3833184,8.5448967,469.929
47.3833184,8.5448967,469.929
47.3833179,8.5448985,469.857
47.3833179,8.5448985,469.857
47.3833174,8.5448999,469.949
47.3833174,8.5448999,469.949
47.3833172,8.5449019,469.938
47.3833172,8.5449019,469.938
47.3833168,8.5449039,469.868
47.3833168,8.5449039,469.868
47.3833162,8.544906,469.934
47.3833162,8.544906,469.934
47.383316,8.5449084,469.777
47.383316,8.5449084,469.777
47.3833151,8.5449104,469.501
47.3833151,8.5449104,469.501
47.3833143,8.5449121,469.409
47.3833143,8.5449121,469.409
47.3833136,8.544914,469.422
47.3833136,8.544914,469.422
47.3833128,8.5449156,469.525
47.3833128,8.5449156,469.525
47.383312,8.5449172,469.363
47.383312,8.5449172,469.363
47.383311,8.5449187,469.399
47.383311,8.5449187,469.399
47.3833104,8.5449208,469.477
47.3833104,8.5449208,469.477
47.3833093,8.544923,469.521
47.3833093,8.544923,469.521
47.3833085,8.5449253,469.436
47.3833085,8.5449253,469.436
47.383308,8.5449279,469.364
47.383308,8.5449279,469.364
47.3833078,8.5449303,469.356
47.3833078,8.5449303,469.356
47.3833075,8.5449325,469.393
47.3833075,8.5449325,469.393
47.3833061,8.5449344,469.379
47.3833061,8.5449344,469.379
47.3833053,8.5449366,469.107
47.3833053,8.5449366,469.107
47.3833043,8.544939,469.087
47.3833043,8.544939,469.087
47.3833038,8.5449413,469.011
47.3833038,8.5449413,469.011
47.3833029,8.5449433,469.034
47.3833029,8.5449433,469.034
47.3833018,8.5449453,469.179
47.3833018,8.5449453,469.179
47.3833012,8.5449481,469.166
47.3833012,8.5449481,469.166
47.3832992,8.5449499,469.146
47.3832992,8.5449499,469.146
47.3832973,8.5449514,469.245
47.3832973,8.5449514,469.245
47.3832974,8.5449543,469.242
47.3832974,8.5449543,469.242
47.3832959,8.5449562,469.37
47.3832959,8.5449562,469.37
47.3832944,8.5449578,469.466
47.3832944,8.5449578,469.466
47.3832923,8.5449591,469.662
47.3832923,8.5449591,469.662
47.3832915,8.5449611,469.702
47.3832915,8.5449611,469.702
47.3832911,8.544963,469.612
47.3832911,8.544963,469.612
47.3832898,8.5449647,469.507
47.3832898,8.5449647,469.507
47.3832889,8.5449664,469.51
47.3832889,8.5449664,469.51
47.3832883,8.5449685,469.449
47.3832883,8.5449685,469.449
47.3832861,8.5449691,469.583
47.3832861,8.5449691,469.583
47.3832853,8.5449708,469.449
47.3832853,8.5449708,469.449
47.3832851,8.544973,469.312
47.3832851,8.544973,469.312
47.3832839,8.5449741,469.243
47.3832839,8.5449741,469.243
47.3832836,8.5449758,469.077
47.3832836,8.5449758,469.077
47.3832845,8.5449783,469.076
47.3832845,8.5449783,469.076
47.3832832,8.5449791,469.248
47.3832832,8.5449791,469.248
47.3832843,8.5449814,469.125
47.3832843,8.5449814,469.125
47.3832844,8.5449829,469.012
47.3832844,8.5449829,469.012
47.3832848,8.5449849,469.056
47.3832848,8.5449849,469.056
47.3832841,8.5449858,469.13
47.3832841,8.5449858,469.13
47.3832845,8.5449877,469.032
47.3832845,8.5449877,469.032
47.3832836,8.5449884,469.157
47.3832836,8.5449884,469.157
47.3832828,8.5449895,469.091
47.3832828,8.5449895,469.091
47.3832819,8.5449909,469.264
47.3832819,8.5449909,469.264
47.3832808,8.5449923,469.319
47.3832808,8.5449923,469.319
47.3832783,8.5449931,469.453
47.3832783,8.5449931,469.453
47.3832752,8.5449934,469.623
47.3832752,8.5449934,469.623
47.3832726,8.5449945,469.823
47.3832726,8.5449945,469.823
47.3832705,8.5449959,469.904
47.3832705,8.5449959,469.904
47.3832688,8.5449974,469.885
47.3832688,8.5449974,469.885
47.383268,8.5449994,469.89
47.383268,8.5449994,469.89
47.3832665,8.5450012,469.877
47.3832665,8.5450012,469.877
47.3832653,8.5450031,469.679
47.3832653,8.5450031,469.679
47.3832639,8.5450048,469.707
47.3832639,8.5450048,469.707
47.3832623,8.5450065,469.691
47.3832623,8.5450065,469.691
47.3832611,8.545008,469.835
47.3832611,8.545008,469.835
47.3832596,8.5450094,469.853
47.3832596,8.5450094,469.853
47.3832579,8.545011,469.919
47.3832579,8.545011,469.919
47.3832563,8.5450125,469.917
47.3832563,8.5450125,469.917
47.3832548,8.545014,469.968
47.3832548,8.545014,469.968
47.3832539,8.545016,469.778
47.3832539,8.545016,469.778
47.3832528,8.5450179,469.736
47.3832528,8.5450179,469.736
47.3832513,8.5450197,469.677
47.3832513,8.5450197,469.677
47.3832505,8.5450218,469.594
47.3832505,8.5450218,469.594
47.3832497,8.5450236,469.446
47.3832497,8.5450236,469.446
47.3832479,8.5450251,469.415
47.3832479,8.5450251,469.415
47.3832466,8.5450269,469.361
47.3832466,8.5450269,469.361
47.3832443,8.545028,469.301
47.3832443,8.545028,469.301
47.3832424,8.5450288,469.409
47.3832424,8.5450288,469.409
47.3832408,8.5450301,469.455
47.3832408,8.5450301,469.455
47.3832392,8.5450316,469.526
47.3832392,8.5450316,469.526
47.3832373,8.5450335,469.643
47.3832373,8.5450335,469.643
47.3832365,8.5450361,469.717
47.3832365,8.5450361,469.717
47.3832344,8.5450379,470.091
47.3832344,8.5450379,470.091
47.3832333,8.5450403,469.906
47.3832333,8.5450403,469.906
47.3832319,8.5450426,469.808
47.3832319,8.5450426,469.808
47.383231,8.5450453,469.793
47.383231,8.5450453,469.793
47.3832295,8.5450478,469.865
47.3832295,8.5450478,469.865
47.3832279,8.5450504,469.819
47.3832279,8.5450504,469.819
47.3832251,8.5450526,469.841
47.3832251,8.5450526,469.841
47.3832234,8.5450558,469.896
47.3832234,8.5450558,469.896
47.3832227,8.5450595,469.855
47.3832227,8.5450595,469.855
47.383222,8.5450629,469.827
47.383222,8.5450629,469.827
47.3832217,8.5450658,469.815
47.3832217,8.5450658,469.815
47.3832208,8.5450687,469.949
47.3832208,8.5450687,469.949
47.3832203,8.5450718,469.925
47.3832203,8.5450718,469.925
47.3832197,8.545075,469.726
47.3832197,8.545075,469.726
47.383219,8.5450772,469.584
47.383219,8.5450772,469.584
47.3832181,8.5450796,469.641
47.3832181,8.5450796,469.641
47.3832181,8.5450826,469.244
47.3832181,8.5450826,469.244
47.3832174,8.5450855,469.194
47.3832174,8.5450855,469.194
47.3832168,8.5450885,469.116
47.3832168,8.5450885,469.116
47.3832163,8.5450913,469.138
47.3832163,8.5450913,469.138
47.3832156,8.5450942,469.154
47.3832156,8.5450942,469.154
47.3832147,8.5450973,469.155
47.3832147,8.5450973,469.155
47.3832146,8.5450995,469.038
47.3832146,8.5450995,469.038
47.3832143,8.5451018,469.104
47.3832143,8.5451018,469.104
47.3832141,8.5451042,469.21
47.3832141,8.5451042,469.21
47.3832136,8.5451065,469.441
47.3832136,8.5451065,469.441
47.3832129,8.5451091,469.417
47.3832129,8.5451091,469.417
47.3832125,8.5451118,469.436
47.3832125,8.5451118,469.436
47.3832124,8.5451144,469.475
47.3832124,8.5451144,469.475
47.3832123,8.5451169,469.354
47.3832123,8.5451169,469.354
47.3832123,8.5451193,469.27
47.3832123,8.5451193,469.27
47.383212,8.5451215,469.073
47.383212,8.5451215,469.073
47.3832117,8.545123,469.087
47.3832117,8.545123,469.087
47.3832119,8.5451247,468.953
47.3832119,8.5451247,468.953
47.3832119,8.5451265,468.789
47.3832119,8.5451265,468.789
47.3832116,8.5451283,468.655
47.3832116,8.5451283,468.655
47.3832113,8.5451302,468.515
47.3832113,8.5451302,468.515
47.3832109,8.545132,468.366
47.3832109,8.545132,468.366
47.3832105,8.5451339,468.412
47.3832105,8.5451339,468.412
47.3832105,8.5451356,468.177
47.3832105,8.5451356,468.177
47.3832101,8.5451373,467.681
47.3832101,8.5451373,467.681
47.3832093,8.545139,467.549
47.3832093,8.545139,467.549
47.3832088,8.5451406,467.57
47.3832088,8.5451406,467.57
47.3832087,8.5451425,467.43
47.3832087,8.5451425,467.43
47.3832079,8.5451442,467.425
47.3832079,8.5451442,467.425
47.3832074,8.5451458,467.511
47.3832074,8.5451458,467.511
47.3832065,8.5451473,467.499
47.3832065,8.5451473,467.499
47.383206,8.5451492,467.428
47.383206,8.5451492,467.428
47.3832054,8.5451511,467.41
47.3832054,8.5451511,467.41
47.3832057,8.5451535,467.118
47.3832057,8.5451535,467.118
47.3832057,8.5451558,466.932
47.3832057,8.5451558,466.932
47.3832051,8.5451577,467.028
47.3832051,8.5451577,467.028
47.3832041,8.5451593,466.99
47.3832041,8.5451593,466.99
47.3832038,8.5451607,467.042
47.3832038,8.5451607,467.042
47.3832041,8.5451623,467.035
47.3832041,8.5451623,467.035
47.3832046,8.5451644,467.065
47.3832046,8.5451644,467.065
47.383205,8.5451665,467.064
47.383205,8.5451665,467.064
47.3832042,8.5451677,467.018
47.3832042,8.5451677,467.018
47.3832041,8.5451691,467.077
47.3832041,8.5451691,467.077
47.3832035,8.5451704,467.161
47.3832035,8.5451704,467.161
47.3832037,8.5451716,467.079
47.3832037,8.5451716,467.079
47.3832035,8.5451725,467.114
47.3832035,8.5451725,467.114
47.3832032,8.5451736,467.161
47.3832032,8.5451736,467.161
47.3832028,8.5451747,467.176
47.3832028,8.5451747,467.176
47.3832021,8.5451756,467.376
47.3832021,8.5451756,467.376
47.3832017,8.5451768,467.459
47.3832017,8.5451768,467.459
47.3832018,8.5451783,467.61
47.3832018,8.5451783,467.61
47.3832011,8.5451792,467.638
47.3832011,8.5451792,467.638
47.3831996,8.54518,467.827
47.3831996,8.54518,467.827
47.3831987,8.5451814,467.924
47.3831987,8.5451814,467.924
47.3831976,8.5451826,468.177
47.3831976,8.5451826,468.177
47.3831967,8.5451839,468.226
47.3831967,8.5451839,468.226
47.3831959,8.5451858,468.069
47.3831959,8.5451858,468.069
47.3831952,8.5451877,468.007
47.3831952,8.5451877,468.007
47.383194,8.5451895,468.021
47.383194,8.5451895,468.021
47.3831922,8.5451909,468.182
47.3831922,8.5451909,468.182
47.3831912,8.5451922,468.099
47.3831912,8.5451922,468.099
47.38319,8.5451937,468.572
47.38319,8.5451937,468.572
47.3831895,8.5451955,468.461
47.3831895,8.5451955,468.461
47.3831885,8.5451975,468.285
47.3831885,8.5451975,468.285
47.3831867,8.5451991,468.34
47.3831867,8.5451991,468.34
47.383185,8.5452006,468.357
47.383185,8.5452006,468.357
47.3831834,8.5452019,468.308
47.3831834,8.5452019,468.308
47.3831822,8.5452029,468.39
47.3831822,8.5452029,468.39
47.3831804,8.5452034,468.391
47.3831804,8.5452034,468.391
47.3831786,8.545204,468.393
47.3831786,8.545204,468.393
47.3831771,8.5452048,468.206
47.3831771,8.5452048,468.206
47.3831758,8.5452057,468.099
47.3831758,8.5452057,468.099
47.3831743,8.5452069,467.905
47.3831743,8.5452069,467.905
47.3831729,8.5452077,467.865
47.3831729,8.5452077,467.865
47.3831716,8.5452086,467.831
47.3831716,8.5452086,467.831
47.3831699,8.5452097,467.931
47.3831699,8.5452097,467.931
47.3831685,8.5452108,467.879
47.3831685,8.5452108,467.879
47.3831672,8.5452119,467.829
47.3831672,8.5452119,467.829
47.3831658,8.5452125,467.845
47.3831658,8.5452125,467.845
47.3831645,8.5452132,467.785
47.3831645,8.5452132,467.785
47.3831631,8.545214,467.731
47.3831631,8.545214,467.731
47.3831618,8.5452142,467.795
47.3831618,8.5452142,467.795
47.3831608,8.5452146,467.743
47.3831608,8.5452146,467.743
47.3831595,8.5452151,467.724
47.3831595,8.5452151,467.724
47.3831582,8.545216,467.676
47.3831582,8.545216,467.676
47.383157,8.5452164,467.58
47.383157,8.5452164,467.58
47.3831551,8.5452166,467.64
47.3831551,8.5452166,467.64
47.3831539,8.5452167,467.571
47.3831539,8.5452167,467.571
47.3831523,8.5452167,467.625
47.3831523,8.5452167,467.625
47.3831511,8.5452166,467.582
47.3831511,8.5452166,467.582
47.3831501,8.5452163,467.445
47.3831501,8.5452163,467.445
47.3831489,8.5452162,467.525
47.3831489,8.5452162,467.525
47.3831477,8.5452157,467.582
47.3831477,8.5452157,467.582
47.3831468,8.5452152,467.567
47.3831468,8.5452152,467.567
47.3831458,8.5452151,467.499
47.3831458,8.5452151,467.499
47.383145,8.5452158,467.497
47.383145,8.5452158,467.497
47.3831438,8.5452169,467.546
47.3831438,8.5452169,467.546
47.3831429,8.5452181,467.6
47.3831429,8.5452181,467.6
47.3831421,8.5452191,467.549
47.3831421,8.5452191,467.549
47.3831412,8.5452196,467.485
47.3831412,8.5452196,467.485
47.3831406,8.5452202,467.432
47.3831406,8.5452202,467.432
47.3831396,8.5452209,467.547
47.3831396,8.5452209,467.547
47.3831384,8.5452218,467.667
47.3831384,8.5452218,467.667
47.3831377,8.5452228,467.545
47.3831377,8.5452228,467.545
47.3831366,8.5452247,467.546
47.3831366,8.5452247,467.546
47.3831356,8.5452268,467.542
47.3831356,8.5452268,467.542
47.3831349,8.5452281,467.363
47.3831349,8.5452281,467.363
47.3831342,8.5452296,467.312
47.3831342,8.5452296,467.312
47.3831335,8.5452318,467.296
47.3831335,8.5452318,467.296
47.3831331,8.5452334,467.267
47.3831331,8.5452334,467.267
47.3831323,8.5452362,467.347
47.3831323,8.5452362,467.347
47.3831314,8.545239,467.475
47.3831314,8.545239,467.475
47.3831308,8.5452408,467.369
47.3831308,8.5452408,467.369
47.3831301,8.5452423,467.245
47.3831301,8.5452423,467.245
47.3831292,8.5452436,467.081
47.3831292,8.5452436,467.081
47.3831287,8.5452446,466.911
47.3831287,8.5452446,466.911
47.383128,8.5452458,466.938
47.383128,8.5452458,466.938
47.3831269,8.5452468,467.005
47.3831269,8.5452468,467.005
47.3831257,8.5452481,467.138
47.3831257,8.5452481,467.138
47.3831252,8.5452495,466.996
47.3831252,8.5452495,466.996
47.3831247,8.545252,466.835
47.3831247,8.545252,466.835
47.383124,8.5452536,466.664
47.383124,8.5452536,466.664
47.383123,8.5452555,466.688
47.383123,8.5452555,466.688
47.3831223,8.5452578,466.692
47.3831223,8.5452578,466.692
47.383121,8.545259,466.581
47.383121,8.545259,466.581
47.3831198,8.5452604,466.301
47.3831198,8.5452604,466.301
47.3831188,8.5452626,466.231
47.3831188,8.5452626,466.231
47.3831183,8.5452646,466.016
47.3831183,8.5452646,466.016
47.3831174,8.5452665,466.017
47.3831174,8.5452665,466.017
47.3831166,8.5452679,465.985
47.3831166,8.5452679,465.985
47.3831157,8.5452697,466.013
47.3831157,8.5452697,466.013
47.3831153,8.5452717,466.136
47.3831153,8.5452717,466.136
47.3831148,8.5452739,466.233
47.3831148,8.5452739,466.233
47.3831135,8.5452759,466.262
47.3831135,8.5452759,466.262
47.3831125,8.5452777,466.234
47.3831125,8.5452777,466.234
47.3831115,8.5452796,466.205
47.3831115,8.5452796,466.205
47.3831103,8.5452818,466.324
47.3831103,8.5452818,466.324
47.3831096,8.5452836,466.311
47.3831096,8.5452836,466.311
47.3831082,8.5452851,466.433
47.3831082,8.5452851,466.433
47.3831072,8.5452864,466.363
47.3831072,8.5452864,466.363
47.383106,8.545288,466.484
47.383106,8.545288,466.484
47.3831049,8.5452893,466.507
47.3831049,8.5452893,466.507
47.3831039,8.5452911,466.443
47.3831039,8.5452911,466.443
47.3831028,8.5452931,466.399
47.3831028,8.5452931,466.399
47.3831015,8.5452948,466.465
47.3831015,8.5452948,466.465
47.3831011,8.5452972,466.582
47.3831011,8.5452972,466.582
47.3831003,8.5452993,466.703
47.3831003,8.5452993,466.703
47.3830989,8.5453006,466.735
47.3830989,8.5453006,466.735
47.3830973,8.5453019,466.955
47.3830973,8.5453019,466.955
47.3830964,8.5453031,466.94
47.3830964,8.5453031,466.94
47.3830953,8.5453043,466.924
47.3830953,8.5453043,466.924
47.3830936,8.5453055,466.888
47.3830936,8.5453055,466.888
47.3830926,8.5453077,466.869
47.3830926,8.5453077,466.869
47.3830913,8.5453096,466.735
47.3830913,8.5453096,466.735
47.3830899,8.5453114,466.603
47.3830899,8.5453114,466.603
47.3830892,8.5453136,466.641
47.3830892,8.5453136,466.641
47.3830873,8.5453144,466.642
47.3830873,8.5453144,466.642
47.3830853,8.5453149,466.789
47.3830853,8.5453149,466.789
47.3830833,8.5453151,466.876
47.3830833,8.5453151,466.876
47.3830833,8.545317,466.645
47.3830833,8.545317,466.645
47.3830811,8.5453173,466.724
47.3830811,8.5453173,466.724
47.383079,8.5453178,466.797
47.383079,8.5453178,466.797
47.3830762,8.5453177,466.849
47.3830762,8.5453177,466.849
47.3830739,8.5453181,466.867
47.3830739,8.5453181,466.867
47.3830726,8.5453199,466.736
47.3830726,8.5453199,466.736
47.3830702,8.5453208,466.873
47.3830702,8.5453208,466.873
47.3830683,8.545322,466.966
47.3830683,8.545322,466.966
47.3830666,8.545323,467.029
47.3830666,8.545323,467.029
47.383065,8.5453239,467.095
47.383065,8.5453239,467.095
47.3830633,8.5453253,467.07
47.3830633,8.5453253,467.07
47.3830608,8.5453262,467.116
47.3830608,8.5453262,467.116
47.3830591,8.5453274,466.942
47.3830591,8.5453274,466.942
47.3830574,8.545328,466.885
47.3830574,8.545328,466.885
47.3830555,8.5453281,467.114
47.3830555,8.5453281,467.114
47.3830534,8.5453281,467.347
47.3830534,8.5453281,467.347
47.3830512,8.5453284,467.406
47.3830512,8.5453284,467.406
47.3830493,8.545329,467.378
47.3830493,8.545329,467.378
47.3830468,8.5453293,467.598
47.3830468,8.5453293,467.598
47.3830445,8.5453299,467.852
47.3830445,8.5453299,467.852
47.3830427,8.5453317,467.756
47.3830427,8.5453317,467.756
47.383041,8.5453332,467.695
47.383041,8.5453332,467.695
47.3830389,8.5453343,467.744
47.3830389,8.5453343,467.744
47.3830381,8.5453362,467.483
47.3830381,8.5453362,467.483
47.3830362,8.5453374,467.624
47.3830362,8.5453374,467.624
47.3830345,8.5453386,467.534
47.3830345,8.5453386,467.534
47.3830323,8.5453396,467.522
47.3830323,8.5453396,467.522
47.3830309,8.54534,467.326
47.3830309,8.54534,467.326
47.3830292,8.5453404,467.328
47.3830292,8.5453404,467.328
47.3830272,8.5453416,467.442
47.3830272,8.5453416,467.442
47.3830255,8.545343,467.429
47.3830255,8.545343,467.429
47.3830238,8.5453441,467.418
47.3830238,8.5453441,467.418
47.3830215,8.5453438,467.694
47.3830215,8.5453438,467.694
47.3830193,8.5453436,467.877
47.3830193,8.5453436,467.877
47.3830177,8.545344,468.025
47.3830177,8.545344,468.025
47.3830159,8.5453439,467.972
47.3830159,8.5453439,467.972
47.3830146,8.545344,467.863
47.3830146,8.545344,467.863
47.3830131,8.5453449,467.767
47.3830131,8.5453449,467.767
47.383011,8.5453455,468.028
47.383011,8.5453455,468.028
47.3830087,8.5453464,468.31
47.3830087,8.5453464,468.31
47.383007,8.5453469,468.488
47.383007,8.5453469,468.488
47.3830046,8.5453473,468.691
47.3830046,8.5453473,468.691
47.3830026,8.5453475,468.709
47.3830026,8.5453475,468.709
47.3829999,8.5453478,468.911
47.3829999,8.5453478,468.911
47.3829977,8.5453478,468.868
47.3829977,8.5453478,468.868
47.382996,8.5453481,468.93
47.382996,8.5453481,468.93
47.3829933,8.5453494,469.208
47.3829933,8.5453494,469.208
47.3829913,8.5453501,469.218
47.3829913,8.5453501,469.218
47.3829897,8.5453506,469.26
47.3829897,8.5453506,469.26
47.3829878,8.5453511,469.367
47.3829878,8.5453511,469.367
47.3829857,8.5453521,469.331
47.3829857,8.5453521,469.331
47.382983,8.5453521,469.441
47.382983,8.5453521,469.441
47.3829809,8.5453526,469.525
47.3829809,8.5453526,469.525
47.3829794,8.5453544,469.423
47.3829794,8.5453544,469.423
47.3829766,8.5453553,469.614
47.3829766,8.5453553,469.614
47.3829729,8.5453549,470.023
47.3829729,8.5453549,470.023
47.3829702,8.5453558,470.218
47.3829702,8.5453558,470.218
47.3829673,8.545356,470.389
47.3829673,8.545356,470.389
47.382965,8.5453572,470.547
47.382965,8.5453572,470.547
47.3829631,8.5453587,470.624
47.3829631,8.5453587,470.624
47.3829616,8.5453606,470.777
47.3829616,8.5453606,470.777
47.38296,8.545362,470.692
47.38296,8.545362,470.692
47.3829577,8.5453629,470.902
47.3829577,8.5453629,470.902
47.3829562,8.5453639,471.017
47.3829562,8.5453639,471.017
47.3829547,8.5453648,471.11
47.3829547,8.5453648,471.11
47.3829535,8.5453658,471.082
47.3829535,8.5453658,471.082
47.3829515,8.5453666,471.102
47.3829515,8.5453666,471.102
47.3829495,8.545367,471.177
47.3829495,8.545367,471.177
47.3829477,8.5453672,471.219
47.3829477,8.5453672,471.219
47.3829454,8.5453668,471.18
47.3829454,8.5453668,471.18
47.3829429,8.5453662,471.202
47.3829429,8.5453662,471.202
47.3829399,8.5453647,471.365
47.3829399,8.5453647,471.365
47.3829383,8.5453641,471.288
47.3829383,8.5453641,471.288
47.3829368,8.5453635,471.097
47.3829368,8.5453635,471.097
47.3829355,8.545363,471.016
47.3829355,8.545363,471.016
47.3829342,8.5453626,470.879
47.3829342,8.5453626,470.879
47.3829324,8.5453623,470.716
47.3829324,8.5453623,470.716
47.3829305,8.5453616,470.725
47.3829305,8.5453616,470.725
47.3829307,8.5453626,470.415
47.3829307,8.5453626,470.415
47.3829309,8.5453639,469.955
47.3829309,8.5453639,469.955
47.3829305,8.5453647,469.659
47.3829305,8.5453647,469.659
47.3829278,8.5453632,470.114
47.3829278,8.5453632,470.114
47.3829249,8.5453618,470.142
47.3829249,8.5453618,470.142
47.3829222,8.5453603,470.277
47.3829222,8.5453603,470.277
47.3829193,8.5453586,470.426
47.3829193,8.5453586,470.426
47.382917,8.5453577,470.477
47.382917,8.5453577,470.477
47.3829156,8.5453575,470.598
47.3829156,8.5453575,470.598
47.3829136,8.545357,470.719
47.3829136,8.545357,470.719
47.3829128,8.5453582,470.443
47.3829128,8.5453582,470.443
47.3829107,8.5453584,470.557
47.3829107,8.5453584,470.557
47.382909,8.5453574,470.616
47.382909,8.5453574,470.616
47.3829073,8.5453572,470.603
47.3829073,8.5453572,470.603
47.382905,8.5453577,470.841
47.382905,8.5453577,470.841
47.3829025,8.5453582,471.053
47.3829025,8.5453582,471.053
47.3829007,8.545358,471.063
47.3829007,8.545358,471.063
47.3828992,8.5453575,471.123
47.3828992,8.5453575,471.123
47.3828973,8.5453565,471.267
47.3828973,8.5453565,471.267
47.3828965,8.5453561,470.989
47.3828965,8.5453561,470.989
47.3828949,8.5453539,471.096
47.3828949,8.5453539,471.096
47.3828939,8.5453526,471.013
47.3828939,8.5453526,471.013
47.3828934,8.5453513,470.868
47.3828934,8.5453513,470.868
47.3828923,8.5453511,470.836
47.3828923,8.5453511,470.836
47.3828911,8.5453506,470.89
47.3828911,8.5453506,470.89
47.3828898,8.5453508,470.976
47.3828898,8.5453508,470.976
47.3828888,8.5453518,470.87
47.3828888,8.5453518,470.87
47.3828872,8.5453529,470.984
47.3828872,8.5453529,470.984
47.3828853,8.5453535,471.122
47.3828853,8.5453535,471.122
47.3828842,8.5453539,471.029
47.3828842,8.5453539,471.029
47.3828828,8.5453545,471.206
47.3828828,8.5453545,471.206
47.3828818,8.5453541,470.998
47.3828818,8.5453541,470.998
47.3828816,8.5453511,470.976
47.3828816,8.5453511,470.976
47.3828807,8.5453496,471.01
47.3828807,8.5453496,471.01
47.3828793,8.5453495,470.86
47.3828793,8.5453495,470.86
47.3828789,8.5453493,470.397
47.3828789,8.5453493,470.397
47.3828782,8.5453498,469.992
47.3828782,8.5453498,469.992
47.3828775,8.5453504,469.771
47.3828775,8.5453504,469.771
47.3828766,8.5453508,469.552
47.3828766,8.5453508,469.552
47.3828756,8.5453518,469.436
47.3828756,8.5453518,469.436
47.3828748,8.5453546,468.903
47.3828748,8.5453546,468.903
47.382874,8.5453576,468.61
47.382874,8.5453576,468.61
47.3828721,8.5453588,468.516
47.3828721,8.5453588,468.516
47.3828705,8.5453606,468.056
47.3828705,8.5453606,468.056
47.3828684,8.5453604,468.088
47.3828684,8.5453604,468.088
47.3828675,8.54536,467.855
47.3828675,8.54536,467.855
47.3828661,8.5453625,467.913
47.3828661,8.5453625,467.913
47.3828661,8.5453625,467.913
47.3828594,8.5453718,468.032
47.3828594,8.5453718,468.032
47.3828594,8.5453718,468.032
47.382858,8.5453717,468.084
47.382858,8.5453717,468.084
47.3828567,8.5453717,468.067
47.3828567,8.5453717,468.067
47.382856,8.545373,467.813
47.382856,8.545373,467.813
47.3828556,8.5453752,467.738
47.3828556,8.5453752,467.738
47.3828545,8.5453761,467.992
47.3828545,8.5453761,467.992
47.3828529,8.5453761,468.05
47.3828529,8.5453761,468.05
47.3828507,8.5453759,468.277
47.3828507,8.5453759,468.277
47.3828489,8.5453756,468.392
47.3828489,8.5453756,468.392
47.3828471,8.5453751,468.601
47.3828471,8.5453751,468.601
47.3828453,8.5453735,468.606
47.3828453,8.5453735,468.606
47.3828392,8.5453677,469.801
47.3828392,8.5453677,469.801
47.3828327,8.5453609,471.091
47.3828327,8.5453609,471.091
47.3828257,8.5453541,472.379
47.3828257,8.5453541,472.379
47.3828187,8.5453472,473.737
47.3828187,8.5453472,473.737
47.3828171,8.5453466,473.422
47.3828171,8.5453466,473.422
47.3828143,8.5453454,473.428
47.3828143,8.5453454,473.428
47.3828118,8.545344,473.366
47.3828118,8.545344,473.366
47.3828072,8.5453402,473.529
47.3828072,8.5453402,473.529
47.3828052,8.5453411,473.176
47.3828052,8.5453411,473.176
47.3828042,8.5453426,472.879
47.3828042,8.5453426,472.879
47.3828027,8.5453432,472.82
47.3828027,8.5453432,472.82
47.3828024,8.5453437,472.645
47.3828024,8.5453437,472.645
47.3828008,8.5453447,472.634
47.3828008,8.5453447,472.634
47.3827988,8.5453467,472.766
47.3827988,8.5453467,472.766
47.3827956,8.5453456,473.014
47.3827956,8.5453456,473.014
47.3827926,8.5453425,473.094
47.3827926,8.5453425,473.094
47.3827903,8.5453426,473.095
47.3827903,8.5453426,473.095
47.3827885,8.5453431,472.745
47.3827885,8.5453431,472.745
47.3827863,8.5453439,472.641
47.3827863,8.5453439,472.641
47.3827847,8.5453451,472.536
47.3827847,8.5453451,472.536
47.3827817,8.5453458,472.832
47.3827817,8.5453458,472.832
47.3827819,8.5453497,472.673
47.3827819,8.5453497,472.673
47.3827817,8.545352,472.44
47.3827817,8.545352,472.44
47.3827788,8.5453519,472.696
47.3827788,8.5453519,472.696
47.382777,8.5453544,472.794
47.382777,8.5453544,472.794
47.3827741,8.545355,473.044
47.3827741,8.545355,473.044
47.3827703,8.545353,473.646
47.3827703,8.545353,473.646
47.3827667,8.5453512,474.154
47.3827667,8.5453512,474.154
47.3827638,8.5453495,474.575
47.3827638,8.5453495,474.575
47.3827566,8.5453438,475.619
47.3827566,8.5453438,475.619
47.3827547,8.5453436,475.631
47.3827547,8.5453436,475.631
47.3827533,8.5453434,475.502
47.3827533,8.5453434,475.502
47.3827519,8.5453435,475.24
47.3827519,8.5453435,475.24
47.3827498,8.5453448,475.276
47.3827498,8.5453448,475.276
47.3827482,8.5453454,475.312
47.3827482,8.5453454,475.312
47.3827471,8.5453464,475.414
47.3827471,8.5453464,475.414
47.3827457,8.5453469,475.335
47.3827457,8.5453469,475.335
47.3827442,8.5453482,475.306
47.3827442,8.5453482,475.306
47.3827438,8.5453501,475.262
47.3827438,8.5453501,475.262
47.3827431,8.5453522,475.24
47.3827431,8.5453522,475.24
47.3827429,8.5453554,474.854
47.3827429,8.5453554,474.854
47.3827436,8.5453586,474.478
47.3827436,8.5453586,474.478
47.3827431,8.545361,474.472
47.3827431,8.545361,474.472
47.3827413,8.545362,474.61
47.3827413,8.545362,474.61
47.3827399,8.5453626,474.58
47.3827399,8.5453626,474.58
47.3827373,8.545361,474.749
47.3827373,8.545361,474.749
47.3827348,8.545359,474.863
47.3827348,8.545359,474.863
47.3827309,8.545356,475.482
47.3827309,8.545356,475.482
47.382728,8.5453559,475.857
47.382728,8.5453559,475.857
47.3827266,8.5453559,475.921
47.3827266,8.5453559,475.921
47.3827247,8.5453552,475.877
47.3827247,8.5453552,475.877
47.3827223,8.5453545,475.81
47.3827223,8.5453545,475.81
47.3827188,8.5453528,476.244
47.3827188,8.5453528,476.244
47.3827168,8.5453545,475.913
47.3827168,8.5453545,475.913
47.3827143,8.5453557,475.629
47.3827143,8.5453557,475.629
47.3827106,8.5453551,476.162
47.3827106,8.5453551,476.162
47.3827076,8.545356,476.624
47.3827076,8.545356,476.624
47.3827044,8.5453563,477.244
47.3827044,8.5453563,477.244
47.3827032,8.5453581,477.329
47.3827032,8.5453581,477.329
47.3827003,8.5453562,477.851
47.3827003,8.5453562,477.851
47.3826976,8.5453528,478.437
47.3826976,8.5453528,478.437
47.3826951,8.5453505,478.994
47.3826951,8.5453505,478.994
47.3826932,8.5453486,479.138
47.3826932,8.5453486,479.138
47.3826906,8.5453471,479.406
47.3826906,8.5453471,479.406
47.3826884,8.5453453,479.813
47.3826884,8.5453453,479.813
47.3826878,8.5453451,479.649
47.3826878,8.5453451,479.649
47.3826861,8.5453452,479.608
47.3826861,8.5453452,479.608
47.3826855,8.5453456,479.333
47.3826855,8.5453456,479.333
47.382684,8.5453461,479.299
47.382684,8.5453461,479.299
47.3826831,8.5453465,479.03
47.3826831,8.5453465,479.03
47.382682,8.5453472,479.118
47.382682,8.5453472,479.118
47.3826813,8.5453464,479.2
47.3826813,8.5453464,479.2
47.3826814,8.5453459,478.969
47.3826814,8.5453459,478.969
47.3826809,8.5453454,479.066
47.3826809,8.5453454,479.066
47.3826804,8.5453455,479.084
47.3826804,8.5453455,479.084
47.38268,8.5453463,479.232
47.38268,8.5453463,479.232
47.3826809,8.5453457,478.902
47.3826809,8.5453457,478.902
47.3826807,8.5453454,478.984
47.3826807,8.5453454,478.984
47.3826806,8.5453449,478.779
47.3826806,8.5453449,478.779
47.3826799,8.5453435,478.865
47.3826799,8.5453435,478.865
47.3826797,8.5453429,478.766
47.3826797,8.5453429,478.766
47.3826797,8.5453421,478.821
47.3826797,8.5453421,478.821
47.3826789,8.5453409,478.968
47.3826789,8.5453409,478.968
47.3826784,8.5453405,478.745
47.3826784,8.5453405,478.745
47.3826782,8.5453402,478.77
47.3826782,8.5453402,478.77
47.382678,8.54534,478.52
47.382678,8.54534,478.52
47.3826767,8.5453401,478.491
47.3826767,8.5453401,478.491
47.3826759,8.5453399,478.375
47.3826759,8.5453399,478.375
47.3826753,8.5453393,478.235
47.3826753,8.5453393,478.235
47.3826753,8.5453389,478.279
47.3826753,8.5453389,478.279
47.3826748,8.5453379,478.525
47.3826748,8.5453379,478.525
47.3826745,8.5453368,478.44
47.3826745,8.5453368,478.44
47.3826741,8.545336,478.321
47.3826741,8.545336,478.321
47.3826736,8.5453354,478.346
47.3826736,8.5453354,478.346
47.3826731,8.5453361,478.068
47.3826731,8.5453361,478.068
47.3826715,8.545335,478.283
47.3826715,8.545335,478.283
47.3826705,8.545334,478.343
47.3826705,8.545334,478.343
47.3826701,8.5453332,478.229
47.3826701,8.5453332,478.229
47.3826705,8.5453332,477.955
47.3826705,8.5453332,477.955
47.3826694,8.5453331,477.947
47.3826694,8.5453331,477.947
47.3826683,8.5453311,478.108
47.3826683,8.5453311,478.108
47.3826682,8.5453306,477.83
47.3826682,8.5453306,477.83
47.3826683,8.5453303,477.603
47.3826683,8.5453303,477.603
47.3826678,8.5453292,477.66
47.3826678,8.5453292,477.66
47.3826677,8.5453287,477.491
47.3826677,8.5453287,477.491
47.3826679,8.5453282,477.243
47.3826679,8.5453282,477.243
47.3826682,8.5453275,477.041
47.3826682,8.5453275,477.041
47.3826692,8.5453277,476.726
47.3826692,8.5453277,476.726
47.3826691,8.5453264,476.688
47.3826691,8.5453264,476.688
47.3826703,8.5453257,476.358
47.3826703,8.5453257,476.358
47.3826703,8.5453248,476.261
47.3826703,8.5453248,476.261
47.3826704,8.545324,476.098
47.3826704,8.545324,476.098
47.3826712,8.5453238,475.962
47.3826712,8.5453238,475.962
47.3826705,8.5453235,476.194
47.3826705,8.5453235,476.194
47.3826702,8.5453227,476.041
47.3826702,8.5453227,476.041
47.3826698,8.5453217,475.752
47.3826698,8.5453217,475.752
47.3826682,8.5453214,475.786
47.3826682,8.5453214,475.786
47.3826672,8.5453217,475.749
47.3826672,8.5453217,475.749
47.3826661,8.5453218,475.877
47.3826661,8.5453218,475.877
47.3826649,8.5453216,475.905
47.3826649,8.5453216,475.905
47.3826641,8.5453217,475.697
47.3826641,8.5453217,475.697
47.382663,8.54532,475.483
47.382663,8.54532,475.483
47.3826616,8.5453192,475.656
47.3826616,8.5453192,475.656
47.3826603,8.5453194,475.61
47.3826603,8.5453194,475.61
47.3826587,8.5453199,475.763
47.3826587,8.5453199,475.763
47.3826577,8.545321,475.692
47.3826577,8.545321,475.692
47.3826564,8.5453219,475.592
47.3826564,8.5453219,475.592
47.3826579,8.5453256,475.11
47.3826579,8.5453256,475.11
47.3826623,8.545333,473.815
47.3826623,8.545333,473.815
47.3826631,8.545337,473.665
47.3826631,8.545337,473.665
47.382662,8.545338,473.717
47.382662,8.545338,473.717
47.3826618,8.5453396,473.613
47.3826618,8.5453396,473.613
47.3826613,8.5453405,473.626
47.3826613,8.5453405,473.626
47.3826601,8.5453407,473.644
47.3826601,8.5453407,473.644
47.3826598,8.5453414,473.632
47.3826598,8.5453414,473.632
47.3826588,8.5453415,473.601
47.3826588,8.5453415,473.601
47.3826563,8.5453404,473.492
47.3826563,8.5453404,473.492
47.3826541,8.5453413,473.874
47.3826541,8.5453413,473.874
47.3826536,8.5453426,473.554
47.3826536,8.5453426,473.554
47.3826519,8.5453432,473.656
47.3826519,8.5453432,473.656
47.3826505,8.5453436,473.634
47.3826505,8.5453436,473.634
47.3826495,8.5453441,473.435
47.3826495,8.5453441,473.435
47.382648,8.5453448,473.595
47.382648,8.5453448,473.595
47.3826468,8.545345,473.574
47.3826468,8.545345,473.574
47.3826457,8.5453454,473.516
47.3826457,8.5453454,473.516
47.382645,8.5453462,473.416
47.382645,8.5453462,473.416
47.3826437,8.545347,473.464
47.3826437,8.545347,473.464
47.3826415,8.5453469,473.542
47.3826415,8.5453469,473.542
47.3826399,8.5453467,473.357
47.3826399,8.5453467,473.357
47.3826383,8.5453462,473.225
47.3826383,8.5453462,473.225
47.382637,8.5453462,473.242
47.382637,8.5453462,473.242
47.3826355,8.5453467,473.19
47.3826355,8.5453467,473.19
47.3826343,8.5453476,473.122
47.3826343,8.5453476,473.122
47.3826329,8.545347,473.096
47.3826329,8.545347,473.096
47.382631,8.5453464,473.112
47.382631,8.5453464,473.112
47.3826293,8.5453453,473.101
47.3826293,8.5453453,473.101
47.3826279,8.5453438,473.076
47.3826279,8.5453438,473.076
47.3826264,8.5453423,473.107
47.3826264,8.5453423,473.107
47.3826246,8.5453416,473.115
47.3826246,8.5453416,473.115
47.3826233,8.545341,473.121
47.3826233,8.545341,473.121
47.3826219,8.5453403,473.097
47.3826219,8.5453403,473.097
47.3826203,8.5453397,473.124
47.3826203,8.5453397,473.124
47.3826183,8.5453405,473.31
47.3826183,8.5453405,473.31
47.3826181,8.5453409,473.056
47.3826181,8.5453409,473.056
47.3826178,8.5453411,472.95
47.3826178,8.5453411,472.95
47.3826163,8.5453405,472.973
47.3826163,8.5453405,472.973
47.3826149,8.5453395,472.897
47.3826149,8.5453395,472.897
47.3826141,8.5453395,472.786
47.3826141,8.5453395,472.786
47.3826124,8.545339,472.722
47.3826124,8.545339,472.722
47.382611,8.5453401,472.635
47.382611,8.5453401,472.635
47.3826101,8.5453396,472.432
47.3826101,8.5453396,472.432
47.3826099,8.545341,472.054
47.3826099,8.545341,472.054
47.3826096,8.5453428,471.865
47.3826096,8.5453428,471.865
47.3826098,8.5453436,471.542
47.3826098,8.5453436,471.542
47.3826095,8.5453435,471.379
47.3826095,8.5453435,471.379
47.3826086,8.5453441,471.418
47.3826086,8.5453441,471.418
47.3826085,8.545343,471.236
47.3826085,8.545343,471.236
47.3826086,8.5453434,471.116
47.3826086,8.5453434,471.116
47.3826076,8.545343,470.959
47.3826076,8.545343,470.959
47.3826069,8.5453425,470.632
47.3826069,8.5453425,470.632
47.382606,8.5453419,470.554
47.382606,8.5453419,470.554
47.3826051,8.54534,470.431
47.3826051,8.54534,470.431
47.3826044,8.5453396,470.42
47.3826044,8.5453396,470.42
47.3826042,8.5453414,470.318
47.3826042,8.5453414,470.318
47.3826037,8.5453411,469.98
47.3826037,8.5453411,469.98
47.3826031,8.5453423,469.704
47.3826031,8.5453423,469.704
47.3826038,8.5453456,469.299
47.3826038,8.5453456,469.299
47.382602,8.5453477,469.316
47.382602,8.5453477,469.316
47.3825992,8.5453482,469.521
47.3825992,8.5453482,469.521
47.3825983,8.5453494,469.426
47.3825983,8.5453494,469.426
47.3825973,8.5453504,469.296
47.3825973,8.5453504,469.296
47.3825961,8.5453516,468.944
47.3825961,8.5453516,468.944
47.3825939,8.5453519,468.981
47.3825939,8.5453519,468.981
47.3825909,8.5453515,468.971
47.3825909,8.5453515,468.971
47.3825892,8.5453521,468.894
47.3825892,8.5453521,468.894
47.3825876,8.5453534,469.178
47.3825876,8.5453534,469.178
47.382585,8.5453534,469.411
47.382585,8.5453534,469.411
47.3825835,8.5453539,469.387
47.3825835,8.5453539,469.387
47.3825827,8.5453548,469.226
47.3825827,8.5453548,469.226
47.3825811,8.5453553,469.298
47.3825811,8.5453553,469.298
47.3825792,8.5453555,469.321
47.3825792,8.5453555,469.321
47.3825771,8.5453557,469.348
47.3825771,8.5453557,469.348
47.382575,8.5453561,469.468
47.382575,8.5453561,469.468
47.3825725,8.5453563,469.628
47.3825725,8.5453563,469.628
47.3825703,8.5453565,469.722
47.3825703,8.5453565,469.722
47.3825678,8.5453567,469.977
47.3825678,8.5453567,469.977
47.3825642,8.5453563,470.442
47.3825642,8.5453563,470.442
47.3825626,8.5453568,470.35
47.3825626,8.5453568,470.35
47.3825606,8.5453569,470.579
47.3825606,8.5453569,470.579
47.3825587,8.5453575,470.773
47.3825587,8.5453575,470.773
47.3825572,8.5453587,470.787
47.3825572,8.5453587,470.787
47.3825554,8.5453598,470.725
47.3825554,8.5453598,470.725
47.3825536,8.545361,470.646
47.3825536,8.545361,470.646
47.382551,8.5453614,470.888
47.382551,8.5453614,470.888
47.3825486,8.5453619,471.085
47.3825486,8.5453619,471.085
47.3825468,8.5453628,471.031
47.3825468,8.5453628,471.031
47.3825452,8.5453642,470.938
47.3825452,8.5453642,470.938
47.382543,8.5453654,470.861
47.382543,8.5453654,470.861
47.3825414,8.545367,470.784
47.3825414,8.545367,470.784
47.3825397,8.5453682,470.704
47.3825397,8.5453682,470.704
47.3825378,8.5453695,470.771
47.3825378,8.5453695,470.771
47.3825362,8.5453701,470.721
47.3825362,8.5453701,470.721
47.3825352,8.5453714,470.433
47.3825352,8.5453714,470.433
47.3825342,8.5453729,470.407
47.3825342,8.5453729,470.407
47.3825333,8.5453744,470.327
47.3825333,8.5453744,470.327
47.3825321,8.5453766,470.299
47.3825321,8.5453766,470.299
47.3825308,8.5453785,470.215
47.3825308,8.5453785,470.215
47.3825297,8.54538,470.112
47.3825297,8.54538,470.112
47.3825279,8.5453816,470.188
47.3825279,8.5453816,470.188
47.3825265,8.5453833,469.96
47.3825265,8.5453833,469.96
47.3825247,8.5453848,469.962
47.3825247,8.5453848,469.962
47.3825224,8.5453858,470.083
47.3825224,8.5453858,470.083
47.3825201,8.5453869,470.273
47.3825201,8.5453869,470.273
47.3825184,8.5453882,470.456
47.3825184,8.5453882,470.456
47.3825165,8.5453898,470.565
47.3825165,8.5453898,470.565
47.3825148,8.5453906,470.302
47.3825148,8.5453906,470.302
47.382513,8.5453916,470.353
47.382513,8.5453916,470.353
47.3825106,8.5453918,470.34
47.3825106,8.5453918,470.34
47.3825076,8.5453927,470.527
47.3825076,8.5453927,470.527
47.3825058,8.5453942,470.33
47.3825058,8.5453942,470.33
47.3825033,8.5453941,470.132
47.3825033,8.5453941,470.132
47.3825015,8.545394,469.982
47.3825015,8.545394,469.982
47.3824999,8.5453947,469.975
47.3824999,8.5453947,469.975
47.3824981,8.5453952,470.089
47.3824981,8.5453952,470.089
47.3824966,8.5453947,470.02
47.3824966,8.5453947,470.02
47.3824945,8.5453934,470.215
47.3824945,8.5453934,470.215
47.3824917,8.5453923,470.283
47.3824917,8.5453923,470.283
47.3824891,8.5453909,470.255
47.3824891,8.5453909,470.255
47.3824877,8.5453893,470.151
47.3824877,8.5453893,470.151
47.3824859,8.5453884,470.141
47.3824859,8.5453884,470.141
47.3824835,8.5453883,470.041
47.3824835,8.5453883,470.041
47.3824825,8.5453882,469.857
47.3824825,8.5453882,469.857
47.3824813,8.5453897,469.801
47.3824813,8.5453897,469.801
47.38248,8.5453901,469.766
47.38248,8.5453901,469.766
47.3824782,8.5453895,469.766
47.3824782,8.5453895,469.766
47.3824763,8.545389,469.778
47.3824763,8.545389,469.778
47.3824749,8.5453876,469.775
47.3824749,8.5453876,469.775
47.382474,8.5453886,469.781
47.382474,8.5453886,469.781
47.3824734,8.5453897,469.732
47.3824734,8.5453897,469.732
47.3824721,8.545389,469.798
47.3824721,8.545389,469.798
47.3824713,8.5453894,469.681
47.3824713,8.5453894,469.681
47.3824706,8.5453893,469.603
47.3824706,8.5453893,469.603
47.3824694,8.5453897,469.746
47.3824694,8.5453897,469.746
47.3824678,8.5453886,470.033
47.3824678,8.5453886,470.033
47.3824661,8.5453877,470.13
47.3824661,8.5453877,470.13
47.3824653,8.5453879,470.078
47.3824653,8.5453879,470.078
47.3824651,8.5453888,469.841
47.3824651,8.5453888,469.841
47.3824649,8.5453889,469.83
47.3824649,8.5453889,469.83
47.3824637,8.5453887,469.827
47.3824637,8.5453887,469.827
47.3824626,8.5453892,469.845
47.3824626,8.5453892,469.845
47.3824625,8.5453894,469.956
47.3824625,8.5453894,469.956
47.382462,8.5453895,470.14
47.382462,8.5453895,470.14
47.3824631,8.5453908,469.841
47.3824631,8.5453908,469.841
47.3824637,8.545392,469.469
47.3824637,8.545392,469.469
47.3824641,8.5453929,469.114
47.3824641,8.5453929,469.114
47.3824639,8.5453928,469.02
47.3824639,8.5453928,469.02
47.3824638,8.5453928,468.858
47.3824638,8.5453928,468.858
47.382464,8.5453937,468.582
47.382464,8.5453937,468.582
47.3824641,8.5453943,468.35
47.3824641,8.5453943,468.35
47.3824645,8.5453947,468.205
47.3824645,8.5453947,468.205
47.3824633,8.5453941,468.269
47.3824633,8.5453941,468.269
47.3824623,8.5453936,468.441
47.3824623,8.5453936,468.441
47.3824621,8.5453934,468.443
47.3824621,8.5453934,468.443
47.3824619,8.5453934,468.16
47.3824619,8.5453934,468.16
47.3824606,8.5453919,468.114
47.3824606,8.5453919,468.114
47.3824594,8.5453902,467.919
47.3824594,8.5453902,467.919
47.3824586,8.5453893,467.63
47.3824586,8.5453893,467.63
47.3824575,8.5453878,467.5
47.3824575,8.5453878,467.5
47.3824558,8.545385,467.688
47.3824558,8.545385,467.688
47.3824546,8.5453819,467.593
47.3824546,8.5453819,467.593
47.3824528,8.5453787,467.608
47.3824528,8.5453787,467.608
47.3824512,8.5453763,467.571
47.3824512,8.5453763,467.571
47.3824485,8.5453723,467.978
47.3824485,8.5453723,467.978
47.3824475,8.5453702,468.009
47.3824475,8.5453702,468.009
47.3824469,8.545368,468.025
47.3824469,8.545368,468.025
47.382444,8.5453636,468.389
47.382444,8.5453636,468.389
47.3824419,8.5453597,468.714
47.3824419,8.5453597,468.714
47.3824403,8.5453567,468.863
47.3824403,8.5453567,468.863
47.3824381,8.5453537,469.209
47.3824381,8.5453537,469.209
47.3824347,8.5453497,470.077
47.3824347,8.5453497,470.077
47.38243,8.5453449,470.622
47.38243,8.5453449,470.622
47.3824278,8.5453433,470.922
47.3824278,8.5453433,470.922
47.382426,8.5453422,471.112
47.382426,8.5453422,471.112
47.3824235,8.5453408,471.338
47.3824235,8.5453408,471.338
47.3824222,8.5453407,471.209
47.3824222,8.5453407,471.209
47.3824216,8.5453416,471.102
47.3824216,8.5453416,471.102
47.3824203,8.545341,470.951
47.3824203,8.545341,470.951
47.3824194,8.5453416,470.758
47.3824194,8.5453416,470.758
47.3824169,8.545342,470.975
47.3824169,8.545342,470.975
47.3824146,8.5453424,471.252
47.3824146,8.5453424,471.252
47.3824139,8.5453436,471.174
47.3824139,8.5453436,471.174
47.382412,8.5453432,471.264
47.382412,8.5453432,471.264
47.3824115,8.5453438,471.283
47.3824115,8.5453438,471.283
47.3824095,8.5453431,471.334
47.3824095,8.5453431,471.334
47.3824085,8.5453438,471.262
47.3824085,8.5453438,471.262
47.3824076,8.5453443,471.417
47.3824076,8.5453443,471.417
47.3824075,8.5453458,471.364
47.3824075,8.5453458,471.364
47.3824065,8.5453462,471.55
47.3824065,8.5453462,471.55
47.3824058,8.5453468,471.479
47.3824058,8.5453468,471.479
47.3824058,8.5453474,471.332
47.3824058,8.5453474,471.332
47.3824058,8.5453478,471.345
47.3824058,8.5453478,471.345
47.3824063,8.545348,471.225
47.3824063,8.545348,471.225
47.3824079,8.5453492,470.865
47.3824079,8.5453492,470.865
47.3824069,8.5453491,470.848
47.3824069,8.5453491,470.848
47.3824057,8.5453492,470.888
47.3824057,8.5453492,470.888
47.382406,8.5453503,470.768
47.382406,8.5453503,470.768
47.3824052,8.5453509,470.729
47.3824052,8.5453509,470.729
47.3824043,8.5453516,470.622
47.3824043,8.5453516,470.622
47.3824013,8.5453505,470.747
47.3824013,8.5453505,470.747
47.3824008,8.5453516,470.717
47.3824008,8.5453516,470.717
47.3823988,8.5453518,470.865
47.3823988,8.5453518,470.865
47.3823966,8.5453517,470.855
47.3823966,8.5453517,470.855
47.3823958,8.5453527,470.776
47.3823958,8.5453527,470.776
47.3823955,8.5453546,470.806
47.3823955,8.5453546,470.806
47.3823939,8.545356,470.742
47.3823939,8.545356,470.742
47.382392,8.5453568,470.742
47.382392,8.5453568,470.742
47.3823907,8.5453583,470.727
47.3823907,8.5453583,470.727
47.3823881,8.5453584,470.821
47.3823881,8.5453584,470.821
47.3823866,8.5453599,470.794
47.3823866,8.5453599,470.794
47.3823862,8.5453621,470.575
47.3823862,8.5453621,470.575
47.3823857,8.5453641,470.343
47.3823857,8.5453641,470.343
47.3823846,8.5453655,470.2
47.3823846,8.5453655,470.2
47.3823846,8.5453655,470.2
47.3823818,8.5453691,470.09
47.3823818,8.5453691,470.09
47.3823818,8.5453691,470.09
47.38238,8.5453703,470.097
47.38238,8.5453703,470.097
47.3823787,8.5453717,469.943
47.3823787,8.5453717,469.943
47.3823769,8.5453729,469.847
47.3823769,8.5453729,469.847
47.3823751,8.5453749,469.916
47.3823751,8.5453749,469.916
47.3823749,8.5453774,469.682
47.3823749,8.5453774,469.682
47.3823744,8.5453796,469.549
47.3823744,8.5453796,469.549
47.3823729,8.5453818,469.572
47.3823729,8.5453818,469.572
47.3823709,8.5453843,469.649
47.3823709,8.5453843,469.649
47.3823698,8.5453869,469.726
47.3823698,8.5453869,469.726
47.3823692,8.5453896,469.628
47.3823692,8.5453896,469.628
47.3823685,8.5453916,469.596
47.3823685,8.5453916,469.596
47.3823679,8.5453933,469.531
47.3823679,8.5453933,469.531
47.3823668,8.5453938,469.563
47.3823668,8.5453938,469.563
47.382366,8.5453949,469.485
47.382366,8.5453949,469.485
47.3823661,8.5453953,469.356
47.3823661,8.5453953,469.356
47.3823651,8.5453951,469.167
47.3823651,8.5453951,469.167
47.3823638,8.5453949,469.108
47.3823638,8.5453949,469.108
47.3823639,8.5453947,468.933
47.3823639,8.5453947,468.933
47.3823632,8.5453931,468.856
47.3823632,8.5453931,468.856
47.3823616,8.5453933,468.978
47.3823616,8.5453933,468.978
47.3823599,8.5453925,468.978
47.3823599,8.5453925,468.978
47.382357,8.5453907,468.951
47.382357,8.5453907,468.951
47.3823547,8.5453906,469.107
47.3823547,8.5453906,469.107
47.382353,8.5453902,469.057
47.382353,8.5453902,469.057
47.3823509,8.5453898,469.069
47.3823509,8.5453898,469.069
47.3823491,8.5453896,468.936
47.3823491,8.5453896,468.936
47.3823475,8.5453887,468.681
47.3823475,8.5453887,468.681
47.3823452,8.5453885,468.709
47.3823452,8.5453885,468.709
47.3823421,8.5453879,468.862
47.3823421,8.5453879,468.862
47.3823392,8.545387,468.922
47.3823392,8.545387,468.922
47.3823359,8.5453863,469.049
47.3823359,8.5453863,469.049
47.3823329,8.5453858,469.171
47.3823329,8.5453858,469.171
47.3823299,8.5453858,469.314
47.3823299,8.5453858,469.314
47.3823273,8.5453862,469.163
47.3823273,8.5453862,469.163
47.3823249,8.5453871,469.062
47.3823249,8.5453871,469.062
47.3823223,8.545388,468.951
47.3823223,8.545388,468.951
47.3823199,8.5453889,469.028
47.3823199,8.5453889,469.028
47.3823188,8.5453908,469.109
47.3823188,8.5453908,469.109
47.3823172,8.5453927,469.191
47.3823172,8.5453927,469.191
47.3823155,8.5453944,469.278
47.3823155,8.5453944,469.278
47.3823129,8.5453958,469.378
47.3823129,8.5453958,469.378
47.3823111,8.5453978,469.407
47.3823111,8.5453978,469.407
47.3823093,8.5453997,469.558
47.3823093,8.5453997,469.558
47.3823067,8.5454009,469.761
47.3823067,8.5454009,469.761
47.3823052,8.5454024,469.768
47.3823052,8.5454024,469.768
47.3823027,8.5454035,469.826
47.3823027,8.5454035,469.826
47.3823015,8.5454057,469.831
47.3823015,8.5454057,469.831
47.3822987,8.5454063,469.732
47.3822987,8.5454063,469.732
47.3822963,8.5454077,469.78
47.3822963,8.5454077,469.78
47.382294,8.5454084,469.642
47.382294,8.5454084,469.642
47.3822919,8.54541,469.54
47.3822919,8.54541,469.54
47.3822893,8.5454113,469.649
47.3822893,8.5454113,469.649
47.3822876,8.5454128,469.434
47.3822876,8.5454128,469.434
47.382285,8.5454136,469.486
47.382285,8.5454136,469.486
47.3822831,8.5454145,469.421
47.3822831,8.5454145,469.421
47.3822813,8.5454153,469.354
47.3822813,8.5454153,469.354
47.3822793,8.5454158,469.314
47.3822793,8.5454158,469.314
47.3822777,8.5454166,469.253
47.3822777,8.5454166,469.253
47.3822756,8.5454169,469.369
47.3822756,8.5454169,469.369
47.3822739,8.5454169,469.561
47.3822739,8.5454169,469.561
47.3822726,8.5454169,469.684
47.3822726,8.5454169,469.684
47.3822715,8.5454174,469.685
47.3822715,8.5454174,469.685
47.3822705,8.5454185,469.8
47.3822705,8.5454185,469.8
47.3822692,8.5454186,470.286
47.3822692,8.5454186,470.286
47.3822679,8.5454188,470.712
47.3822679,8.5454188,470.712
47.382267,8.5454189,471.155
47.382267,8.5454189,471.155
47.382267,8.5454207,470.998
47.382267,8.5454207,470.998
47.382266,8.5454229,471.064
47.382266,8.5454229,471.064
47.3822648,8.5454249,471.203
47.3822648,8.5454249,471.203
47.3822637,8.5454272,471.327
47.3822637,8.5454272,471.327
47.3822618,8.54543,471.501
47.3822618,8.54543,471.501
47.3822602,8.545433,471.459
47.3822602,8.545433,471.459
47.3822584,8.5454357,471.614
47.3822584,8.5454357,471.614
47.382257,8.5454384,471.77
47.382257,8.5454384,471.77
47.3822561,8.5454409,471.565
47.3822561,8.5454409,471.565
47.3822556,8.5454424,471.323
47.3822556,8.5454424,471.323
47.3822546,8.5454442,471.278
47.3822546,8.5454442,471.278
47.3822532,8.5454458,471.256
47.3822532,8.5454458,471.256
47.3822527,8.5454463,471.258
47.3822527,8.5454463,471.258
47.3822529,8.5454459,471.19
47.3822529,8.5454459,471.19
47.3822522,8.5454459,471.337
47.3822522,8.5454459,471.337
47.3822521,8.5454453,471.139
47.3822521,8.5454453,471.139
47.3822522,8.545444,471.138
47.3822522,8.545444,471.138
47.382252,8.5454434,471.11
47.382252,8.5454434,471.11
47.3822516,8.5454438,471.087
47.3822516,8.5454438,471.087
47.3822506,8.5454461,471.182
47.3822506,8.5454461,471.182
47.3822506,8.5454466,470.859
47.3822506,8.5454466,470.859
47.3822511,8.5454467,470.471
47.3822511,8.5454467,470.471
47.3822514,8.5454462,470.276
47.3822514,8.5454462,470.276
47.3822516,8.5454461,470.01
47.3822516,8.5454461,470.01
47.3822516,8.5454466,469.763
47.3822516,8.5454466,469.763
47.3822514,8.5454472,469.584
47.3822514,8.5454472,469.584
47.3822508,8.5454488,469.42
47.3822508,8.5454488,469.42
47.3822502,8.5454508,469.217
47.3822502,8.5454508,469.217
47.3822513,8.5454511,469.135
47.3822513,8.5454511,469.135
47.3822524,8.545451,469.183
47.3822524,8.545451,469.183
47.3822531,8.5454515,469.021
47.3822531,8.5454515,469.021
47.3822541,8.5454512,468.848
47.3822541,8.5454512,468.848
47.3822546,8.5454522,468.605
47.3822546,8.5454522,468.605
47.3822551,8.5454531,468.408
47.3822551,8.5454531,468.408
47.3822554,8.5454539,468.291
47.3822554,8.5454539,468.291
47.3822565,8.5454542,468.095
47.3822565,8.5454542,468.095
47.382257,8.5454553,467.733
47.382257,8.5454553,467.733
47.3822567,8.5454582,467.613
47.3822567,8.5454582,467.613
47.3822572,8.5454606,467.547
47.3822572,8.5454606,467.547
47.3822568,8.5454639,467.509
47.3822568,8.5454639,467.509
47.3822573,8.5454664,467.454
47.3822573,8.5454664,467.454
47.3822578,8.5454682,467.125
47.3822578,8.5454682,467.125
47.3822581,8.5454697,466.977
47.3822581,8.5454697,466.977
47.3822577,8.5454724,466.905
47.3822577,8.5454724,466.905
47.3822577,8.5454746,466.688
47.3822577,8.5454746,466.688
47.382258,8.545476,466.522
47.382258,8.545476,466.522
47.3822579,8.545478,466.474
47.3822579,8.545478,466.474
47.3822574,8.5454808,466.809
47.3822574,8.5454808,466.809
47.3822574,8.5454835,467.231
47.3822574,8.5454835,467.231
47.3822581,8.5454848,467.156
47.3822581,8.5454848,467.156
47.3822594,8.5454853,467.104
47.3822594,8.5454853,467.104
47.3822603,8.5454859,467.054
47.3822603,8.5454859,467.054
47.3822611,8.5454865,466.902
47.3822611,8.5454865,466.902
47.382262,8.5454874,466.819
47.382262,8.5454874,466.819
47.3822626,8.5454896,466.715
47.3822626,8.5454896,466.715
47.3822633,8.5454909,466.672
47.3822633,8.5454909,466.672
47.3822635,8.5454931,466.857
47.3822635,8.5454931,466.857
47.3822637,8.5454956,466.792
47.3822637,8.5454956,466.792
47.3822643,8.5454978,466.853
47.3822643,8.5454978,466.853
47.3822652,8.5454999,466.919
47.3822652,8.5454999,466.919
47.3822652,8.5455023,467.022
47.3822652,8.5455023,467.022
47.3822655,8.5455053,467.144
47.3822655,8.5455053,467.144
47.3822653,8.5455091,467.266
47.3822653,8.5455091,467.266
47.3822645,8.545513,467.403
47.3822645,8.545513,467.403
47.3822646,8.545515,467.402
47.3822646,8.545515,467.402
47.3822647,8.5455172,467.574
47.3822647,8.5455172,467.574
47.382265,8.5455196,467.76
47.382265,8.5455196,467.76
47.3822653,8.545522,467.832
47.3822653,8.545522,467.832
47.3822651,8.5455255,468.14
47.3822651,8.5455255,468.14
47.3822656,8.5455282,468.424
47.3822656,8.5455282,468.424
47.3822658,8.5455311,468.28
47.3822658,8.5455311,468.28
47.3822658,8.5455341,468.344
47.3822658,8.5455341,468.344
47.3822667,8.5455374,468.404
47.3822667,8.5455374,468.404
47.3822672,8.5455399,468.585
47.3822672,8.5455399,468.585
47.3822672,8.5455426,468.973
47.3822672,8.5455426,468.973
47.3822677,8.5455451,469.242
47.3822677,8.5455451,469.242
47.3822687,8.5455472,469.357
47.3822687,8.5455472,469.357
47.3822695,8.5455495,469.525
47.3822695,8.5455495,469.525
47.3822704,8.5455518,469.624
47.3822704,8.5455518,469.624
47.3822714,8.5455541,469.89
47.3822714,8.5455541,469.89
47.3822722,8.5455564,470.031
47.3822722,8.5455564,470.031
47.382273,8.5455569,470.389
47.382273,8.5455569,470.389
47.3822743,8.5455578,470.31
47.3822743,8.5455578,470.31
47.3822753,8.5455599,470.184
47.3822753,8.5455599,470.184
47.3822763,8.5455626,470.282
47.3822763,8.5455626,470.282
47.3822773,8.5455651,470.458
47.3822773,8.5455651,470.458
47.3822786,8.5455675,470.534
47.3822786,8.5455675,470.534
47.3822795,8.5455703,470.65
47.3822795,8.5455703,470.65
47.3822805,8.5455731,470.687
47.3822805,8.5455731,470.687
47.382281,8.5455765,470.759
47.382281,8.5455765,470.759
47.382282,8.5455792,470.67
47.382282,8.5455792,470.67
47.3822841,8.5455806,470.498
47.3822841,8.5455806,470.498
47.3822855,8.5455828,470.648
47.3822855,8.5455828,470.648
47.3822873,8.5455845,470.505
47.3822873,8.5455845,470.505
47.3822887,8.5455867,470.63
47.3822887,8.5455867,470.63
47.3822895,8.54559,470.871
47.3822895,8.54559,470.871
47.3822903,8.5455936,470.906
47.3822903,8.5455936,470.906
47.3822906,8.545598,471.06
47.3822906,8.545598,471.06
47.3822914,8.545601,470.958
47.3822914,8.545601,470.958
47.3822918,8.5456038,471.107
47.3822918,8.5456038,471.107
47.3822919,8.5456072,471.098
47.3822919,8.5456072,471.098
47.3822925,8.5456095,471.072
47.3822925,8.5456095,471.072
47.3822924,8.5456118,471.023
47.3822924,8.5456118,471.023
47.3822928,8.5456135,470.976
47.3822928,8.5456135,470.976
47.3822925,8.5456162,471.049
47.3822925,8.5456162,471.049
47.3822929,8.5456183,470.928
47.3822929,8.5456183,470.928
47.3822933,8.5456196,471.005
47.3822933,8.5456196,471.005
47.3822942,8.5456212,470.803
47.3822942,8.5456212,470.803
47.3822949,8.5456215,470.538
47.3822949,8.5456215,470.538
47.3822953,8.545622,470.531
47.3822953,8.545622,470.531
47.3822958,8.5456225,470.425
47.3822958,8.5456225,470.425
47.3822955,8.5456239,470.138
47.3822955,8.5456239,470.138
47.3822953,8.5456256,470.503
47.3822953,8.5456256,470.503
47.3822949,8.5456276,470.54
47.3822949,8.5456276,470.54
47.3822956,8.5456287,470.412
47.3822956,8.5456287,470.412
47.3822956,8.5456313,470.744
47.3822956,8.5456313,470.744
47.3822956,8.5456333,470.605
47.3822956,8.5456333,470.605
47.382297,8.5456332,470.255
47.382297,8.5456332,470.255
47.3822983,8.5456341,470.178
47.3822983,8.5456341,470.178
47.3822987,8.5456366,470.468
47.3822987,8.5456366,470.468
47.3822999,8.5456383,470.38
47.3822999,8.5456383,470.38
47.3823015,8.5456396,470.3
47.3823015,8.5456396,470.3
47.3823023,8.5456425,470.537
47.3823023,8.5456425,470.537
47.3823031,8.5456455,470.361
47.3823031,8.5456455,470.361
47.3823036,8.5456485,470.62
47.3823036,8.5456485,470.62
47.3823046,8.5456511,470.732
47.3823046,8.5456511,470.732
47.3823058,8.5456533,470.627
47.3823058,8.5456533,470.627
47.3823071,8.5456555,470.586
47.3823071,8.5456555,470.586
47.3823079,8.5456571,470.675
47.3823079,8.5456571,470.675
47.382309,8.5456594,470.999
47.382309,8.5456594,470.999
47.3823105,8.5456622,471.228
47.3823105,8.5456622,471.228
47.3823118,8.5456649,471.292
47.3823118,8.5456649,471.292
47.3823131,8.5456672,471.452
47.3823131,8.5456672,471.452
47.3823142,8.54567,471.412
47.3823142,8.54567,471.412
47.3823152,8.5456723,471.451
47.3823152,8.5456723,471.451
47.3823157,8.5456751,471.545
47.3823157,8.5456751,471.545
47.3823162,8.545678,471.692
47.3823162,8.545678,471.692
47.3823168,8.5456806,471.281
47.3823168,8.5456806,471.281
47.3823176,8.5456833,471.097
47.3823176,8.5456833,471.097
47.3823186,8.5456856,470.901
47.3823186,8.5456856,470.901
47.3823197,8.5456871,470.765
47.3823197,8.5456871,470.765
47.3823204,8.5456893,471.169
47.3823204,8.5456893,471.169
47.3823211,8.5456916,471.134
47.3823211,8.5456916,471.134
47.3823219,8.5456938,470.881
47.3823219,8.5456938,470.881
47.3823225,8.5456959,471.001
47.3823225,8.5456959,471.001
47.3823231,8.5456986,471.115
47.3823231,8.5456986,471.115
47.3823236,8.5457012,471.164
47.3823236,8.5457012,471.164
47.3823246,8.5457038,470.991
47.3823246,8.5457038,470.991
47.3823254,8.5457067,470.863
47.3823254,8.5457067,470.863
47.3823264,8.5457103,470.714
47.3823264,8.5457103,470.714
47.3823277,8.5457135,470.511
47.3823277,8.5457135,470.511
47.3823291,8.5457162,470.195
47.3823291,8.5457162,470.195
47.3823302,8.5457192,470.343
47.3823302,8.5457192,470.343
47.3823312,8.5457222,470.481
47.3823312,8.5457222,470.481
47.3823323,8.545725,470.526
47.3823323,8.545725,470.526
47.3823323,8.5457271,470.781
47.3823323,8.5457271,470.781
47.3823331,8.5457299,471.009
47.3823331,8.5457299,471.009
47.3823346,8.5457319,471.028
47.3823346,8.5457319,471.028
47.3823362,8.5457343,470.953
47.3823362,8.5457343,470.953
47.3823366,8.5457384,471.512
47.3823366,8.5457384,471.512
47.3823374,8.5457413,471.438
47.3823374,8.5457413,471.438
47.3823388,8.5457433,471.165
47.3823388,8.5457433,471.165
47.3823399,8.5457462,471.282
47.3823399,8.5457462,471.282
47.3823412,8.5457492,471.269
47.3823412,8.5457492,471.269
47.3823421,8.5457521,471.296
47.3823421,8.5457521,471.296
47.3823432,8.5457549,471.443
47.3823432,8.5457549,471.443
47.3823443,8.5457575,471.555
47.3823443,8.5457575,471.555
47.3823454,8.5457609,471.54
47.3823454,8.5457609,471.54
47.382346,8.5457641,471.959
47.382346,8.5457641,471.959
47.3823471,8.545767,471.983
47.3823471,8.545767,471.983
47.382348,8.5457698,472.174
47.382348,8.5457698,472.174
47.3823488,8.5457723,472.358
47.3823488,8.5457723,472.358
47.3823502,8.5457745,472.275
47.3823502,8.5457745,472.275
47.3823511,8.5457773,472.349
47.3823511,8.5457773,472.349
47.3823521,8.5457803,472.446
47.3823521,8.5457803,472.446
47.3823533,8.5457826,472.362
47.3823533,8.5457826,472.362
47.3823548,8.5457851,472.622
47.3823548,8.5457851,472.622
47.3823558,8.5457874,472.679
47.3823558,8.5457874,472.679
47.3823574,8.5457894,472.661
47.3823574,8.5457894,472.661
47.3823592,8.5457913,472.718
47.3823592,8.5457913,472.718
47.3823615,8.5457944,472.935
47.3823615,8.5457944,472.935
47.382365,8.5457977,472.939
47.382365,8.5457977,472.939
47.3823672,8.5458003,473.005
47.3823672,8.5458003,473.005
47.3823692,8.5458016,473.076
47.3823692,8.5458016,473.076
47.38237,8.5458024,473.134
47.38237,8.5458024,473.134
47.3823715,8.5458036,472.98
47.3823715,8.5458036,472.98
47.3823727,8.5458051,473.012
47.3823727,8.5458051,473.012
47.3823738,8.5458067,473.086
47.3823738,8.5458067,473.086
47.3823752,8.5458089,473.177
47.3823752,8.5458089,473.177
47.3823774,8.545811,473.024
47.3823774,8.545811,473.024
47.3823789,8.545813,473.057
47.3823789,8.545813,473.057
47.3823798,8.5458148,473.177
47.3823798,8.5458148,473.177
47.3823804,8.5458162,473.287
47.3823804,8.5458162,473.287
47.3823813,8.5458178,473.384
47.3823813,8.5458178,473.384
47.382383,8.5458202,473.498
47.382383,8.5458202,473.498
47.3823845,8.545823,473.476
47.3823845,8.545823,473.476
47.3823859,8.545826,473.29
47.3823859,8.545826,473.29
47.3823871,8.5458284,473.2
47.3823871,8.5458284,473.2
47.3823878,8.5458305,473.216
47.3823878,8.5458305,473.216
47.382389,8.5458327,473.233
47.382389,8.5458327,473.233
47.3823898,8.5458352,473.273
47.3823898,8.5458352,473.273
47.3823908,8.5458381,473.336
47.3823908,8.5458381,473.336
47.3823918,8.5458403,473.015
47.3823918,8.5458403,473.015
47.3823925,8.5458423,472.78
47.3823925,8.5458423,472.78
47.3823929,8.5458446,472.815
47.3823929,8.5458446,472.815
47.3823943,8.5458474,472.746
47.3823943,8.5458474,472.746
47.3823951,8.5458499,472.627
47.3823951,8.5458499,472.627
47.3823956,8.5458519,472.557
47.3823956,8.5458519,472.557
47.3823954,8.5458546,472.379
47.3823954,8.5458546,472.379
47.3823952,8.5458569,472.475
47.3823952,8.5458569,472.475
47.3823956,8.5458585,472.402
47.3823956,8.5458585,472.402
47.3823969,8.5458611,472.509
47.3823969,8.5458611,472.509
47.3823973,8.5458629,472.634
47.3823973,8.5458629,472.634
47.3823983,8.5458644,472.681
47.3823983,8.5458644,472.681
47.3823994,8.545867,472.644
47.3823994,8.545867,472.644
47.3824002,8.54587,472.896
47.3824002,8.54587,472.896
47.3824005,8.5458727,473.159
47.3824005,8.5458727,473.159
47.3824016,8.5458747,472.905
47.3824016,8.5458747,472.905
47.3824028,8.5458773,472.639
47.3824028,8.5458773,472.639
47.3824041,8.5458798,472.681
47.3824041,8.5458798,472.681
47.3824062,8.5458823,472.479
47.3824062,8.5458823,472.479
47.3824075,8.5458842,472.461
47.3824075,8.5458842,472.461
47.3824086,8.5458866,472.809
47.3824086,8.5458866,472.809
47.3824095,8.5458889,472.987
47.3824095,8.5458889,472.987
47.3824101,8.5458907,473.049
47.3824101,8.5458907,473.049
47.382411,8.5458925,472.999
47.382411,8.5458925,472.999
47.3824115,8.5458943,472.963
47.3824115,8.5458943,472.963
47.3824123,8.5458968,473.107
47.3824123,8.5458968,473.107
47.3824129,8.5458992,473.207
47.3824129,8.5458992,473.207
47.3824138,8.5459015,473.189
47.3824138,8.5459015,473.189
47.3824152,8.5459041,473.03
47.3824152,8.5459041,473.03
47.3824165,8.5459063,472.921
47.3824165,8.5459063,472.921
47.3824186,8.5459092,472.762
47.3824186,8.5459092,472.762
47.3824192,8.5459114,472.659
47.3824192,8.5459114,472.659
47.3824198,8.5459132,472.611
47.3824198,8.5459132,472.611
47.3824199,8.5459148,472.72
47.3824199,8.5459148,472.72
47.3824206,8.5459173,472.8
47.3824206,8.5459173,472.8
47.3824224,8.5459199,472.566
47.3824224,8.5459199,472.566
47.382425,8.5459239,472.468
47.382425,8.5459239,472.468
47.3824279,8.5459285,472.385
47.3824279,8.5459285,472.385
47.3824295,8.5459315,472.438
47.3824295,8.5459315,472.438
47.3824306,8.5459344,472.596
47.3824306,8.5459344,472.596
47.3824319,8.5459369,472.573
47.3824319,8.5459369,472.573
47.3824325,8.5459392,472.584
47.3824325,8.5459392,472.584
47.382434,8.5459421,472.387
47.382434,8.5459421,472.387
47.3824347,8.5459437,472.372
47.3824347,8.5459437,472.372
47.3824356,8.5459456,472.515
47.3824356,8.5459456,472.515
47.3824362,8.5459479,472.541
47.3824362,8.5459479,472.541
47.3824373,8.5459505,472.343
47.3824373,8.5459505,472.343
47.3824385,8.5459534,472.25
47.3824385,8.5459534,472.25
47.3824389,8.5459554,472.255
47.3824389,8.5459554,472.255
47.38244,8.5459578,472.329
47.38244,8.5459578,472.329
47.3824416,8.5459605,472.211
47.3824416,8.5459605,472.211
47.3824433,8.5459626,471.994
47.3824433,8.5459626,471.994
47.3824451,8.545965,471.959
47.3824451,8.545965,471.959
47.3824472,8.545967,471.706
47.3824472,8.545967,471.706
47.3824491,8.5459696,471.627
47.3824491,8.5459696,471.627
47.3824502,8.5459719,471.665
47.3824502,8.5459719,471.665
47.3824516,8.545974,471.583
47.3824516,8.545974,471.583
47.3824527,8.5459772,471.652
47.3824527,8.5459772,471.652
47.3824549,8.5459812,471.384
47.3824549,8.5459812,471.384
47.3824555,8.5459839,471.331
47.3824555,8.5459839,471.331
47.3824569,8.5459862,471.263
47.3824569,8.5459862,471.263
47.3824576,8.5459885,471.425
47.3824576,8.5459885,471.425
47.3824582,8.5459905,471.57
47.3824582,8.5459905,471.57
47.3824598,8.5459941,471.577
47.3824598,8.5459941,471.577
47.3824597,8.5459962,471.88
47.3824597,8.5459962,471.88
47.3824604,8.5459991,472.086
47.3824604,8.5459991,472.086
47.3824616,8.5460016,472.119
47.3824616,8.5460016,472.119
47.3824628,8.5460034,472.17
47.3824628,8.5460034,472.17
47.3824641,8.5460054,472.067
47.3824641,8.5460054,472.067
47.3824653,8.5460074,471.963
47.3824653,8.5460074,471.963
47.3824667,8.5460096,471.909
47.3824667,8.5460096,471.909
47.3824681,8.5460116,472.206
47.3824681,8.5460116,472.206
47.3824696,8.546014,472.164
47.3824696,8.546014,472.164
47.3824701,8.5460167,472.049
47.3824701,8.5460167,472.049
47.3824711,8.5460192,472.022
47.3824711,8.5460192,472.022
47.3824729,8.5460211,472.197
47.3824729,8.5460211,472.197
47.3824759,8.5460249,471.839
47.3824759,8.5460249,471.839
47.3824761,8.5460284,471.972
47.3824761,8.5460284,471.972
47.3824765,8.5460312,471.776
47.3824765,8.5460312,471.776
47.3824769,8.5460339,471.674
47.3824769,8.5460339,471.674
47.3824771,8.546036,471.905
47.3824771,8.546036,471.905
47.3824794,8.5460381,471.883
47.3824794,8.5460381,471.883
47.3824817,8.5460404,471.788
47.3824817,8.5460404,471.788
47.3824828,8.5460435,471.669
47.3824828,8.5460435,471.669
47.3824853,8.546046,471.766
47.3824853,8.546046,471.766
47.3824876,8.5460481,471.683
47.3824876,8.5460481,471.683
47.3824884,8.5460504,471.813
47.3824884,8.5460504,471.813
47.3824894,8.5460532,471.685
47.3824894,8.5460532,471.685
47.3824905,8.5460558,471.552
47.3824905,8.5460558,471.552
47.3824919,8.5460585,471.539
47.3824919,8.5460585,471.539
47.3824937,8.5460618,471.405
47.3824937,8.5460618,471.405
47.382495,8.5460649,471.403
47.382495,8.5460649,471.403
47.3824966,8.546068,471.363
47.3824966,8.546068,471.363
47.382498,8.546071,471.326
47.382498,8.546071,471.326
47.3824988,8.5460739,471.21
47.3824988,8.5460739,471.21
47.3824997,8.546077,471.204
47.3824997,8.546077,471.204
47.3825,8.5460795,471.178
47.3825,8.5460795,471.178
47.3825004,8.5460827,470.921
47.3825004,8.5460827,470.921
47.3825004,8.5460851,470.84
47.3825004,8.5460851,470.84
47.3825006,8.5460872,470.926
47.3825006,8.5460872,470.926
47.3825016,8.5460895,470.896
47.3825016,8.5460895,470.896
47.382503,8.5460912,471.044
47.382503,8.5460912,471.044
47.382504,8.5460931,471.284
47.382504,8.5460931,471.284
47.3825044,8.5460952,471.081
47.3825044,8.5460952,471.081
47.3825048,8.5460969,471.288
47.3825048,8.5460969,471.288
47.3825058,8.5460994,471.356
47.3825058,8.5460994,471.356
47.382507,8.5461019,471.541
47.382507,8.5461019,471.541
47.3825084,8.5461042,471.922
47.3825084,8.5461042,471.922
47.3825094,8.5461071,471.959
47.3825094,8.5461071,471.959
47.3825109,8.5461092,472.241
47.3825109,8.5461092,472.241
47.3825123,8.5461114,472.418
47.3825123,8.5461114,472.418
47.3825132,8.5461139,472.549
47.3825132,8.5461139,472.549
47.3825144,8.5461162,472.636
47.3825144,8.5461162,472.636
47.3825153,8.5461186,472.859
47.3825153,8.5461186,472.859
47.3825157,8.5461214,472.91
47.3825157,8.5461214,472.91
47.3825162,8.5461236,473.195
47.3825162,8.5461236,473.195
47.382517,8.5461267,473.131
47.382517,8.5461267,473.131
47.3825179,8.5461287,473.392
47.3825179,8.5461287,473.392
47.3825189,8.5461307,473.392
47.3825189,8.5461307,473.392
47.3825197,8.5461327,473.518
47.3825197,8.5461327,473.518
47.382521,8.5461351,473.788
47.382521,8.5461351,473.788
47.3825225,8.5461386,473.854
47.3825225,8.5461386,473.854
47.3825239,8.546141,474.028
47.3825239,8.546141,474.028
47.3825251,8.5461433,474.147
47.3825251,8.5461433,474.147
47.3825269,8.5461452,474.316
47.3825269,8.5461452,474.316
47.3825281,8.5461471,474.35
47.3825281,8.5461471,474.35
47.3825294,8.5461489,474.348
47.3825294,8.5461489,474.348
47.3825307,8.546151,474.459
47.3825307,8.546151,474.459
47.3825318,8.5461538,474.45
47.3825318,8.5461538,474.45
47.3825329,8.5461564,474.722
47.3825329,8.5461564,474.722
47.3825341,8.5461591,474.791
47.3825341,8.5461591,474.791
47.3825355,8.5461611,474.584
47.3825355,8.5461611,474.584
47.382535,8.5461632,474.547
47.382535,8.5461632,474.547
47.382535,8.5461651,474.406
47.382535,8.5461651,474.406
47.3825356,8.5461678,474.405
47.3825356,8.5461678,474.405
47.3825372,8.5461703,474.292
47.3825372,8.5461703,474.292
47.3825382,8.5461725,474.129
47.3825382,8.5461725,474.129
47.3825374,8.5461749,474.026
47.3825374,8.5461749,474.026
47.3825373,8.5461772,474.049
47.3825373,8.5461772,474.049
47.3825365,8.5461798,473.938
47.3825365,8.5461798,473.938
47.3825377,8.5461818,474.164
47.3825377,8.5461818,474.164
47.3825386,8.5461838,474.285
47.3825386,8.5461838,474.285
47.38254,8.5461854,474.477
47.38254,8.5461854,474.477
47.3825415,8.5461876,474.557
47.3825415,8.5461876,474.557
47.3825433,8.5461897,474.663
47.3825433,8.5461897,474.663
47.3825445,8.5461918,474.769
47.3825445,8.5461918,474.769
47.382545,8.5461939,474.732
47.382545,8.5461939,474.732
47.3825458,8.5461958,474.926
47.3825458,8.5461958,474.926
47.3825464,8.5461979,475.067
47.3825464,8.5461979,475.067
47.3825469,8.5462005,475.135
47.3825469,8.5462005,475.135
47.382548,8.5462031,475.226
47.382548,8.5462031,475.226
47.3825488,8.5462059,475.474
47.3825488,8.5462059,475.474
47.38255,8.5462088,475.499
47.38255,8.5462088,475.499
47.3825512,8.5462113,475.735
47.3825512,8.5462113,475.735
47.3825521,8.5462141,475.739
47.3825521,8.5462141,475.739
47.3825528,8.5462166,475.903
47.3825528,8.5462166,475.903
47.3825538,8.5462193,475.978
47.3825538,8.5462193,475.978
47.3825553,8.5462214,476.197
47.3825553,8.5462214,476.197
47.3825568,8.5462234,476.492
47.3825568,8.5462234,476.492
47.3825576,8.5462255,476.697
47.3825576,8.5462255,476.697
47.3825593,8.5462284,476.932
47.3825593,8.5462284,476.932
47.3825604,8.5462308,477.254
47.3825604,8.5462308,477.254
47.3825616,8.5462328,477.504
47.3825616,8.5462328,477.504
47.3825625,8.5462353,477.543
47.3825625,8.5462353,477.543
47.3825636,8.546238,477.565
47.3825636,8.546238,477.565
47.3825648,8.5462399,477.769
47.3825648,8.5462399,477.769
47.3825662,8.5462411,478.208
47.3825662,8.5462411,478.208
47.3825676,8.546242,478.561
47.3825676,8.546242,478.561
47.3825684,8.5462434,478.663
47.3825684,8.5462434,478.663
47.3825693,8.5462452,478.643
47.3825693,8.5462452,478.643
47.38257,8.5462468,478.803
47.38257,8.5462468,478.803
47.3825705,8.5462484,478.93
47.3825705,8.5462484,478.93
47.3825711,8.5462497,479.012
47.3825711,8.5462497,479.012
47.3825718,8.5462517,479.257
47.3825718,8.5462517,479.257
47.3825725,8.546254,479.228
47.3825725,8.546254,479.228
47.3825741,8.5462557,478.963
47.3825741,8.5462557,478.963
47.3825753,8.546258,478.685
47.3825753,8.546258,478.685
47.3825761,8.5462601,478.732
47.3825761,8.5462601,478.732
47.3825772,8.5462622,478.516
47.3825772,8.5462622,478.516
47.3825778,8.5462644,478.439
47.3825778,8.5462644,478.439
47.3825789,8.5462664,478.551
47.3825789,8.5462664,478.551
47.3825801,8.5462687,478.793
47.3825801,8.5462687,478.793
47.3825811,8.5462714,478.913
47.3825811,8.5462714,478.913
47.3825832,8.5462752,478.711
47.3825832,8.5462752,478.711
47.3825844,8.546278,478.985
47.3825844,8.546278,478.985
47.3825855,8.546281,478.881
47.3825855,8.546281,478.881
47.3825864,8.546284,478.386
47.3825864,8.546284,478.386
47.3825875,8.546287,478.23
47.3825875,8.546287,478.23
47.3825882,8.5462895,478.108
47.3825882,8.5462895,478.108
47.3825889,8.5462919,477.83
47.3825889,8.5462919,477.83
47.3825896,8.5462943,477.668
47.3825896,8.5462943,477.668
47.3825903,8.5462968,477.577
47.3825903,8.5462968,477.577
47.3825913,8.5462993,477.594
47.3825913,8.5462993,477.594
47.3825925,8.546301,477.421
47.3825925,8.546301,477.421
47.3825933,8.5463027,477.283
47.3825933,8.5463027,477.283
47.3825935,8.5463049,476.893
47.3825935,8.5463049,476.893
47.3825933,8.5463075,476.197
47.3825933,8.5463075,476.197
47.3825929,8.54631,475.527
47.3825929,8.54631,475.527
47.3825922,8.5463121,475.188
47.3825922,8.5463121,475.188
47.3825915,8.5463135,474.826
47.3825915,8.5463135,474.826
47.3825909,8.5463148,474.71
47.3825909,8.5463148,474.71
47.3825913,8.5463153,474.439
47.3825913,8.5463153,474.439
47.3825915,8.5463154,474.306
47.3825915,8.5463154,474.306
47.3825917,8.5463164,474.224
47.3825917,8.5463164,474.224
47.3825921,8.5463173,474.231
47.3825921,8.5463173,474.231
47.3825927,8.5463182,474.25
47.3825927,8.5463182,474.25
47.382594,8.5463192,474.468
47.382594,8.5463192,474.468
47.3825954,8.5463205,474.521
47.3825954,8.5463205,474.521
47.3825965,8.5463215,474.299
47.3825965,8.5463215,474.299
47.3825981,8.5463224,474.306
47.3825981,8.5463224,474.306
47.3825993,8.546323,474.502
47.3825993,8.546323,474.502
47.3826007,8.5463239,474.652
47.3826007,8.5463239,474.652
47.382602,8.546325,474.694
47.382602,8.546325,474.694
47.3826042,8.546326,474.78
47.3826042,8.546326,474.78
47.3826055,8.5463265,475.236
47.3826055,8.5463265,475.236
47.3826058,8.5463277,475.396
47.3826058,8.5463277,475.396
47.3826072,8.5463294,475.267
47.3826072,8.5463294,475.267
47.3826085,8.5463316,475.194
47.3826085,8.5463316,475.194
47.3826094,8.546333,474.77
47.3826094,8.546333,474.77
47.3826111,8.5463358,474.201
47.3826111,8.5463358,474.201
47.382612,8.5463384,474.004
47.382612,8.5463384,474.004
47.3826133,8.546341,473.618
47.3826133,8.546341,473.618
47.3826147,8.5463434,473.38
47.3826147,8.5463434,473.38
47.3826158,8.5463464,473.107
47.3826158,8.5463464,473.107
47.382616,8.5463497,472.474
47.382616,8.5463497,472.474
47.382616,8.5463523,472.55
47.382616,8.5463523,472.55
47.3826155,8.5463558,472.131
47.3826155,8.5463558,472.131
47.3826151,8.5463599,471.768
47.3826151,8.5463599,471.768
47.3826149,8.546363,471.571
47.3826149,8.546363,471.571
47.3826142,8.5463664,471.007
47.3826142,8.5463664,471.007
47.3826129,8.5463682,470.813
47.3826129,8.5463682,470.813
47.3826135,8.5463703,470.824
47.3826135,8.5463703,470.824
47.3826146,8.5463727,470.888
47.3826146,8.5463727,470.888
47.3826156,8.5463752,470.822
47.3826156,8.5463752,470.822
47.3826169,8.5463772,470.641
47.3826169,8.5463772,470.641
47.3826176,8.5463796,470.554
47.3826176,8.5463796,470.554
47.382618,8.5463824,470.52
47.382618,8.5463824,470.52
47.3826185,8.5463858,470.436
47.3826185,8.5463858,470.436
47.3826191,8.5463887,470.17
47.3826191,8.5463887,470.17
47.3826197,8.546391,470.128
47.3826197,8.546391,470.128
47.3826213,8.5463937,470.153
47.3826213,8.5463937,470.153
47.3826224,8.5463964,470.065
47.3826224,8.5463964,470.065
47.3826237,8.5463985,470.111
47.3826237,8.5463985,470.111
47.382625,8.5464001,470.04
47.382625,8.5464001,470.04
47.3826265,8.5464016,469.855
47.3826265,8.5464016,469.855
47.3826277,8.5464037,469.7
47.3826277,8.5464037,469.7
47.382629,8.5464057,469.58
47.382629,8.5464057,469.58
47.3826299,8.5464074,469.367
47.3826299,8.5464074,469.367
47.3826307,8.5464093,469.296
47.3826307,8.5464093,469.296
47.3826317,8.5464111,469.283
47.3826317,8.5464111,469.283
47.3826326,8.5464126,469.382
47.3826326,8.5464126,469.382
47.3826339,8.5464144,469.121
47.3826339,8.5464144,469.121
47.3826352,8.5464161,468.977
47.3826352,8.5464161,468.977
47.3826363,8.5464184,469.072
47.3826363,8.5464184,469.072
47.382638,8.5464197,468.71
47.382638,8.5464197,468.71
47.3826391,8.5464205,468.836
47.3826391,8.5464205,468.836
47.3826409,8.5464219,468.588
47.3826409,8.5464219,468.588
47.3826432,8.5464233,468.381
47.3826432,8.5464233,468.381
47.3826456,8.5464244,468.139
47.3826456,8.5464244,468.139
47.3826474,8.5464254,468.255
47.3826474,8.5464254,468.255
47.3826494,8.5464261,468.358
47.3826494,8.5464261,468.358
47.3826507,8.5464272,468.286
47.3826507,8.5464272,468.286
47.3826525,8.5464282,468.395
47.3826525,8.5464282,468.395
47.3826539,8.5464296,468.459
47.3826539,8.5464296,468.459
47.3826553,8.5464306,468.66
47.3826553,8.5464306,468.66
47.382657,8.5464318,468.602
47.382657,8.5464318,468.602
47.3826587,8.5464327,468.944
47.3826587,8.5464327,468.944
47.3826603,8.5464338,469.209
47.3826603,8.5464338,469.209
47.3826603,8.5464362,468.846
47.3826603,8.5464362,468.846
47.3826609,8.5464389,468.527
47.3826609,8.5464389,468.527
47.3826615,8.5464416,468.418
47.3826615,8.5464416,468.418
47.3826619,8.5464442,468.306
47.3826619,8.5464442,468.306
47.3826623,8.5464472,468.116
47.3826623,8.5464472,468.116
47.3826626,8.54645,467.929
47.3826626,8.54645,467.929
47.382663,8.5464521,467.916
47.382663,8.5464521,467.916
47.382664,8.5464534,468.09
47.382664,8.5464534,468.09
47.3826649,8.5464553,468.051
47.3826649,8.5464553,468.051
47.3826655,8.5464577,468.18
47.3826655,8.5464577,468.18
47.3826663,8.5464591,468.005
47.3826663,8.5464591,468.005
47.3826672,8.5464603,468.492
47.3826672,8.5464603,468.492
47.3826678,8.5464627,468.675
47.3826678,8.5464627,468.675
47.3826689,8.5464646,469.207
47.3826689,8.5464646,469.207
47.3826699,8.5464669,469.251
47.3826699,8.5464669,469.251
47.3826709,8.546468,469.555
47.3826709,8.546468,469.555
47.3826719,8.5464693,469.846
47.3826719,8.5464693,469.846
47.3826722,8.546471,469.756
47.3826722,8.546471,469.756
47.3826729,8.5464725,470.025
47.3826729,8.5464725,470.025
47.3826734,8.5464732,470.352
47.3826734,8.5464732,470.352
47.3826743,8.5464739,470.767
47.3826743,8.5464739,470.767
47.3826753,8.5464755,470.912
47.3826753,8.5464755,470.912
47.3826755,8.5464767,471.114
47.3826755,8.5464767,471.114
47.382676,8.546478,471.402
47.382676,8.546478,471.402
47.3826763,8.5464792,471.544
47.3826763,8.5464792,471.544
47.382677,8.54648,471.772
47.382677,8.54648,471.772
47.3826776,8.5464808,471.922
47.3826776,8.5464808,471.922
47.3826781,8.5464822,472.211
47.3826781,8.5464822,472.211
47.382679,8.546483,472.372
47.382679,8.546483,472.372
47.3826797,8.546483,472.668
47.3826797,8.546483,472.668
47.382681,8.5464836,472.88
47.382681,8.5464836,472.88
47.3826827,8.5464844,472.856
47.3826827,8.5464844,472.856
47.382684,8.5464854,472.771
47.382684,8.5464854,472.771
47.3826848,8.5464866,472.817
47.3826848,8.5464866,472.817
47.3826854,8.5464878,473.056
47.3826854,8.5464878,473.056
47.3826866,8.5464891,473.015
47.3826866,8.5464891,473.015
47.3826873,8.5464902,473.127
47.3826873,8.5464902,473.127
47.3826881,8.5464905,473.334
47.3826881,8.5464905,473.334
47.3826893,8.5464906,473.479
47.3826893,8.5464906,473.479
47.3826906,8.5464915,473.449
47.3826906,8.5464915,473.449
47.3826921,8.5464924,473.715
47.3826921,8.5464924,473.715
47.3826934,8.5464933,473.834
47.3826934,8.5464933,473.834
47.3826944,8.5464948,473.767
47.3826944,8.5464948,473.767
47.3826952,8.5464962,473.878
47.3826952,8.5464962,473.878
47.3826959,8.5464974,473.982
47.3826959,8.5464974,473.982
47.382697,8.5464987,474.033
47.382697,8.5464987,474.033
47.3826976,8.5464992,474.06
47.3826976,8.5464992,474.06
47.3826991,8.5465005,473.998
47.3826991,8.5465005,473.998
47.3827005,8.5465015,473.894
47.3827005,8.5465015,473.894
47.3827019,8.5465028,473.847
47.3827019,8.5465028,473.847
47.3827029,8.5465041,473.999
47.3827029,8.5465041,473.999
47.3827034,8.5465058,473.938
47.3827034,8.5465058,473.938
47.3827033,8.5465079,473.873
47.3827033,8.5465079,473.873
47.3827037,8.5465095,474.241
47.3827037,8.5465095,474.241
47.3827051,8.5465111,474.57
47.3827051,8.5465111,474.57
47.3827065,8.5465131,474.702
47.3827065,8.5465131,474.702
47.3827076,8.5465148,474.817
47.3827076,8.5465148,474.817
47.3827085,8.5465165,474.94
47.3827085,8.5465165,474.94
47.3827097,8.5465188,474.859
47.3827097,8.5465188,474.859
47.3827102,8.5465208,474.91
47.3827102,8.5465208,474.91
47.3827112,8.5465229,474.867
47.3827112,8.5465229,474.867
47.3827121,8.546525,474.782
47.3827121,8.546525,474.782
47.3827128,8.5465267,474.952
47.3827128,8.5465267,474.952
47.3827137,8.5465287,474.98
47.3827137,8.5465287,474.98
47.3827143,8.5465307,474.829
47.3827143,8.5465307,474.829
47.3827148,8.5465325,474.795
47.3827148,8.5465325,474.795
47.3827152,8.5465339,474.856
47.3827152,8.5465339,474.856
47.3827159,8.5465359,474.776
47.3827159,8.5465359,474.776
47.3827168,8.5465377,474.506
47.3827168,8.5465377,474.506
47.3827177,8.5465398,474.436
47.3827177,8.5465398,474.436
47.382719,8.5465414,474.447
47.382719,8.5465414,474.447
47.3827203,8.5465428,474.293
47.3827203,8.5465428,474.293
47.3827217,8.5465449,473.932
47.3827217,8.5465449,473.932
47.3827222,8.5465468,473.672
47.3827222,8.5465468,473.672
47.3827226,8.5465492,473.452
47.3827226,8.5465492,473.452
47.382723,8.5465507,473.398
47.382723,8.5465507,473.398
47.3827237,8.5465521,473.216
47.3827237,8.5465521,473.216
47.382724,8.5465537,473.078
47.382724,8.5465537,473.078
47.3827244,8.5465553,473.081
47.3827244,8.5465553,473.081
47.3827253,8.5465566,473.053
47.3827253,8.5465566,473.053
47.3827265,8.5465574,473.158
47.3827265,8.5465574,473.158
47.3827279,8.5465589,473.141
47.3827279,8.5465589,473.141
47.382729,8.5465603,473.282
47.382729,8.5465603,473.282
47.3827304,8.5465616,473.249
47.3827304,8.5465616,473.249
47.3827316,8.5465629,473.159
47.3827316,8.5465629,473.159
47.3827327,8.5465642,473.448
47.3827327,8.5465642,473.448
47.3827341,8.5465661,473.665
47.3827341,8.5465661,473.665
47.3827354,8.5465676,473.859
47.3827354,8.5465676,473.859
47.3827367,8.5465692,474.087
47.3827367,8.5465692,474.087
47.3827378,8.5465707,474.451
47.3827378,8.5465707,474.451
47.382739,8.5465722,474.636
47.382739,8.5465722,474.636
47.3827398,8.5465737,474.947
47.3827398,8.5465737,474.947
47.382741,8.546576,475.128
47.382741,8.546576,475.128
47.3827424,8.5465794,474.857
47.3827424,8.5465794,474.857
47.3827436,8.5465831,474.644
47.3827436,8.5465831,474.644
47.3827447,8.5465862,474.749
47.3827447,8.5465862,474.749
47.3827458,8.5465888,474.653
47.3827458,8.5465888,474.653
47.382746,8.5465902,474.986
47.382746,8.5465902,474.986
47.3827474,8.5465924,475.046
47.3827474,8.5465924,475.046
47.3827493,8.5465931,475.307
47.3827493,8.5465931,475.307
47.38275,8.5465932,475.42
47.38275,8.5465932,475.42
47.3827502,8.5465928,475.528
47.3827502,8.5465928,475.528
47.3827503,8.5465934,475.52
47.3827503,8.5465934,475.52
47.3827507,8.5465943,475.263
47.3827507,8.5465943,475.263
47.3827509,8.5465958,475.148
47.3827509,8.5465958,475.148
47.3827516,8.546597,475.102
47.3827516,8.546597,475.102
47.3827516,8.5465979,474.873
47.3827516,8.5465979,474.873
47.382752,8.5465988,474.818
47.382752,8.5465988,474.818
47.3827532,8.5465999,474.774
47.3827532,8.5465999,474.774
47.3827543,8.5466005,474.723
47.3827543,8.5466005,474.723
47.3827549,8.5466014,474.583
47.3827549,8.5466014,474.583
47.3827558,8.5466017,474.577
47.3827558,8.5466017,474.577
47.3827563,8.5466027,474.653
47.3827563,8.5466027,474.653
47.3827574,8.5466038,474.616
47.3827574,8.5466038,474.616
47.382758,8.5466045,474.859
47.382758,8.5466045,474.859
47.3827588,8.5466057,475.024
47.3827588,8.5466057,475.024
47.3827599,8.5466072,475.066
47.3827599,8.5466072,475.066
47.3827608,8.5466085,475.244
47.3827608,8.5466085,475.244
47.3827622,8.5466094,475.522
47.3827622,8.5466094,475.522
47.3827629,8.5466112,475.473
47.3827629,8.5466112,475.473
47.382764,8.5466132,475.501
47.382764,8.5466132,475.501
47.3827655,8.5466153,475.479
47.3827655,8.5466153,475.479
47.3827665,8.5466176,475.552
47.3827665,8.5466176,475.552
47.3827673,8.5466189,475.74
47.3827673,8.5466189,475.74
47.3827686,8.5466196,475.639
47.3827686,8.5466196,475.639
47.3827694,8.5466211,475.612
47.3827694,8.5466211,475.612
47.38277,8.5466231,475.774
47.38277,8.5466231,475.774
47.3827709,8.5466245,475.894
47.3827709,8.5466245,475.894
47.3827718,8.5466255,476.271
47.3827718,8.5466255,476.271
47.3827731,8.5466277,476.157
47.3827731,8.5466277,476.157
47.3827741,8.54663,476.09
47.3827741,8.54663,476.09
47.3827744,8.5466324,476.098
47.3827744,8.5466324,476.098
47.3827741,8.5466354,475.927
47.3827741,8.5466354,475.927
47.3827747,8.5466363,476.594
47.3827747,8.5466363,476.594
47.3827754,8.5466371,477.195
47.3827754,8.5466371,477.195
47.3827768,8.5466377,477.717
47.3827768,8.5466377,477.717
47.3827778,8.5466399,477.775
47.3827778,8.5466399,477.775
47.3827784,8.5466421,477.939
47.3827784,8.5466421,477.939
47.3827788,8.5466443,477.986
47.3827788,8.5466443,477.986
47.3827796,8.5466463,477.962
47.3827796,8.5466463,477.962
47.3827805,8.5466481,477.992
47.3827805,8.5466481,477.992
47.3827811,8.5466498,478.091
47.3827811,8.5466498,478.091
47.3827818,8.5466522,477.514
47.3827818,8.5466522,477.514
47.3827826,8.5466536,477.665
47.3827826,8.5466536,477.665
47.3827835,8.5466552,477.673
47.3827835,8.5466552,477.673
47.3827843,8.5466563,477.624
47.3827843,8.5466563,477.624
47.3827852,8.5466571,477.779
47.3827852,8.5466571,477.779
47.3827865,8.5466589,477.587
47.3827865,8.5466589,477.587
47.382788,8.5466609,477.542
47.382788,8.5466609,477.542
47.3827895,8.5466629,477.55
47.3827895,8.5466629,477.55
47.3827912,8.5466643,477.72
47.3827912,8.5466643,477.72
47.3827929,8.5466656,478.046
47.3827929,8.5466656,478.046
47.3827948,8.5466674,478.166
47.3827948,8.5466674,478.166
47.3827963,8.5466693,477.935
47.3827963,8.5466693,477.935
47.3827974,8.5466711,477.996
47.3827974,8.5466711,477.996
47.3827984,8.5466726,478.107
47.3827984,8.5466726,478.107
47.3827999,8.5466742,478.311
47.3827999,8.5466742,478.311
47.3828015,8.5466757,478.277
47.3828015,8.5466757,478.277
47.3828027,8.5466773,478.366
47.3828027,8.5466773,478.366
47.3828041,8.5466789,478.443
47.3828041,8.5466789,478.443
47.3828058,8.54668,478.334
47.3828058,8.54668,478.334
47.3828073,8.5466816,478.317
47.3828073,8.5466816,478.317
47.3828087,8.5466838,478.552
47.3828087,8.5466838,478.552
47.3828103,8.5466857,478.458
47.3828103,8.5466857,478.458
47.3828118,8.5466875,478.378
47.3828118,8.5466875,478.378
47.382813,8.5466895,478.374
47.382813,8.5466895,478.374
47.3828136,8.5466915,478.383
47.3828136,8.5466915,478.383
47.3828147,8.5466939,478.439
47.3828147,8.5466939,478.439
47.3828156,8.546696,478.557
47.3828156,8.546696,478.557
47.3828169,8.5466976,478.305
47.3828169,8.5466976,478.305
47.3828182,8.546699,478.394
47.3828182,8.546699,478.394
47.3828194,8.5467005,478.282
47.3828194,8.5467005,478.282
47.3828203,8.5467022,478.338
47.3828203,8.5467022,478.338
47.3828213,8.5467034,478.405
47.3828213,8.5467034,478.405
47.3828225,8.5467053,478.392
47.3828225,8.5467053,478.392
47.3828243,8.5467075,478.269
47.3828243,8.5467075,478.269
47.3828253,8.5467096,478.286
47.3828253,8.5467096,478.286
47.3828268,8.5467119,478.234
47.3828268,8.5467119,478.234
47.3828282,8.5467134,478.3
47.3828282,8.5467134,478.3
47.3828292,8.546715,478.411
47.3828292,8.546715,478.411
47.3828307,8.5467163,478.484
47.3828307,8.5467163,478.484
47.3828322,8.5467168,478.356
47.3828322,8.5467168,478.356
47.3828338,8.5467174,478.228
47.3828338,8.5467174,478.228
47.3828354,8.5467177,478.117
47.3828354,8.5467177,478.117
47.3828367,8.5467175,478.099
47.3828367,8.5467175,478.099
47.3828381,8.5467174,477.963
47.3828381,8.5467174,477.963
47.3828394,8.5467178,477.883
47.3828394,8.5467178,477.883
47.3828414,8.5467176,477.57
47.3828414,8.5467176,477.57
47.3828426,8.5467181,477.514
47.3828426,8.5467181,477.514
47.3828439,8.546719,477.547
47.3828439,8.546719,477.547
47.3828447,8.546721,477.753
47.3828447,8.546721,477.753
47.3828463,8.5467223,477.636
47.3828463,8.5467223,477.636
47.3828478,8.5467224,477.461
47.3828478,8.5467224,477.461
47.3828492,8.5467209,477.215
47.3828492,8.5467209,477.215
47.382851,8.546719,476.916
47.382851,8.546719,476.916
47.3828531,8.5467165,476.499
47.3828531,8.5467165,476.499
47.3828541,8.5467154,476.321
47.3828541,8.5467154,476.321
47.3828553,8.5467143,476.092
47.3828553,8.5467143,476.092
47.3828565,8.5467131,475.916
47.3828565,8.5467131,475.916
47.3828578,8.5467119,475.749
47.3828578,8.5467119,475.749
47.3828597,8.54671,475.443
47.3828597,8.54671,475.443
47.3828618,8.5467069,475.105
47.3828618,8.5467069,475.105
47.3828636,8.546704,474.793
47.3828636,8.546704,474.793
47.3828652,8.5467021,474.643
47.3828652,8.5467021,474.643
47.3828661,8.5467008,474.719
47.3828661,8.5467008,474.719
47.3828669,8.5467005,474.829
47.3828669,8.5467005,474.829
47.3828672,8.5467007,475.003
47.3828672,8.5467007,475.003
47.3828674,8.5467005,475.116
47.3828674,8.5467005,475.116
47.3828676,8.5467,475.213
47.3828676,8.5467,475.213
47.3828687,8.5466997,475.201
47.3828687,8.5466997,475.201
47.3828699,8.5466981,475.104
47.3828699,8.5466981,475.104
47.3828713,8.5466965,474.983
47.3828713,8.5466965,474.983
47.3828731,8.5466944,474.764
47.3828731,8.5466944,474.764
47.3828748,8.5466924,474.561
47.3828748,8.5466924,474.561
47.3828759,8.5466908,474.329
47.3828759,8.5466908,474.329
47.3828767,8.5466892,473.976
47.3828767,8.5466892,473.976
47.3828768,8.5466883,473.76
47.3828768,8.5466883,473.76
47.3828775,8.5466869,473.689
47.3828775,8.5466869,473.689
47.3828785,8.5466856,473.678
47.3828785,8.5466856,473.678
47.3828797,8.5466848,473.631
47.3828797,8.5466848,473.631
47.382881,8.5466845,473.492
47.382881,8.5466845,473.492
47.382882,8.546684,473.457
47.382882,8.546684,473.457
47.3828835,8.5466828,473.451
47.3828835,8.5466828,473.451
47.3828847,8.5466817,473.472
47.3828847,8.5466817,473.472
47.3828857,8.5466811,473.445
47.3828857,8.5466811,473.445
47.3828864,8.5466809,473.494
47.3828864,8.5466809,473.494
47.3828878,8.5466813,473.243
47.3828878,8.5466813,473.243
47.3828888,8.5466819,473.175
47.3828888,8.5466819,473.175
47.3828902,8.5466826,473.047
47.3828902,8.5466826,473.047
47.3828916,8.5466828,473.084
47.3828916,8.5466828,473.084
47.3828924,8.5466822,473.07
47.3828924,8.5466822,473.07
47.3828933,8.546682,472.961
47.3828933,8.546682,472.961
47.3828935,8.546682,472.908
47.3828935,8.546682,472.908
47.3828941,8.5466816,472.964
47.3828941,8.5466816,472.964
47.3828947,8.5466816,472.96
47.3828947,8.5466816,472.96
47.3828955,8.5466817,473.005
47.3828955,8.5466817,473.005
47.3828964,8.5466822,473.032
47.3828964,8.5466822,473.032
47.3828972,8.5466827,473.031
47.3828972,8.5466827,473.031
47.3828976,8.5466835,473.06
47.3828976,8.5466835,473.06
47.3828976,8.5466845,473.16
47.3828976,8.5466845,473.16
47.3828981,8.5466847,473.307
47.3828981,8.5466847,473.307
47.3828987,8.5466846,473.346
47.3828987,8.5466846,473.346
47.3829002,8.546682,473.032
47.3829002,8.546682,473.032
47.3829014,8.5466789,472.876
47.3829014,8.5466789,472.876
47.3829017,8.5466771,472.85
47.3829017,8.5466771,472.85
47.3829025,8.5466761,472.774
47.3829025,8.5466761,472.774
47.3829032,8.5466753,472.81
47.3829032,8.5466753,472.81
47.3829039,8.5466751,472.976
47.3829039,8.5466751,472.976
47.3829054,8.5466757,472.829
47.3829054,8.5466757,472.829
47.3829064,8.5466754,472.978
47.3829064,8.5466754,472.978
47.3829076,8.5466735,472.892
47.3829076,8.5466735,472.892
47.3829088,8.5466717,472.76
47.3829088,8.5466717,472.76
47.3829096,8.5466703,472.863
47.3829096,8.5466703,472.863
47.3829104,8.5466681,472.766
47.3829104,8.5466681,472.766
47.3829105,8.546666,472.815
47.3829105,8.546666,472.815
47.3829115,8.5466643,472.741
47.3829115,8.5466643,472.741
47.382912,8.5466638,472.775
47.382912,8.5466638,472.775
47.3829131,8.5466636,472.753
47.3829131,8.5466636,472.753
47.3829142,8.5466635,472.822
47.3829142,8.5466635,472.822
47.3829153,8.546664,472.936
47.3829153,8.546664,472.936
47.3829158,8.5466645,473.121
47.3829158,8.5466645,473.121
47.3829161,8.5466653,473.242
47.3829161,8.5466653,473.242
47.3829162,8.5466661,473.447
47.3829162,8.5466661,473.447
47.3829176,8.5466666,473.417
47.3829176,8.5466666,473.417
47.3829194,8.5466669,473.313
47.3829194,8.5466669,473.313
47.3829203,8.5466665,473.279
47.3829203,8.5466665,473.279
47.3829205,8.546666,473.437
47.3829205,8.546666,473.437
47.3829214,8.5466659,473.381
47.3829214,8.5466659,473.381
47.3829223,8.5466662,473.455
47.3829223,8.5466662,473.455
47.3829231,8.5466671,473.513
47.3829231,8.5466671,473.513
47.3829242,8.5466678,473.601
47.3829242,8.5466678,473.601
47.3829245,8.5466696,473.753
47.3829245,8.5466696,473.753
47.3829246,8.546671,473.871
47.3829246,8.546671,473.871
47.3829256,8.5466712,474.043
47.3829256,8.5466712,474.043
47.3829271,8.5466723,474.064
47.3829271,8.5466723,474.064
47.3829281,8.546673,474.191
47.3829281,8.546673,474.191
47.3829297,8.5466725,474.214
47.3829297,8.5466725,474.214
47.3829313,8.5466725,474.269
47.3829313,8.5466725,474.269
47.3829328,8.5466725,474.317
47.3829328,8.5466725,474.317
47.3829332,8.5466736,474.584
47.3829332,8.5466736,474.584
47.3829344,8.5466734,474.551
47.3829344,8.5466734,474.551
47.3829351,8.546673,474.572
47.3829351,8.546673,474.572
47.3829361,8.5466725,474.561
47.3829361,8.5466725,474.561
47.3829372,8.5466723,474.574
47.3829372,8.5466723,474.574
47.382938,8.5466722,474.7
47.382938,8.5466722,474.7
47.3829387,8.5466723,474.76
47.3829387,8.5466723,474.76
47.3829392,8.5466724,474.929
47.3829392,8.5466724,474.929
47.3829401,8.5466717,474.831
47.3829401,8.5466717,474.831
47.3829404,8.5466715,474.903
47.3829404,8.5466715,474.903
47.3829411,8.5466714,474.911
47.3829411,8.5466714,474.911
47.3829412,8.5466717,475.046
47.3829412,8.5466717,475.046
47.3829414,8.5466714,475.097
47.3829414,8.5466714,475.097
47.3829416,8.5466715,475.229
47.3829416,8.5466715,475.229
47.3829422,8.5466709,475.277
47.3829422,8.5466709,475.277
47.3829426,8.5466695,475.227
47.3829426,8.5466695,475.227
47.3829434,8.5466677,475.004
47.3829434,8.5466677,475.004
47.3829439,8.5466663,474.92
47.3829439,8.5466663,474.92
47.3829445,8.5466639,474.75
47.3829445,8.5466639,474.75
47.3829448,8.5466621,474.628
47.3829448,8.5466621,474.628
47.3829458,8.5466596,474.439
47.3829458,8.5466596,474.439
47.3829476,8.5466559,474.046
47.3829476,8.5466559,474.046
47.3829492,8.5466522,473.668
47.3829492,8.5466522,473.668
47.3829509,8.5466484,473.228
47.3829509,8.5466484,473.228
47.382953,8.5466444,472.775
47.382953,8.5466444,472.775
47.3829546,8.5466407,472.452
47.3829546,8.5466407,472.452
47.382956,8.5466369,472.053
47.382956,8.5466369,472.053
47.3829572,8.5466324,471.577
47.3829572,8.5466324,471.577
47.3829589,8.5466283,471.207
47.3829589,8.5466283,471.207
47.3829612,8.5466232,470.661
47.3829612,8.5466232,470.661
47.3829627,8.5466216,470.467
47.3829627,8.5466216,470.467
47.3829643,8.5466214,470.505
47.3829643,8.5466214,470.505
47.3829665,8.5466216,470.27
47.3829665,8.5466216,470.27
47.3829682,8.5466209,469.983
47.3829682,8.5466209,469.983
47.3829693,8.5466197,469.782
47.3829693,8.5466197,469.782
47.3829694,8.5466176,469.729
47.3829694,8.5466176,469.729
47.3829695,8.5466159,469.827
47.3829695,8.5466159,469.827
47.3829706,8.5466146,469.809
47.3829706,8.5466146,469.809
47.3829711,8.5466128,469.732
47.3829711,8.5466128,469.732
47.3829711,8.5466112,469.762
47.3829711,8.5466112,469.762
47.3829723,8.5466105,469.849
47.3829723,8.5466105,469.849
47.3829735,8.5466095,469.81
47.3829735,8.5466095,469.81
47.3829743,8.5466084,469.82
47.3829743,8.5466084,469.82
47.3829756,8.5466072,469.603
47.3829756,8.5466072,469.603
47.3829765,8.5466065,469.57
47.3829765,8.5466065,469.57
47.3829788,8.5466064,469.482
47.3829788,8.5466064,469.482
47.382981,8.5466077,469.58
47.382981,8.5466077,469.58
47.3829831,8.5466086,469.593
47.3829831,8.5466086,469.593
47.3829856,8.54661,469.701
47.3829856,8.54661,469.701
47.3829868,8.5466108,469.869
47.3829868,8.5466108,469.869
47.3829876,8.5466114,470.133
47.3829876,8.5466114,470.133
47.3829875,8.5466116,470.428
47.3829875,8.5466116,470.428
47.3829863,8.5466112,470.712
47.3829863,8.5466112,470.712
47.3829881,8.5466122,470.712
47.3829881,8.5466122,470.712
47.3829886,8.5466129,470.984
47.3829886,8.5466129,470.984
47.3829893,8.5466135,471.273
47.3829893,8.5466135,471.273
47.3829892,8.5466135,471.518
47.3829892,8.5466135,471.518
47.3829914,8.5466138,471.301
47.3829914,8.5466138,471.301
47.382993,8.5466138,471.148
47.382993,8.5466138,471.148
47.3829927,8.546613,471.179
47.3829927,8.546613,471.179
47.3829938,8.5466126,471.093
47.3829938,8.5466126,471.093
47.3829954,8.5466127,470.982
47.3829954,8.5466127,470.982
47.3829958,8.5466124,471.149
47.3829958,8.5466124,471.149
47.3829955,8.5466117,471.216
47.3829955,8.5466117,471.216
47.3829959,8.5466116,471.266
47.3829959,8.5466116,471.266
47.3829976,8.5466121,471.302
47.3829976,8.5466121,471.302
47.3830004,8.5466134,471.334
47.3830004,8.5466134,471.334
47.3830016,8.5466144,471.526
47.3830016,8.5466144,471.526
47.3830015,8.5466143,471.685
47.3830015,8.5466143,471.685
47.3830026,8.5466147,471.724
47.3830026,8.5466147,471.724
47.3830026,8.5466148,471.609
47.3830026,8.5466148,471.609
47.3830035,8.5466156,471.57
47.3830035,8.5466156,471.57
47.3830053,8.546616,471.511
47.3830053,8.546616,471.511
47.3830073,8.5466161,471.47
47.3830073,8.5466161,471.47
47.3830091,8.5466157,471.281
47.3830091,8.5466157,471.281
47.3830111,8.5466157,471.173
47.3830111,8.5466157,471.173
47.383012,8.5466153,471.122
47.383012,8.5466153,471.122
47.3830134,8.546615,470.898
47.3830134,8.546615,470.898
47.3830155,8.5466148,470.718
47.3830155,8.5466148,470.718
47.3830176,8.5466153,470.811
47.3830176,8.5466153,470.811
47.3830183,8.5466172,470.983
47.3830183,8.5466172,470.983
47.3830195,8.5466198,471.201
47.3830195,8.5466198,471.201
47.3830205,8.5466227,471.396
47.3830205,8.5466227,471.396
47.3830223,8.5466241,471.217
47.3830223,8.5466241,471.217
47.3830243,8.5466241,470.997
47.3830243,8.5466241,470.997
47.3830256,8.5466257,471.206
47.3830256,8.5466257,471.206
47.3830272,8.546627,471.212
47.3830272,8.546627,471.212
47.3830295,8.5466274,471.027
47.3830295,8.5466274,471.027
47.3830303,8.5466292,471.359
47.3830303,8.5466292,471.359
47.383032,8.5466302,471.269
47.383032,8.5466302,471.269
47.3830342,8.5466297,471.239
47.3830342,8.5466297,471.239
47.3830356,8.54663,471.518
47.3830356,8.54663,471.518
47.3830374,8.5466307,471.623
47.3830374,8.5466307,471.623
47.3830394,8.5466303,471.422
47.3830394,8.5466303,471.422
47.3830411,8.5466287,471.18
47.3830411,8.5466287,471.18
47.3830416,8.5466286,471.502
47.3830416,8.5466286,471.502
47.3830426,8.5466285,471.652
47.3830426,8.5466285,471.652
47.3830433,8.5466275,471.69
47.3830433,8.5466275,471.69
47.3830433,8.5466265,471.857
47.3830433,8.5466265,471.857
47.3830438,8.546625,471.821
47.3830438,8.546625,471.821
47.383044,8.5466233,471.883
47.383044,8.5466233,471.883
47.3830437,8.5466224,472.206
47.3830437,8.5466224,472.206
47.3830441,8.5466215,472.338
47.3830441,8.5466215,472.338
47.3830451,8.5466198,472.328
47.3830451,8.5466198,472.328
47.3830462,8.5466169,472.208
47.3830462,8.5466169,472.208
47.3830474,8.5466148,472.124
47.3830474,8.5466148,472.124
47.3830473,8.5466131,472.241
47.3830473,8.5466131,472.241
47.3830466,8.5466125,472.551
47.3830466,8.5466125,472.551
47.3830469,8.5466112,472.37
47.3830469,8.5466112,472.37
47.3830478,8.5466095,472.35
47.3830478,8.5466095,472.35
47.3830487,8.5466072,472.236
47.3830487,8.5466072,472.236
47.3830494,8.5466063,472.403
47.3830494,8.5466063,472.403
47.3830502,8.5466051,472.394
47.3830502,8.5466051,472.394
47.383051,8.5466047,472.445
47.383051,8.5466047,472.445
47.3830508,8.5466054,472.735
47.3830508,8.5466054,472.735
47.3830507,8.5466067,473.065
47.3830507,8.5466067,473.065
47.3830502,8.5466085,473.362
47.3830502,8.5466085,473.362
47.3830505,8.5466089,473.399
47.3830505,8.5466089,473.399
47.3830503,8.5466091,473.43
47.3830503,8.5466091,473.43
47.383051,8.5466085,473.294
47.383051,8.5466085,473.294
47.383051,8.5466087,473.433
47.383051,8.5466087,473.433
47.3830511,8.546609,473.309
47.3830511,8.546609,473.309
47.3830505,8.5466098,473.428
47.3830505,8.5466098,473.428
47.3830505,8.5466101,473.366
47.3830505,8.5466101,473.366
47.3830506,8.5466109,473.409
47.3830506,8.5466109,473.409
47.3830499,8.5466116,473.555
47.3830499,8.5466116,473.555
47.3830498,8.5466113,473.418
47.3830498,8.5466113,473.418
47.383049,8.5466133,473.587
47.383049,8.5466133,473.587
47.3830483,8.5466153,473.808
47.3830483,8.5466153,473.808
47.3830491,8.5466158,473.659
47.3830491,8.5466158,473.659
47.3830491,8.5466166,473.724
47.3830491,8.5466166,473.724
47.3830495,8.5466165,473.496
47.3830495,8.5466165,473.496
47.3830503,8.5466162,473.147
47.3830576,8.546671,483.347
47.3830576,8.546671,483.347
47.3830603,8.5466703,483.265
47.3830603,8.5466703,483.265
47.3830635,8.5466698,483.027
47.3830635,8.5466698,483.027
47.3830662,8.5466698,482.812
47.3830687,8.5466702,482.462
47.3830687,8.5466702,482.462
47.3830705,8.5466699,482.217
47.3830705,8.5466699,482.217
47.3830729,8.5466699,482.186
47.3830729,8.5466699,482.186
47.3830745,8.5466689,482.119
47.3830745,8.5466689,482.119
47.3830766,8.5466681,481.977
47.3830766,8.5466681,481.977
47.3830782,8.5466669,481.807
47.3830782,8.5466669,481.807
47.3830796,8.5466675,481.892
47.3830796,8.5466675,481.892
47.3830816,8.5466675,481.587
47.3830816,8.5466675,481.587
47.3830821,8.5466662,481.471
47.3830821,8.5466662,481.471
47.3830815,8.5466631,481.595
47.3830815,8.5466631,481.595
47.3830818,8.5466611,481.84
47.3830818,8.5466611,481.84
47.3830838,8.5466602,481.898
47.3830838,8.5466602,481.898
47.3830853,8.5466584,481.803
47.3830853,8.5466584,481.803
47.3830851,8.5466558,481.991
47.3830851,8.5466558,481.991
47.383086,8.5466531,481.878
47.383086,8.5466531,481.878
47.383087,8.5466511,481.815
47.383087,8.5466511,481.815
47.3830865,8.5466485,482.213
47.3830865,8.5466485,482.213
47.3830868,8.5466453,482.139
47.3830868,8.5466453,482.139
47.3830877,8.5466432,482.078
47.3830877,8.5466432,482.078
47.3830892,8.5466411,481.761
47.3830892,8.5466411,481.761
47.3830907,8.5466393,481.651
47.3830907,8.5466393,481.651
47.3830933,8.5466384,481.57
47.3830933,8.5466384,481.57
47.3830955,8.5466376,481.565
47.3830955,8.5466376,481.565
47.383097,8.5466366,481.506
47.383097,8.5466366,481.506
47.3830986,8.5466355,481.342
47.3830986,8.5466355,481.342
47.3831001,8.5466351,481.34
47.3831001,8.5466351,481.34
47.3831017,8.5466348,481.279
47.3831017,8.5466348,481.279
47.3831025,8.5466341,481.325
47.3831025,8.5466341,481.325
47.3831036,8.5466333,481.332
47.3831036,8.5466333,481.332
47.3831048,8.5466328,481.303
47.3831048,8.5466328,481.303
47.3831063,8.5466324,481.282
47.3831063,8.5466324,481.282
47.3831076,8.5466319,481.181
47.3831076,8.5466319,481.181
47.3831095,8.5466316,481.07
47.3831095,8.5466316,481.07
47.3831116,8.5466314,480.985
47.3831116,8.5466314,480.985
47.3831139,8.546631,480.915
47.3831139,8.546631,480.915
47.3831156,8.5466301,481.025
47.3831156,8.5466301,481.025
47.3831168,8.5466302,480.614
47.3831168,8.5466302,480.614
47.3831178,8.5466302,480.535
47.3831178,8.5466302,480.535
47.3831192,8.5466294,480.694
47.3831192,8.5466294,480.694
47.3831202,8.5466281,480.747
47.3831202,8.5466281,480.747
47.3831207,8.5466273,481.002
47.3831207,8.5466273,481.002
47.3831207,8.5466273,481.002
47.3831217,8.5466274,480.997
47.3831217,8.5466274,480.997
47.3831217,8.5466268,481.072
47.3831217,8.5466268,481.072
47.3831223,8.5466259,481.033
47.3831223,8.5466259,481.033
47.383123,8.546625,480.799
47.3831242,8.5466245,480.73
47.3831242,8.5466245,480.73
47.383125,8.5466233,480.738
47.383125,8.5466233,480.738
47.383125,8.5466233,480.738
47.3831266,8.5466225,480.812
47.3831266,8.5466225,480.812
47.3831278,8.546622,480.777
47.3831292,8.5466218,480.528
47.3831292,8.5466218,480.528
47.38313,8.5466213,480.58
47.38313,8.5466213,480.58
47.38313,8.5466213,480.58
47.3831312,8.5466207,480.55
47.3831312,8.5466207,480.55
47.3831323,8.5466201,480.483
47.3831332,8.5466195,480.389
47.3831332,8.5466195,480.389
47.3831343,8.546619,480.372
47.3831343,8.546619,480.372
47.3831356,8.5466181,480.345
47.3831356,8.5466181,480.345
47.3831356,8.5466181,480.345
47.383138,8.5466181,480.129
47.383138,8.5466181,480.129
47.3831398,8.5466177,479.982
47.3831414,8.5466168,479.802
47.3831414,8.5466168,479.802
47.3831427,8.546616,479.706
47.3831427,8.546616,479.706
47.383144,8.5466153,479.748
47.383144,8.5466153,479.748
47.3831448,8.5466141,479.483
47.3831448,8.5466141,479.483
47.3831448,8.5466141,479.483
47.3831464,8.546613,479.284
47.3831474,8.5466117,479.133
47.3831474,8.5466117,479.133
47.3831489,8.5466109,478.932
47.3831489,8.5466109,478.932
47.3831505,8.54661,478.9
47.3831505,8.54661,478.9
47.3831522,8.546609,478.901
47.3831522,8.546609,478.901
47.3831537,8.5466075,478.934
47.3831537,8.5466075,478.934
47.3831557,8.5466061,478.866
47.3831557,8.5466061,478.866
47.3831574,8.5466044,478.786
47.3831574,8.5466044,478.786
47.3831594,8.5466029,478.701
47.3831594,8.5466029,478.701
47.3831615,8.5466017,478.54
47.3831615,8.5466017,478.54
47.3831633,8.5466003,478.383
47.3831633,8.5466003,478.383
47.383165,8.546599,478.159
47.383165,8.546599,478.159
47.3831669,8.5465986,477.839
47.3831669,8.5465986,477.839
47.3831684,8.546597,477.889
47.3831684,8.546597,477.889
47.3831703,8.5465956,477.839
47.3831703,8.5465956,477.839
47.3831725,8.5465946,477.738
47.3831725,8.5465946,477.738
47.3831743,8.5465933,477.747
47.3831743,8.5465933,477.747
47.3831765,8.5465923,477.536
47.3831765,8.5465923,477.536
47.383178,8.5465912,477.531
47.383178,8.5465912,477.531
47.3831796,8.5465898,477.407
47.3831796,8.5465898,477.407
47.3831813,8.5465882,477.386
47.3831813,8.5465882,477.386
47.3831828,8.5465867,477.373
47.3831828,8.5465867,477.373
47.3831843,8.5465851,477.208
47.3831843,8.5465851,477.208
47.3831859,8.5465835,477.085
47.3831859,8.5465835,477.085
47.3831875,8.5465821,477.003
47.3831875,8.5465821,477.003
47.3831896,8.5465809,476.693
47.3831896,8.5465809,476.693
47.3831908,8.5465794,476.818
47.3831908,8.5465794,476.818
47.3831919,8.5465781,476.645
47.3831919,8.5465781,476.645
47.3831935,8.5465768,476.604
47.3831935,8.5465768,476.604
47.3831949,8.5465759,476.517
47.3831949,8.5465759,476.517
47.3831963,8.5465749,476.501
47.3831963,8.5465749,476.501
47.3831979,8.546574,476.37
47.3831979,8.546574,476.37
47.3831994,8.5465728,476.237
47.3831994,8.5465728,476.237
47.3832005,8.5465716,476.164
47.3832005,8.5465716,476.164
47.3832022,8.5465709,476.013
47.3832022,8.5465709,476.013
47.3832038,8.5465701,476.035
47.3832038,8.5465701,476.035
47.3832053,8.546569,475.942
47.3832053,8.546569,475.942
47.383207,8.5465684,475.801
47.383207,8.5465684,475.801
47.3832084,8.5465674,475.749
47.3832084,8.5465674,475.749
47.3832091,8.5465665,475.853
47.3832091,8.5465665,475.853
47.38321,8.5465652,475.881
47.38321,8.5465652,475.881
47.3832116,8.5465639,475.895
47.3832116,8.5465639,475.895
47.383213,8.5465623,475.866
47.383213,8.5465623,475.866
47.3832143,8.5465606,475.989
47.3832143,8.5465606,475.989
47.3832156,8.5465586,476.025
47.3832156,8.5465586,476.025
47.3832171,8.5465562,475.816
47.3832171,8.5465562,475.816
47.3832188,8.5465534,475.558
47.3832188,8.5465534,475.558
47.3832198,8.5465504,475.432
47.3832198,8.5465504,475.432
47.3832214,8.546548,475.402
47.3832214,8.546548,475.402
47.3832214,8.546548,475.402
47.3832225,8.5465464,475.323
47.3832225,8.5465464,475.323
47.3832235,8.5465452,475.278
47.3832235,8.5465452,475.278
47.3832245,8.5465435,475.241
47.3832256,8.5465418,475.297
47.3832256,8.5465418,475.297
47.3832265,8.5465399,475.33
47.3832265,8.5465399,475.33
47.3832265,8.5465399,475.33
47.3832273,8.5465384,475.466
47.3832273,8.5465384,475.466
47.3832288,8.5465373,475.547
47.3832298,8.5465366,475.659
47.3832298,8.5465366,475.659
47.3832305,8.5465362,475.72
47.3832305,8.5465362,475.72
47.3832315,8.5465349,475.819
47.3832315,8.5465349,475.819
47.3832315,8.5465349,475.819
47.3832326,8.546534,475.799
47.3832326,8.546534,475.799
47.3832333,8.5465324,475.827
47.3832342,8.54653,475.747
47.3832342,8.54653,475.747
47.3832358,8.5465275,475.657
47.3832358,8.5465275,475.657
47.3832358,8.5465275,475.657
47.3832365,8.5465253,475.562
47.3832365,8.5465253,475.562
47.3832374,8.5465236,475.471
47.3832374,8.5465236,475.471
47.3832382,8.5465216,475.371
47.3832382,8.5465216,475.371
47.3832387,8.5465213,475.407
47.3832394,8.5465205,475.444
47.3832394,8.5465205,475.444
47.3832402,8.5465201,475.349
47.3832402,8.5465201,475.349
47.3832402,8.5465201,475.349
47.3832414,8.54652,475.407
47.3832414,8.54652,475.407
47.3832427,8.5465195,475.32
47.3832427,8.5465195,475.32
47.3832442,8.546519,475.312
47.3832442,8.546519,475.312
47.3832451,8.5465181,475.395
47.3832466,8.5465158,475.178
47.3832466,8.5465158,475.178
47.3832474,8.5465148,475.103
47.3832474,8.5465148,475.103
47.3832489,8.5465133,475.013
47.3832489,8.5465133,475.013
47.38325,8.5465125,475.251
47.38325,8.5465125,475.251
47.3832514,8.5465126,475.397
47.3832514,8.5465126,475.397
47.3832523,8.5465125,475.565
47.3832523,8.5465125,475.565
47.3832539,8.5465118,475.599
47.3832539,8.5465118,475.599
47.3832566,8.5465115,475.536
47.3832566,8.5465115,475.536
47.3832587,8.5465104,475.482
47.3832587,8.5465104,475.482
47.3832596,8.5465105,475.712
47.3832596,8.5465105,475.712
47.3832602,8.5465094,475.827
47.3832602,8.5465094,475.827
47.3832614,8.5465097,475.804
47.3832614,8.5465097,475.804
47.3832623,8.5465098,475.94
47.3832623,8.5465098,475.94
47.383265,8.5465094,475.94
47.383265,8.5465094,475.94
47.3832664,8.546509,476.15
47.3832664,8.546509,476.15
47.383267,8.5465103,476.365
47.383267,8.5465103,476.365
47.383267,8.5465103,476.365
47.3832684,8.5465103,476.597
47.3832696,8.5465099,476.672
47.3832696,8.5465099,476.672
47.3832711,8.5465106,476.745
47.3832711,8.5465106,476.745
47.3832711,8.5465106,476.745
47.3832727,8.5465117,477.039
47.3832727,8.5465117,477.039
47.3832737,8.5465129,477.352
47.3832737,8.5465129,477.352
47.383274,8.5465143,477.517
47.3832756,8.5465147,477.725
47.3832756,8.5465147,477.725
47.3832773,8.5465143,477.954
47.3832773,8.5465143,477.954
47.3832788,8.5465143,478.175
47.3832788,8.5465143,478.175
47.3832794,8.5465149,478.416
47.3832794,8.5465149,478.416
47.3832806,8.5465154,478.373
47.3832806,8.5465154,478.373
47.3832805,8.5465172,478.736
47.3832805,8.5465172,478.736
47.3832815,8.546518,478.943
47.3832815,8.546518,478.943
47.3832832,8.5465177,478.605
47.3832832,8.5465177,478.605
47.3832836,8.5465185,478.758
47.3832836,8.5465185,478.758
47.3832846,8.5465179,478.591
47.3832846,8.5465179,478.591
47.3832852,8.5465177,478.495
47.3832852,8.5465177,478.495
47.3832852,8.5465184,478.603
47.3832852,8.5465184,478.603
47.3832861,8.5465185,478.522
47.3832861,8.5465185,478.522
47.3832864,8.5465181,478.586
47.3832864,8.5465181,478.586
47.3832864,8.5465181,478.586
47.3832869,8.5465176,478.816
47.3832876,8.5465162,478.697
47.3832876,8.5465162,478.697
47.3832883,8.546515,478.52
47.3832883,8.546515,478.52
47.3832893,8.5465136,478.24
47.3832893,8.5465136,478.24
47.3832892,8.5465125,478.477
47.3832892,8.5465125,478.477
47.3832892,8.5465125,478.477
47.3832912,8.5465111,478.373
47.3832912,8.5465111,478.373
47.383292,8.5465088,478.304
47.3832926,8.5465074,478.322
47.3832926,8.5465074,478.322
47.3832933,8.5465061,478.255
47.3832933,8.5465061,478.255
47.3832945,8.5465044,478.174
47.3832945,8.5465044,478.174
47.3832945,8.5465044,478.174
47.383295,8.5465027,478.38
47.3832961,8.5465012,478.487
47.3832961,8.5465012,478.487
47.3832973,8.5464991,478.298
47.3832973,8.5464991,478.298
47.3832973,8.5464991,478.298
47.3832985,8.5464974,478.337
47.3832993,8.5464953,478.406
47.3832993,8.5464953,478.406
47.3832993,8.5464953,478.406
47.3832999,8.5464935,478.448
47.3832999,8.5464935,478.448
47.3833015,8.5464915,478.205
47.3833024,8.54649,478.188
47.3833024,8.54649,478.188
47.3833033,8.5464889,478.285
47.3833033,8.5464889,478.285
47.3833043,8.5464877,478.525
47.3833043,8.5464877,478.525
47.3833043,8.5464877,478.525
47.3833059,8.5464851,478.394
47.3833059,8.5464851,478.394
47.3833089,8.546484,478.186
47.3833089,8.546484,478.186
47.3833118,8.5464839,478.26
47.3833118,8.5464839,478.26
47.3833141,8.5464832,478.353
47.3833141,8.5464832,478.353
47.3833157,8.5464817,478.515
47.3833157,8.5464817,478.515
47.3833173,8.5464794,478.503
47.3833173,8.5464794,478.503
47.383319,8.5464773,478.423
47.383319,8.5464773,478.423
47.3833199,8.5464763,478.552
47.3833199,8.5464763,478.552
47.3833213,8.5464754,478.761
47.3833213,8.5464754,478.761
47.3833217,8.5464754,479.064
47.3833217,8.5464754,479.064
47.3833229,8.5464756,479.209
47.3833229,8.5464756,479.209
47.3833239,8.5464753,479.414
47.3833239,8.5464753,479.414
47.383325,8.546475,479.615
47.3833268,8.5464726,479.4
47.3833268,8.5464726,479.4
47.3833287,8.5464718,479.381
47.3833287,8.5464718,479.381
47.38333,8.5464708,479.466
47.38333,8.5464708,479.466
47.38333,8.5464708,479.466
47.3833313,8.5464705,479.574
47.3833332,8.5464703,479.604
47.3833332,8.5464703,479.604
47.3833357,8.546469,479.611
47.3833357,8.546469,479.611
47.3833366,8.5464688,479.699
47.3833366,8.5464688,479.699
47.3833371,8.5464703,479.759
47.3833371,8.5464703,479.759
47.3833378,8.5464726,479.949
47.3833378,8.5464726,479.949
47.383339,8.5464743,480.165
47.383339,8.5464743,480.165
47.383339,8.5464743,480.165
47.3833413,8.546474,479.969
47.3833413,8.546474,479.969
47.3833433,8.5464734,479.874
47.3833433,8.5464734,479.874
47.3833446,8.5464724,479.668
47.3833446,8.5464724,479.668
47.3833453,8.5464725,479.543
47.383347,8.5464726,479.545
47.383347,8.5464726,479.545
47.383347,8.5464726,479.545
47.3833493,8.5464714,479.329
47.3833493,8.5464714,479.329
47.3833509,8.5464714,479.322
47.3833509,8.5464714,479.322
47.3833529,8.546471,479.139
47.3833542,8.5464713,479.55
47.3833542,8.5464713,479.55
47.3833542,8.5464713,479.55
47.3833567,8.5464703,479.515
47.3833567,8.5464703,479.515
47.383358,8.5464706,479.735
47.3833599,8.5464702,479.885
47.3833599,8.5464702,479.885
47.3833612,8.5464701,480.026
47.3833612,8.5464701,480.026
47.383363,8.546469,479.98
47.383363,8.546469,479.98
47.383365,8.5464681,479.921
47.383365,8.5464681,479.921
47.3833664,8.5464686,480.005
47.3833664,8.5464686,480.005
47.383367,8.5464686,480.099
47.383367,8.5464686,480.099
47.3833685,8.5464706,480.265
47.3833685,8.5464706,480.265
47.3833685,8.5464717,480.357
47.3833685,8.5464717,480.357
47.3833691,8.5464711,480.426
47.3833691,8.5464711,480.426
47.3833701,8.5464705,480.489
47.3833701,8.5464705,480.489
47.3833717,8.5464686,480.384
47.3833717,8.5464686,480.384
47.3833717,8.5464686,480.384
47.3833736,8.5464665,480.18
47.3833736,8.5464665,480.18
47.3833752,8.5464652,480.112
47.3833758,8.5464643,480.196
47.3833758,8.5464643,480.196
47.3833769,8.546464,480.357
47.3833769,8.546464,480.357
47.3833779,8.5464639,480.572
47.3833779,8.5464639,480.572
47.3833779,8.5464639,480.572
47.3833803,8.5464631,480.463
47.3833803,8.5464631,480.463
47.3833813,8.5464629,480.571
47.3833825,8.5464625,480.709
47.3833825,8.5464625,480.709
47.3833841,8.5464622,480.713
47.3833841,8.5464622,480.713
47.3833854,8.5464619,480.666
47.3833854,8.5464619,480.666
47.3833854,8.5464619,480.666
47.3833871,8.5464617,480.626
47.3833871,8.5464617,480.626
47.3833891,8.5464616,480.446
47.3833908,8.5464609,480.343
47.3833908,8.5464609,480.343
47.3833927,8.5464599,480.273
47.3833927,8.5464599,480.273
47.3833927,8.5464599,480.273
47.3833943,8.5464588,479.98
47.3833943,8.5464588,479.98
47.3833957,8.5464585,479.89
47.3833957,8.5464585,479.89
47.3833969,8.5464581,479.931
47.3833969,8.5464581,479.931
47.3833978,8.546457,479.989
47.3833991,8.5464557,479.898
47.3833991,8.5464557,479.898
47.3834007,8.5464542,479.766
47.3834007,8.5464542,479.766
47.3834035,8.546453,479.332
47.3834035,8.546453,479.332
47.3834054,8.5464514,479.432
47.3834054,8.5464514,479.432
47.3834077,8.5464496,479.233
47.3834077,8.5464496,479.233
47.38341,8.5464487,479.001
47.38341,8.5464487,479.001
47.3834115,8.5464476,478.937
47.3834115,8.5464476,478.937
47.3834129,8.5464467,478.872
47.3834129,8.5464467,478.872
47.3834142,8.5464467,478.822
47.3834142,8.5464467,478.822
47.3834162,8.546447,478.518
47.3834162,8.546447,478.518
47.3834162,8.546447,478.518
47.383418,8.5464466,478.39
47.3834199,8.5464461,478.12
47.3834199,8.5464461,478.12
47.383421,8.5464447,478.227
47.383421,8.5464447,478.227
47.383421,8.5464447,478.227
47.3834223,8.5464424,478.229
47.3834234,8.5464398,478.2
47.3834234,8.5464398,478.2
47.3834244,8.5464382,478.092
47.3834244,8.5464382,478.092
47.383426,8.5464371,477.981
47.383426,8.5464371,477.981
47.383428,8.5464357,477.657
47.383428,8.5464357,477.657
47.3834287,8.546435,477.793
47.3834287,8.546435,477.793
47.3834283,8.5464344,478.009
47.3834283,8.5464344,478.009
47.3834286,8.5464348,478.187
47.3834286,8.5464348,478.187
47.3834295,8.5464353,478.211
47.3834295,8.5464353,478.211
47.3834309,8.5464359,478.322
47.3834309,8.5464359,478.322
47.3834335,8.5464367,478.158
47.3834335,8.5464367,478.158
47.3834355,8.5464366,478.13
47.3834355,8.5464366,478.13
47.3834355,8.5464366,478.13
47.383437,8.546436,478.276
47.383437,8.546436,478.276
47.3834381,8.5464356,478.408
47.3834391,8.5464351,478.471
47.3834391,8.5464351,478.471
47.3834401,8.5464346,478.634
47.3834401,8.5464346,478.634
47.3834421,8.5464345,478.562
47.3834421,8.5464345,478.562
47.3834421,8.5464345,478.562
47.3834443,8.546434,478.555
47.3834443,8.546434,478.555
47.3834453,8.546433,478.764
47.3834471,8.5464324,478.737
47.3834471,8.5464324,478.737
47.3834489,8.5464318,478.782
47.3834489,8.5464318,478.782
47.3834504,8.5464308,478.872
47.3834504,8.5464308,478.872
47.3834524,8.5464301,478.913
47.3834524,8.5464301,478.913
47.3834551,8.5464296,478.773
47.3834551,8.5464296,478.773
47.3834578,8.5464288,478.567
47.3834578,8.5464288,478.567
47.3834601,8.5464278,478.503
47.3834601,8.5464278,478.503
47.3834623,8.546427,478.429
47.3834623,8.546427,478.429
47.3834641,8.5464262,478.421
47.3834641,8.5464262,478.421
47.3834659,8.5464254,478.307
47.3834659,8.5464254,478.307
47.3834659,8.5464254,478.307
47.3834673,8.5464246,478.33
47.3834673,8.5464246,478.33
47.383469,8.5464235,478.204
47.3834697,8.5464219,478.148
47.3834697,8.5464219,478.148
47.3834702,8.54642,478.133
47.3834702,8.54642,478.133
47.38347,8.5464173,478.361
47.38347,8.5464173,478.361
47.3834704,8.5464155,478.367
47.3834704,8.5464155,478.367
47.3834707,8.5464135,478.48
47.3834707,8.5464135,478.48
47.3834709,8.5464117,478.426
47.3834709,8.5464117,478.426
47.3834711,8.5464102,478.368
47.3834711,8.5464102,478.368
47.3834712,8.5464083,478.229
47.3834712,8.5464083,478.229
47.3834715,8.546407,478.051
47.3834715,8.546407,478.051
47.3834721,8.5464056,477.947
47.3834721,8.5464056,477.947
47.3834732,8.5464045,477.68
47.3834732,8.5464045,477.68
47.3834741,8.5464026,477.582
47.3834741,8.5464026,477.582
47.3834754,8.5464004,477.554
47.3834754,8.5464004,477.554
47.3834767,8.5463982,477.412
47.3834767,8.5463982,477.412
47.3834767,8.5463982,477.412
47.3834779,8.5463963,477.202
47.3834792,8.5463947,477.064
47.3834792,8.5463947,477.064
47.383481,8.5463928,476.836
47.383481,8.5463928,476.836
47.3834833,8.5463906,476.478
47.3834833,8.5463906,476.478
47.3834857,8.5463885,476.193
47.3834857,8.5463885,476.193
47.3834857,8.5463885,476.193
47.383487,8.5463863,475.991
47.3834887,8.5463843,475.853
47.3834887,8.5463843,475.853
47.3834909,8.5463824,475.777
47.3834909,8.5463824,475.777
47.3834926,8.5463805,475.371
47.3834926,8.5463805,475.371
47.3834926,8.5463805,475.371
47.383494,8.5463785,475.458
47.383494,8.5463785,475.458
47.3834957,8.5463769,475.816
47.3834957,8.5463769,475.816
47.3834973,8.5463756,475.708
47.3834973,8.5463756,475.708
47.3835001,8.5463747,475.692
47.3835001,8.5463747,475.692
47.383502,8.5463733,475.604
47.383502,8.5463733,475.604
47.3835035,8.5463718,475.552
47.3835035,8.5463718,475.552
47.3835049,8.5463698,475.677
47.3835049,8.5463698,475.677
47.3835076,8.5463683,475.864
47.3835076,8.5463683,475.864
47.3835098,8.5463673,475.83
47.3835098,8.5463673,475.83
47.383511,8.5463659,475.856
47.383511,8.5463659,475.856
47.383512,8.5463653,475.808
47.383512,8.5463653,475.808
47.3835128,8.5463647,475.708
47.383514,8.5463638,475.517
47.383514,8.5463638,475.517
47.3835152,8.5463631,475.402
47.3835152,8.5463631,475.402
47.3835152,8.5463631,475.402
47.3835166,8.5463625,475.376
47.3835166,8.5463625,475.376
47.3835173,8.5463616,475.337
47.3835181,8.5463612,475.329
47.3835181,8.5463612,475.329
47.38352,8.5463613,475.241
47.38352,8.5463613,475.241
47.38352,8.5463613,475.241
47.3835218,8.5463607,475.474
47.3835237,8.54636,475.633
47.3835237,8.54636,475.633
47.3835261,8.5463591,475.548
47.3835261,8.5463591,475.548
47.3835288,8.5463585,475.465
47.3835288,8.5463585,475.465
47.3835308,8.5463576,475.393
47.3835308,8.5463576,475.393
47.3835308,8.5463576,475.393
47.3835335,8.546357,475.212
47.3835335,8.546357,475.212
47.3835359,8.5463563,475.074
47.3835359,8.5463563,475.074
47.3835392,8.546357,474.508
47.3835392,8.546357,474.508
47.3835417,8.5463568,474.263
47.3835443,8.5463566,473.948
47.3835443,8.5463566,473.948
47.3835462,8.5463555,473.996
47.3835462,8.5463555,473.996
47.3835485,8.5463547,473.806
47.3835485,8.5463547,473.806
47.3835507,8.5463541,473.659
47.3835507,8.5463541,473.659
47.3835526,8.5463531,473.453
47.3835526,8.5463531,473.453
47.3835548,8.5463522,473.189
47.3835548,8.5463522,473.189
47.383556,8.5463507,473.12
47.383556,8.5463507,473.12
47.3835575,8.5463497,473.052
47.3835575,8.5463497,473.052
47.38356,8.5463497,472.814
47.38356,8.5463497,472.814
47.3835609,8.5463495,472.736
47.3835609,8.5463495,472.736
47.3835622,8.5463497,472.648
47.3835622,8.5463497,472.648
47.3835637,8.5463495,472.842
47.3835637,8.5463495,472.842
47.3835658,8.54635,472.79
47.3835658,8.54635,472.79
47.3835671,8.5463499,472.896
47.3835671,8.5463499,472.896
47.3835671,8.5463499,472.896
47.3835685,8.5463496,472.947
47.3835704,8.5463493,473.076
47.3835704,8.5463493,473.076
47.3835724,8.546349,473.073
47.3835724,8.546349,473.073
47.3835744,8.5463489,472.95
47.3835744,8.5463489,472.95
47.3835765,8.5463492,472.892
47.3835765,8.5463492,472.892
47.3835765,8.5463492,472.892
47.3835783,8.5463492,473.022
47.3835798,8.5463488,473.171
47.3835798,8.5463488,473.171
47.3835821,8.5463492,473.136
47.3835821,8.5463492,473.136
47.3835839,8.5463494,473.221
47.3835839,8.5463494,473.221
47.3835854,8.5463495,473.415
47.3835854,8.5463495,473.415
47.3835868,8.5463496,473.553
47.3835868,8.5463496,473.553
47.3835881,8.5463494,473.724
47.3835881,8.5463494,473.724
47.3835881,8.5463494,473.724
47.3835895,8.5463488,473.973
47.383591,8.5463478,474.234
47.383591,8.5463478,474.234
47.383591,8.5463478,474.234
47.3835928,8.5463468,474.324
47.3835949,8.546346,474.3
47.3835949,8.546346,474.3
47.3835969,8.5463449,474.419
47.3835969,8.5463449,474.419
47.3835986,8.5463439,474.446
47.3835986,8.5463439,474.446
47.3836006,8.546343,474.688
47.3836006,8.546343,474.688
47.3836028,8.5463421,474.561
47.3836028,8.5463421,474.561
47.3836052,8.5463405,474.757
47.3836052,8.5463405,474.757
47.3836073,8.5463396,474.759
47.3836073,8.5463396,474.759
47.3836073,8.5463396,474.759
47.3836086,8.5463383,474.859
47.3836104,8.5463369,475.051
47.3836104,8.5463369,475.051
47.3836123,8.5463357,475.358
47.3836123,8.5463357,475.358
47.3836138,8.5463348,475.479
47.3836138,8.5463348,475.479
47.383615,8.5463332,475.507
47.383615,8.5463332,475.507
47.3836164,8.5463315,475.691
47.3836164,8.5463315,475.691
47.3836182,8.54633,475.775
47.3836182,8.54633,475.775
47.3836182,8.54633,475.775
47.3836198,8.5463283,475.998
47.3836198,8.5463283,475.998
47.3836211,8.5463268,476.162
47.3836227,8.5463252,476.442
47.3836227,8.5463252,476.442
47.3836227,8.5463252,476.442
47.3836242,8.546324,476.407
47.3836242,8.546324,476.407
47.3836254,8.5463225,476.626
47.3836254,8.5463225,476.626
47.3836264,8.546321,476.829
47.3836264,8.546321,476.829
47.3836277,8.5463201,477.085
47.3836277,8.5463201,477.085
47.3836291,8.5463192,477.395
47.3836291,8.5463192,477.395
47.3836307,8.5463185,477.485
47.3836307,8.5463185,477.485
47.3836321,8.5463176,477.704
47.3836321,8.5463176,477.704
47.3836321,8.5463156,478.049
47.3836321,8.5463156,478.049
47.3836334,8.5463143,477.912
47.3836334,8.5463143,477.912
47.3836344,8.5463127,478.094
47.3836344,8.5463127,478.094
47.3836356,8.5463115,478.27
47.3836368,8.5463104,478.274
47.3836368,8.5463104,478.274
47.3836368,8.5463104,478.274
47.3836381,8.5463091,478.336
47.3836381,8.5463091,478.336
47.3836397,8.5463077,478.456
47.3836416,8.5463063,478.543
47.3836416,8.5463063,478.543
47.3836433,8.5463048,478.668
47.3836433,8.5463048,478.668
47.3836445,8.5463031,478.634
47.3836445,8.5463031,478.634
47.3836459,8.5463016,478.683
47.3836459,8.5463016,478.683
47.3836459,8.5463016,478.683
47.3836477,8.5463003,478.648
47.3836477,8.5463003,478.648
47.3836497,8.5462987,478.747
47.3836497,8.5462987,478.747
47.3836517,8.5462964,479.111
47.3836517,8.5462964,479.111
47.3836535,8.5462947,479.322
47.3836535,8.5462947,479.322
47.3836548,8.5462939,479.449
47.3836548,8.5462939,479.449
47.3836556,8.5462928,479.574
47.3836556,8.5462928,479.574
47.3836571,8.5462916,479.721
47.3836571,8.5462916,479.721
47.3836587,8.5462906,479.816
47.3836587,8.5462906,479.816
47.3836604,8.5462897,479.764
47.383662,8.5462882,480.071
47.383662,8.5462882,480.071
47.3836637,8.546287,480.173
47.3836637,8.546287,480.173
47.3836651,8.5462857,480.363
47.3836651,8.5462857,480.363
47.3836665,8.5462845,480.608
47.3836665,8.5462845,480.608
47.3836683,8.5462831,480.912
47.3836683,8.5462831,480.912
47.3836701,8.5462814,481.061
47.3836701,8.5462814,481.061
47.383672,8.5462804,480.95
47.383672,8.5462804,480.95
47.3836739,8.5462794,480.954
47.3836739,8.5462794,480.954
47.3836754,8.5462779,481.086
47.3836754,8.5462779,481.086
47.3836769,8.5462762,480.823
47.3836769,8.5462762,480.823
47.3836787,8.5462741,480.814
47.3836787,8.5462741,480.814
47.3836805,8.5462721,480.869
47.3836805,8.5462721,480.869
47.3836805,8.5462721,480.869
47.3836825,8.5462705,480.808
47.3836825,8.5462705,480.808
47.3836843,8.5462687,480.814
47.3836843,8.5462687,480.814
47.3836859,8.5462664,480.851
47.3836859,8.5462664,480.851
47.3836877,8.546265,480.803
47.3836877,8.546265,480.803
47.3836892,8.5462641,480.608
47.3836907,8.5462635,480.4
47.3836907,8.5462635,480.4
47.3836907,8.5462635,480.4
47.3836919,8.5462629,480.118
47.3836919,8.5462629,480.118
47.3836935,8.5462621,480.344
47.3836935,8.5462621,480.344
47.3836952,8.5462607,480.697
47.3836952,8.5462607,480.697
47.3836964,8.5462599,480.494
47.3836974,8.5462586,480.673
47.3836974,8.5462586,480.673
47.3836978,8.5462575,480.69
47.3836978,8.5462575,480.69
47.383699,8.5462561,480.792
47.383699,8.5462561,480.792
47.3837,8.5462548,480.871
47.3837,8.5462548,480.871
47.383701,8.5462541,480.73
47.383701,8.5462541,480.73
47.3837018,8.546253,480.853
47.3837018,8.546253,480.853
47.3837029,8.546252,480.865
47.3837029,8.546252,480.865
47.383704,8.5462506,480.926
47.383704,8.5462506,480.926
47.3837053,8.5462492,481.023
47.3837053,8.5462492,481.023
47.3837067,8.546248,481.092
47.3837067,8.546248,481.092
47.3837081,8.5462471,481.131
47.3837081,8.5462471,481.131
47.3837081,8.5462471,481.131
47.3837094,8.5462459,481.434
47.3837094,8.5462459,481.434
47.3837115,8.5462444,481.657
47.3837115,8.5462444,481.657
47.3837137,8.5462431,482.013
47.3837137,8.5462431,482.013
47.3837154,8.5462421,482.343
47.3837169,8.5462417,482.47
47.3837169,8.5462417,482.47
47.3837182,8.5462413,482.777
47.3837182,8.5462413,482.777
47.3837182,8.5462413,482.777
47.3837193,8.5462408,482.859
47.3837193,8.5462408,482.859
47.3837245,8.5462381,483.119
47.3837245,8.5462381,483.119
47.3837245,8.5462381,483.119
47.3837259,8.5462373,483.077
47.3837259,8.5462373,483.077
47.3837265,8.5462361,483.162
47.3837273,8.5462354,483.05
47.3837273,8.5462354,483.05
47.3837283,8.5462342,483.147
47.3837283,8.5462342,483.147
47.3837283,8.5462342,483.147
47.3837294,8.5462329,483.155
47.3837294,8.5462329,483.155
47.3837309,8.5462314,483.42
47.3837309,8.5462314,483.42
47.3837322,8.5462295,483.371
47.3837322,8.5462295,483.371
47.383733,8.5462283,483.07
47.383733,8.5462283,483.07
47.3837332,8.5462261,483.324
47.3837332,8.5462261,483.324
47.3837339,8.5462235,483.21
47.3837339,8.5462235,483.21
47.3837346,8.5462215,482.901
47.3837346,8.5462215,482.901
47.3837351,8.5462193,483.033
47.3837351,8.5462193,483.033
47.3837355,8.5462174,482.872
47.3837355,8.5462174,482.872
47.3837357,8.5462158,482.705
47.3837357,8.5462158,482.705
47.3837364,8.5462137,482.78
47.3837364,8.5462137,482.78
47.3837366,8.5462116,482.515
47.3837366,8.5462116,482.515
47.383737,8.5462092,482.563
47.383737,8.5462092,482.563
47.3837376,8.5462062,482.435
47.3837376,8.5462062,482.435
47.3837376,8.5462042,482.599
47.3837376,8.5462042,482.599
47.3837383,8.5462032,482.513
47.3837383,8.5462032,482.513
47.3837391,8.5462022,482.362
47.3837391,8.5462022,482.362
47.3837396,8.5462018,482.186
47.3837396,8.5462018,482.186
47.3837407,8.5461998,482.245
47.3837407,8.5461998,482.245
47.3837418,8.5461969,482.211
47.3837418,8.5461969,482.211
47.3837428,8.546195,482.167
47.3837428,8.546195,482.167
47.383744,8.5461924,482.215
47.383744,8.5461924,482.215
47.3837456,8.5461897,482.29
47.3837456,8.5461897,482.29
47.3837472,8.5461872,481.937
47.3837472,8.5461872,481.937
47.3837487,8.5461842,481.801
47.3837509,8.5461806,481.747
47.3837509,8.5461806,481.747
47.3837509,8.5461806,481.747
47.3837522,8.5461795,481.953
47.3837522,8.5461795,481.953
47.3837537,8.5461776,481.808
47.3837537,8.5461776,481.808
47.3837551,8.5461756,482.005
47.3837551,8.5461756,482.005
47.3837567,8.5461737,482.116
47.3837567,8.5461737,482.116
47.3837592,8.5461705,481.855
47.3837592,8.5461705,481.855
47.3837614,8.5461684,481.679
47.3837614,8.5461684,481.679
47.3837632,8.5461666,481.366
47.3837632,8.5461666,481.366
47.3837642,8.5461643,480.921
47.3837642,8.5461643,480.921
47.3837661,8.5461631,480.86
47.3837661,8.5461631,480.86
47.3837686,8.5461611,480.742
47.3837686,8.5461611,480.742
47.3837714,8.54616,480.964
47.3837714,8.54616,480.964
47.3837735,8.546159,481.216
47.3837735,8.546159,481.216
47.3837758,8.5461587,481.216
47.3837758,8.5461587,481.216
47.3837769,8.5461579,481.217
47.3837769,8.5461579,481.217
47.3837786,8.5461577,480.994
47.3837786,8.5461577,480.994
47.3837802,8.5461575,480.981
47.3837802,8.5461575,480.981
47.3837816,8.5461571,480.745
47.3837823,8.5461571,480.719
47.3837823,8.5461571,480.719
47.3837822,8.5461559,481.055
47.3837822,8.5461559,481.055
47.3837822,8.5461559,481.055
47.3837835,8.5461556,481.033
47.3837835,8.5461556,481.033
47.3837849,8.5461557,480.915
47.3837849,8.5461557,480.915
47.3837859,8.5461551,480.914
47.3837876,8.5461548,480.784
47.3837876,8.5461548,480.784
47.3837895,8.5461554,480.567
